name,taxonomy_id,taxonomy_lvl,KH_blank_1_dedup_minimizer_filtered.bracken_num,KH_blank_1_dedup_minimizer_filtered.bracken_frac,KH_blank_2_dedup_minimizer_filtered.bracken_num,KH_blank_2_dedup_minimizer_filtered.bracken_frac,LB_blank_1_dedup_minimizer_filtered.bracken_num,LB_blank_1_dedup_minimizer_filtered.bracken_frac,LB_blank_2_dedup_minimizer_filtered.bracken_num,LB_blank_2_dedup_minimizer_filtered.bracken_frac,MS10790_dedup_minimizer_filtered.bracken_num,MS10790_dedup_minimizer_filtered.bracken_frac,MS10902_dedup_minimizer_filtered.bracken_num,MS10902_dedup_minimizer_filtered.bracken_frac,MS10903_dedup_minimizer_filtered.bracken_num,MS10903_dedup_minimizer_filtered.bracken_frac,MS10904_dedup_minimizer_filtered.bracken_num,MS10904_dedup_minimizer_filtered.bracken_frac,MS11102_dedup_minimizer_filtered.bracken_num,MS11102_dedup_minimizer_filtered.bracken_frac,MS11103_dedup_minimizer_filtered.bracken_num,MS11103_dedup_minimizer_filtered.bracken_frac,MS11107_dedup_minimizer_filtered.bracken_num,MS11107_dedup_minimizer_filtered.bracken_frac,MS11108_dedup_minimizer_filtered.bracken_num,MS11108_dedup_minimizer_filtered.bracken_frac,WH_blank_1_dedup_minimizer_filtered.bracken_num,WH_blank_1_dedup_minimizer_filtered.bracken_frac,WH_blank_2_dedup_minimizer_filtered.bracken_num,WH_blank_2_dedup_minimizer_filtered.bracken_frac
Mesorhizobium terrae,2725666,S,429,0.22309,354,0.21758,401,0.01987,798,0.01697,0,0.00000,148,0.00233,216,0.00232,1696,0.02030,113,0.00008,0,0.00000,226,0.00034,209,0.00019,102,0.15573,0,0.00000
Acidovorax sp. KKS102,358220,S,388,0.20177,361,0.22188,240,0.01189,493,0.01049,0,0.00000,0,0.00000,0,0.00000,686,0.00821,0,0.00000,0,0.00000,0,0.00000,168,0.00016,0,0.00000,0,0.00000
Staphylococcus hominis,1290,S,208,0.10816,0,0.00000,0,0.00000,0,0.00000,0,0.00000,0,0.00000,1870,0.02013,1112,0.01331,0,0.00000,0,0.00000,0,0.00000,0,0.00000,0,0.00000,0,0.00000
Flavobacterium sp. CECT 9288,2845819,S,139,0.07228,142,0.08728,0,0.00000,0,0.00000,0,0.00000,0,0.00000,0,0.00000,0,0.00000,0,0.00000,0,0.00000,0,0.00000,0,0.00000,0,0.00000,0,0.00000
Staphylococcus epidermidis,1282,S,120,0.06240,0,0.00000,0,0.00000,45,0.00096,0,0.00000,0,0.00000,0,0.00000,547,0.00655,0,0.00000,0,0.00000,0,0.00000,242,0.00023,0,0.00000,0,0.00000
Mesorhizobium sp. PAMC28654,2880934,S,113,0.05876,102,0.06269,0,0.00000,0,0.00000,0,0.00000,0,0.00000,0,0.00000,0,0.00000,0,0.00000,0,0.00000,87,0.00013,54,0.00005,0,0.00000,0,0.00000
Flavobacterium ammonificans,1751056,S,109,0.05668,140,0.08605,95,0.00471,180,0.00383,0,0.00000,76,0.00120,0,0.00000,415,0.00497,0,0.00000,0,0.00000,0,0.00000,0,0.00000,0,0.00000,0,0.00000
Curvibacter sp. AEP1-3,1844971,S,90,0.04680,100,0.06146,0,0.00000,0,0.00000,0,0.00000,0,0.00000,0,0.00000,115,0.00138,0,0.00000,0,0.00000,0,0.00000,20,0.00002,0,0.00000,0,0.00000
Dyella caseinilytica,1849581,S,80,0.04160,0,0.00000,0,0.00000,0,0.00000,0,0.00000,0,0.00000,0,0.00000,0,0.00000,0,0.00000,0,0.00000,0,0.00000,30,0.00003,0,0.00000,0,0.00000
Cutibacterium acnes,1747,S,76,0.03952,234,0.14382,0,0.00000,1722,0.03663,0,0.00000,0,0.00000,0,0.00000,748,0.00895,288,0.00021,263,0.00034,1438,0.00219,1066,0.00099,0,0.00000,0,0.00000
Mesorhizobium sp. Pch-S,2082387,S,55,0.02860,97,0.05962,225,0.01115,529,0.01125,0,0.00000,60,0.00095,100,0.00108,670,0.00802,123,0.00009,0,0.00000,97,0.00015,75,0.00007,0,0.00000,0,0.00000
Flavobacterium sp. CHNK8,2871165,S,42,0.02184,45,0.02766,0,0.00000,0,0.00000,0,0.00000,0,0.00000,0,0.00000,0,0.00000,0,0.00000,0,0.00000,0,0.00000,0,0.00000,0,0.00000,0,0.00000
Gordonia polyisoprenivorans,84595,S,40,0.02080,52,0.03196,0,0.00000,0,0.00000,0,0.00000,0,0.00000,0,0.00000,0,0.00000,118,0.00008,73,0.00009,120,0.00018,86,0.00008,0,0.00000,0,0.00000
Staphylococcus pettenkoferi,170573,S,34,0.01768,0,0.00000,0,0.00000,0,0.00000,0,0.00000,0,0.00000,0,0.00000,0,0.00000,0,0.00000,0,0.00000,0,0.00000,0,0.00000,0,0.00000,0,0.00000
Burkholderia vietnamiensis,60552,S,0,0.00000,0,0.00000,2872,0.14231,5965,0.12689,0,0.00000,0,0.00000,0,0.00000,0,0.00000,0,0.00000,0,0.00000,0,0.00000,0,0.00000,0,0.00000,0,0.00000
Paraburkholderia aromaticivorans,2026199,S,0,0.00000,0,0.00000,2792,0.13834,5919,0.12591,0,0.00000,0,0.00000,0,0.00000,0,0.00000,0,0.00000,0,0.00000,165,0.00025,0,0.00000,553,0.84427,416,0.33548
Burkholderia cenocepacia,95486,S,0,0.00000,0,0.00000,1613,0.07992,2706,0.05756,0,0.00000,0,0.00000,0,0.00000,0,0.00000,0,0.00000,0,0.00000,0,0.00000,0,0.00000,0,0.00000,0,0.00000
Burkholderia ubonensis,101571,S,0,0.00000,0,0.00000,1581,0.07834,3212,0.06832,0,0.00000,0,0.00000,0,0.00000,0,0.00000,0,0.00000,0,0.00000,253,0.00039,69,0.00006,0,0.00000,549,0.44274
Pseudomonas aeruginosa,287,S,0,0.00000,0,0.00000,1464,0.07254,2343,0.04984,0,0.00000,0,0.00000,0,0.00000,3093,0.03702,2813,0.00202,0,0.00000,3005,0.00458,7585,0.00706,0,0.00000,0,0.00000
Burkholderia contaminans,488447,S,0,0.00000,0,0.00000,1074,0.05322,1988,0.04229,0,0.00000,0,0.00000,0,0.00000,0,0.00000,0,0.00000,0,0.00000,455,0.00069,0,0.00000,0,0.00000,0,0.00000
Pandoraea pnomenusa,93220,S,0,0.00000,0,0.00000,784,0.03885,1474,0.03135,0,0.00000,0,0.00000,0,0.00000,0,0.00000,0,0.00000,0,0.00000,584,0.00089,0,0.00000,0,0.00000,0,0.00000
Burkholderia pseudomallei,28450,S,0,0.00000,0,0.00000,688,0.03409,1377,0.02929,0,0.00000,0,0.00000,0,0.00000,0,0.00000,0,0.00000,0,0.00000,288,0.00044,0,0.00000,0,0.00000,0,0.00000
Methylorubrum extorquens,408,S,0,0.00000,0,0.00000,600,0.02973,1195,0.02542,0,0.00000,0,0.00000,0,0.00000,0,0.00000,131,0.00009,82,0.00010,222,0.00034,120,0.00011,0,0.00000,0,0.00000
Burkholderia territorii,1503055,S,0,0.00000,0,0.00000,582,0.02884,1437,0.03057,0,0.00000,0,0.00000,0,0.00000,0,0.00000,0,0.00000,0,0.00000,0,0.00000,0,0.00000,0,0.00000,0,0.00000
Burkholderia ambifaria,152480,S,0,0.00000,0,0.00000,523,0.02591,738,0.01570,0,0.00000,0,0.00000,0,0.00000,0,0.00000,0,0.00000,0,0.00000,0,0.00000,0,0.00000,0,0.00000,0,0.00000
Burkholderia stagnalis,1503054,S,0,0.00000,0,0.00000,469,0.02324,931,0.01980,0,0.00000,0,0.00000,0,0.00000,0,0.00000,0,0.00000,0,0.00000,0,0.00000,0,0.00000,0,0.00000,0,0.00000
Burkholderia multivorans,87883,S,0,0.00000,0,0.00000,444,0.02200,1021,0.02172,0,0.00000,0,0.00000,0,0.00000,0,0.00000,147,0.00011,0,0.00000,192,0.00029,111,0.00010,0,0.00000,275,0.22177
Paraburkholderia fungorum,134537,S,0,0.00000,0,0.00000,368,0.01823,803,0.01708,0,0.00000,0,0.00000,0,0.00000,207,0.00248,313,0.00022,0,0.00000,270,0.00041,142,0.00013,0,0.00000,0,0.00000
Burkholderia pyrrocinia,60550,S,0,0.00000,0,0.00000,358,0.01774,867,0.01844,0,0.00000,0,0.00000,0,0.00000,0,0.00000,0,0.00000,0,0.00000,190,0.00029,0,0.00000,0,0.00000,0,0.00000
Burkholderia cepacia,292,S,0,0.00000,0,0.00000,338,0.01675,718,0.01527,0,0.00000,0,0.00000,0,0.00000,0,0.00000,193,0.00014,0,0.00000,227,0.00035,0,0.00000,0,0.00000,0,0.00000
Burkholderia anthina,179879,S,0,0.00000,0,0.00000,289,0.01432,818,0.01740,0,0.00000,0,0.00000,0,0.00000,0,0.00000,0,0.00000,0,0.00000,0,0.00000,0,0.00000,0,0.00000,0,0.00000
Burkholderia stabilis,95485,S,0,0.00000,0,0.00000,262,0.01298,495,0.01053,0,0.00000,0,0.00000,0,0.00000,0,0.00000,0,0.00000,0,0.00000,0,0.00000,163,0.00015,0,0.00000,0,0.00000
Methylobacterium sp. FF17,2984843,S,0,0.00000,0,0.00000,211,0.01045,61,0.00130,0,0.00000,0,0.00000,0,0.00000,0,0.00000,0,0.00000,0,0.00000,147,0.00022,38,0.00004,0,0.00000,0,0.00000
Burkholderia pseudomultivorans,1207504,S,0,0.00000,0,0.00000,188,0.00932,285,0.00606,0,0.00000,0,0.00000,0,0.00000,0,0.00000,0,0.00000,0,0.00000,0,0.00000,0,0.00000,0,0.00000,0,0.00000
Burkholderia dolosa,152500,S,0,0.00000,0,0.00000,167,0.00827,330,0.00702,0,0.00000,0,0.00000,0,0.00000,0,0.00000,0,0.00000,0,0.00000,0,0.00000,0,0.00000,0,0.00000,0,0.00000
Cupriavidus metallidurans,119219,S,0,0.00000,0,0.00000,148,0.00733,331,0.00704,0,0.00000,0,0.00000,0,0.00000,0,0.00000,0,0.00000,0,0.00000,785,0.00120,0,0.00000,0,0.00000,0,0.00000
Burkholderia lata,482957,S,0,0.00000,0,0.00000,128,0.00634,248,0.00528,0,0.00000,0,0.00000,0,0.00000,0,0.00000,0,0.00000,0,0.00000,0,0.00000,0,0.00000,0,0.00000,0,0.00000
Paraburkholderia phytofirmans,261302,S,0,0.00000,0,0.00000,124,0.00614,226,0.00481,0,0.00000,0,0.00000,0,0.00000,0,0.00000,0,0.00000,0,0.00000,0,0.00000,0,0.00000,0,0.00000,0,0.00000
Burkholderia sp. FERM BP-3421,1494466,S,0,0.00000,0,0.00000,123,0.00609,185,0.00394,0,0.00000,0,0.00000,0,0.00000,0,0.00000,0,0.00000,0,0.00000,0,0.00000,0,0.00000,0,0.00000,0,0.00000
Acidovorax sp. FHTAMBA,3140252,S,0,0.00000,0,0.00000,117,0.00580,115,0.00245,0,0.00000,0,0.00000,0,0.00000,336,0.00402,0,0.00000,0,0.00000,0,0.00000,95,0.00009,0,0.00000,0,0.00000
Burkholderia latens,488446,S,0,0.00000,0,0.00000,112,0.00555,261,0.00555,0,0.00000,0,0.00000,0,0.00000,0,0.00000,0,0.00000,0,0.00000,0,0.00000,0,0.00000,0,0.00000,0,0.00000
Burkholderia mayonis,1385591,S,0,0.00000,0,0.00000,103,0.00510,164,0.00349,0,0.00000,0,0.00000,0,0.00000,0,0.00000,0,0.00000,0,0.00000,87,0.00013,0,0.00000,0,0.00000,0,0.00000
Leptospira sp. severe_002,2838237,S,0,0.00000,0,0.00000,101,0.00500,115,0.00245,0,0.00000,0,0.00000,0,0.00000,0,0.00000,254,0.00018,0,0.00000,902,0.00137,98,0.00009,0,0.00000,0,0.00000
Burkholderia thailandensis,57975,S,0,0.00000,0,0.00000,91,0.00451,184,0.00391,0,0.00000,0,0.00000,0,0.00000,0,0.00000,0,0.00000,0,0.00000,111,0.00017,0,0.00000,0,0.00000,0,0.00000
Burkholderia diffusa,488732,S,0,0.00000,0,0.00000,84,0.00416,160,0.00340,0,0.00000,0,0.00000,0,0.00000,0,0.00000,0,0.00000,0,0.00000,0,0.00000,0,0.00000,0,0.00000,0,0.00000
Burkholderia gladioli,28095,S,0,0.00000,0,0.00000,76,0.00377,146,0.00311,0,0.00000,0,0.00000,0,0.00000,0,0.00000,77,0.00006,0,0.00000,188,0.00029,69,0.00006,0,0.00000,0,0.00000
Burkholderia arboris,488730,S,0,0.00000,0,0.00000,69,0.00342,166,0.00353,0,0.00000,0,0.00000,0,0.00000,0,0.00000,0,0.00000,0,0.00000,0,0.00000,0,0.00000,0,0.00000,0,0.00000
Burkholderia singularis,1503053,S,0,0.00000,0,0.00000,63,0.00312,57,0.00121,0,0.00000,0,0.00000,0,0.00000,0,0.00000,0,0.00000,0,0.00000,0,0.00000,0,0.00000,0,0.00000,0,0.00000
Massilia putida,1141883,S,0,0.00000,0,0.00000,56,0.00277,135,0.00287,191,0.00128,0,0.00000,0,0.00000,0,0.00000,0,0.00000,0,0.00000,95,0.00014,49,0.00005,0,0.00000,0,0.00000
Burkholderia glumae,337,S,0,0.00000,0,0.00000,47,0.00233,76,0.00162,0,0.00000,0,0.00000,0,0.00000,0,0.00000,0,0.00000,0,0.00000,0,0.00000,67,0.00006,0,0.00000,0,0.00000
Aquitalea denitrificans,519081,S,0,0.00000,0,0.00000,44,0.00218,74,0.00157,0,0.00000,0,0.00000,0,0.00000,0,0.00000,0,0.00000,0,0.00000,0,0.00000,0,0.00000,0,0.00000,0,0.00000
Trinickia violacea,2571746,S,0,0.00000,0,0.00000,39,0.00193,85,0.00181,0,0.00000,0,0.00000,0,0.00000,0,0.00000,0,0.00000,0,0.00000,78,0.00012,29,0.00003,0,0.00000,0,0.00000
Aquitalea aquatilis,1537400,S,0,0.00000,0,0.00000,29,0.00144,136,0.00289,0,0.00000,0,0.00000,0,0.00000,0,0.00000,0,0.00000,0,0.00000,0,0.00000,0,0.00000,0,0.00000,0,0.00000
Staphylococcus capitis,29388,S,0,0.00000,0,0.00000,0,0.00000,2069,0.04401,0,0.00000,0,0.00000,0,0.00000,0,0.00000,0,0.00000,0,0.00000,0,0.00000,0,0.00000,0,0.00000,0,0.00000
Methylobacterium fujisawaense,107400,S,0,0.00000,0,0.00000,0,0.00000,473,0.01006,0,0.00000,0,0.00000,0,0.00000,0,0.00000,0,0.00000,0,0.00000,0,0.00000,0,0.00000,0,0.00000,0,0.00000
Acidovorax temperans,80878,S,0,0.00000,0,0.00000,0,0.00000,433,0.00921,0,0.00000,547,0.00863,0,0.00000,2081,0.02491,0,0.00000,0,0.00000,0,0.00000,588,0.00055,0,0.00000,0,0.00000
Ralstonia pseudosolanacearum,1310165,S,0,0.00000,0,0.00000,0,0.00000,384,0.00817,0,0.00000,0,0.00000,0,0.00000,0,0.00000,0,0.00000,0,0.00000,0,0.00000,122,0.00011,0,0.00000,0,0.00000
Burkholderia sp. NRF60-BP8,1637853,S,0,0.00000,0,0.00000,0,0.00000,261,0.00555,0,0.00000,0,0.00000,0,0.00000,0,0.00000,0,0.00000,0,0.00000,0,0.00000,0,0.00000,0,0.00000,0,0.00000
Burkholderia sp. MS455,2811788,S,0,0.00000,0,0.00000,0,0.00000,261,0.00555,0,0.00000,0,0.00000,0,0.00000,0,0.00000,0,0.00000,0,0.00000,0,0.00000,0,0.00000,0,0.00000,0,0.00000
Burkholderia sp. MSMB0856,1637869,S,0,0.00000,0,0.00000,0,0.00000,215,0.00457,0,0.00000,0,0.00000,0,0.00000,0,0.00000,0,0.00000,0,0.00000,0,0.00000,0,0.00000,0,0.00000,0,0.00000
Bradyrhizobium betae,244734,S,0,0.00000,0,0.00000,0,0.00000,210,0.00447,0,0.00000,0,0.00000,0,0.00000,0,0.00000,0,0.00000,0,0.00000,460,0.00070,0,0.00000,0,0.00000,0,0.00000
Novosphingobium sp. EMRT-2,2571749,S,0,0.00000,0,0.00000,0,0.00000,172,0.00366,0,0.00000,0,0.00000,0,0.00000,0,0.00000,0,0.00000,0,0.00000,0,0.00000,0,0.00000,0,0.00000,0,0.00000
Burkholderia sp. LA-2-3-30-S1-D2,1637862,S,0,0.00000,0,0.00000,0,0.00000,154,0.00328,0,0.00000,0,0.00000,0,0.00000,0,0.00000,0,0.00000,0,0.00000,0,0.00000,0,0.00000,0,0.00000,0,0.00000
Burkholderia metallica,488729,S,0,0.00000,0,0.00000,0,0.00000,135,0.00287,0,0.00000,0,0.00000,0,0.00000,0,0.00000,0,0.00000,0,0.00000,0,0.00000,0,0.00000,0,0.00000,0,0.00000
Phocaeicola vulgatus,821,S,0,0.00000,0,0.00000,0,0.00000,119,0.00253,0,0.00000,0,0.00000,0,0.00000,0,0.00000,0,0.00000,0,0.00000,0,0.00000,0,0.00000,0,0.00000,0,0.00000
Burkholderia oklahomensis,342113,S,0,0.00000,0,0.00000,0,0.00000,76,0.00162,0,0.00000,0,0.00000,0,0.00000,0,0.00000,0,0.00000,0,0.00000,0,0.00000,0,0.00000,0,0.00000,0,0.00000
Cupriavidus necator,106590,S,0,0.00000,0,0.00000,0,0.00000,67,0.00143,0,0.00000,0,0.00000,0,0.00000,0,0.00000,0,0.00000,0,0.00000,168,0.00026,76,0.00007,0,0.00000,0,0.00000
Polynucleobacter sp. JS-JIR-II-b4,1758390,S,0,0.00000,0,0.00000,0,0.00000,64,0.00136,0,0.00000,0,0.00000,0,0.00000,128,0.00153,0,0.00000,0,0.00000,0,0.00000,0,0.00000,0,0.00000,0,0.00000
Caballeronia sp. Lep1P3,2878150,S,0,0.00000,0,0.00000,0,0.00000,59,0.00126,0,0.00000,0,0.00000,0,0.00000,0,0.00000,0,0.00000,0,0.00000,0,0.00000,0,0.00000,0,0.00000,0,0.00000
Methylorubrum populi,223967,S,0,0.00000,0,0.00000,0,0.00000,56,0.00119,0,0.00000,0,0.00000,0,0.00000,0,0.00000,0,0.00000,0,0.00000,251,0.00038,0,0.00000,0,0.00000,0,0.00000
Paraburkholderia tropica,92647,S,0,0.00000,0,0.00000,0,0.00000,53,0.00113,0,0.00000,0,0.00000,0,0.00000,0,0.00000,0,0.00000,0,0.00000,0,0.00000,0,0.00000,0,0.00000,0,0.00000
Clostridium perfringens,1502,S,0,0.00000,0,0.00000,0,0.00000,50,0.00106,0,0.00000,0,0.00000,0,0.00000,0,0.00000,0,0.00000,0,0.00000,0,0.00000,323,0.00030,0,0.00000,0,0.00000
Pandoraea vervacti,656178,S,0,0.00000,0,0.00000,0,0.00000,40,0.00085,0,0.00000,0,0.00000,0,0.00000,0,0.00000,0,0.00000,0,0.00000,0,0.00000,28,0.00003,0,0.00000,0,0.00000
Paraburkholderia pallida,2547399,S,0,0.00000,0,0.00000,0,0.00000,36,0.00077,0,0.00000,0,0.00000,0,0.00000,0,0.00000,0,0.00000,0,0.00000,60,0.00009,0,0.00000,0,0.00000,0,0.00000
Paraburkholderia kirstenboschensis,1245436,S,0,0.00000,0,0.00000,0,0.00000,33,0.00070,0,0.00000,0,0.00000,0,0.00000,0,0.00000,0,0.00000,0,0.00000,49,0.00007,0,0.00000,0,0.00000,0,0.00000
Aquirufa antheringensis,2516559,S,0,0.00000,0,0.00000,0,0.00000,31,0.00066,0,0.00000,32,0.00050,0,0.00000,119,0.00142,0,0.00000,0,0.00000,0,0.00000,0,0.00000,0,0.00000,0,0.00000
Paraburkholderia sp. SOS3,1926494,S,0,0.00000,0,0.00000,0,0.00000,30,0.00064,0,0.00000,0,0.00000,0,0.00000,0,0.00000,0,0.00000,0,0.00000,49,0.00007,0,0.00000,0,0.00000,0,0.00000
Paraburkholderia terricola,169427,S,0,0.00000,0,0.00000,0,0.00000,28,0.00060,0,0.00000,0,0.00000,0,0.00000,0,0.00000,0,0.00000,0,0.00000,107,0.00016,0,0.00000,0,0.00000,0,0.00000
Paraburkholderia acidiphila,2571747,S,0,0.00000,0,0.00000,0,0.00000,26,0.00055,0,0.00000,0,0.00000,0,0.00000,0,0.00000,0,0.00000,0,0.00000,0,0.00000,0,0.00000,0,0.00000,0,0.00000
Phreatobacter cathodiphilus,1868589,S,0,0.00000,0,0.00000,0,0.00000,26,0.00055,0,0.00000,0,0.00000,0,0.00000,0,0.00000,162,0.00012,108,0.00014,315,0.00048,62,0.00006,0,0.00000,0,0.00000
Paraburkholderia phymatum,148447,S,0,0.00000,0,0.00000,0,0.00000,25,0.00053,0,0.00000,0,0.00000,0,0.00000,0,0.00000,0,0.00000,0,0.00000,50,0.00008,0,0.00000,0,0.00000,0,0.00000
Paraburkholderia sabiae,273251,S,0,0.00000,0,0.00000,0,0.00000,25,0.00053,0,0.00000,0,0.00000,0,0.00000,0,0.00000,0,0.00000,0,0.00000,55,0.00008,0,0.00000,0,0.00000,0,0.00000
Edaphobacter flagellatus,1933044,S,0,0.00000,0,0.00000,0,0.00000,25,0.00053,0,0.00000,0,0.00000,0,0.00000,0,0.00000,0,0.00000,0,0.00000,0,0.00000,0,0.00000,0,0.00000,0,0.00000
Rubrobacter xylanophilus,49319,S,0,0.00000,0,0.00000,0,0.00000,23,0.00049,0,0.00000,0,0.00000,0,0.00000,0,0.00000,52,0.00004,32,0.00004,152,0.00023,115,0.00011,0,0.00000,0,0.00000
Paraburkholderia acidicola,1912599,S,0,0.00000,0,0.00000,0,0.00000,19,0.00040,0,0.00000,0,0.00000,0,0.00000,0,0.00000,0,0.00000,0,0.00000,0,0.00000,0,0.00000,0,0.00000,0,0.00000
Flavobacterium ammoniigenes,1751095,S,0,0.00000,0,0.00000,0,0.00000,19,0.00040,0,0.00000,59,0.00093,0,0.00000,276,0.00330,0,0.00000,0,0.00000,0,0.00000,0,0.00000,0,0.00000,0,0.00000
Peribacillus frigoritolerans,450367,S,0,0.00000,0,0.00000,0,0.00000,0,0.00000,28701,0.19208,282,0.00445,0,0.00000,0,0.00000,586,0.00042,806,0.00103,1922,0.00293,2646,0.00246,0,0.00000,0,0.00000
Streptosporangium roseum,2001,S,0,0.00000,0,0.00000,0,0.00000,0,0.00000,14048,0.09401,13099,0.20657,28713,0.30904,11783,0.14104,362752,0.25993,203697,0.25974,59744,0.09101,113048,0.10521,0,0.00000,0,0.00000
Peribacillus simplex,1478,S,0,0.00000,0,0.00000,0,0.00000,0,0.00000,9905,0.06629,470,0.00741,0,0.00000,0,0.00000,1012,0.00073,0,0.00000,45,0.00007,1062,0.00099,0,0.00000,0,0.00000
Pseudoxanthomonas mexicana,128785,S,0,0.00000,0,0.00000,0,0.00000,0,0.00000,9854,0.06595,0,0.00000,0,0.00000,0,0.00000,289,0.00021,0,0.00000,347,0.00053,286,0.00027,0,0.00000,0,0.00000
Streptosporangium sp. NBC_01756,2975950,S,0,0.00000,0,0.00000,0,0.00000,0,0.00000,8438,0.05647,8040,0.12679,18855,0.20294,7561,0.09050,225625,0.16167,134557,0.17158,38494,0.05864,76490,0.07118,0,0.00000,0,0.00000
Streptosporangium subroseum,106412,S,0,0.00000,0,0.00000,0,0.00000,0,0.00000,4221,0.02825,4133,0.06518,8691,0.09354,3450,0.04129,113945,0.08165,63552,0.08104,17861,0.02721,33229,0.03092,0,0.00000,0,0.00000
Neobacillus sp. YX16,3047874,S,0,0.00000,0,0.00000,0,0.00000,0,0.00000,3953,0.02645,568,0.00896,0,0.00000,0,0.00000,0,0.00000,0,0.00000,0,0.00000,0,0.00000,0,0.00000,0,0.00000
Streptosporangium sp. 'caverna',2202249,S,0,0.00000,0,0.00000,0,0.00000,0,0.00000,3245,0.02172,3596,0.05671,6244,0.06720,2688,0.03217,88857,0.06367,53380,0.06807,13025,0.01984,29241,0.02721,0,0.00000,0,0.00000
Peribacillus asahii,228899,S,0,0.00000,0,0.00000,0,0.00000,0,0.00000,2499,0.01672,0,0.00000,0,0.00000,0,0.00000,0,0.00000,0,0.00000,0,0.00000,0,0.00000,0,0.00000,0,0.00000
Streptomyces thermocarboxydus,59299,S,0,0.00000,0,0.00000,0,0.00000,0,0.00000,2412,0.01614,0,0.00000,0,0.00000,0,0.00000,0,0.00000,0,0.00000,0,0.00000,0,0.00000,0,0.00000,0,0.00000
Exiguobacterium artemiae,340145,S,0,0.00000,0,0.00000,0,0.00000,0,0.00000,2245,0.01502,0,0.00000,0,0.00000,0,0.00000,0,0.00000,0,0.00000,0,0.00000,0,0.00000,0,0.00000,0,0.00000
Streptosporangium sp. NBC_01755,2975949,S,0,0.00000,0,0.00000,0,0.00000,0,0.00000,2040,0.01365,1215,0.01916,3536,0.03806,700,0.00838,61394,0.04399,17812,0.02271,5444,0.00829,7478,0.00696,0,0.00000,0,0.00000
Pseudomonas putida,303,S,0,0.00000,0,0.00000,0,0.00000,0,0.00000,2034,0.01361,0,0.00000,0,0.00000,0,0.00000,1311,0.00094,1060,0.00135,2398,0.00365,2329,0.00217,0,0.00000,0,0.00000
Streptomyces sp. NBC_01230,2903784,S,0,0.00000,0,0.00000,0,0.00000,0,0.00000,1964,0.01314,0,0.00000,0,0.00000,0,0.00000,0,0.00000,0,0.00000,0,0.00000,0,0.00000,0,0.00000,0,0.00000
Streptosporangium sp. NBC_01469,2903898,S,0,0.00000,0,0.00000,0,0.00000,0,0.00000,1935,0.01295,1545,0.02436,4568,0.04917,1608,0.01925,39804,0.02852,17566,0.02240,7830,0.01193,11211,0.01043,0,0.00000,0,0.00000
Acinetobacter baumannii,470,S,0,0.00000,0,0.00000,0,0.00000,0,0.00000,1644,0.01100,0,0.00000,0,0.00000,0,0.00000,0,0.00000,0,0.00000,0,0.00000,680,0.00063,0,0.00000,0,0.00000
Streptomyces sp. NBC_01707,2975914,S,0,0.00000,0,0.00000,0,0.00000,0,0.00000,1513,0.01013,0,0.00000,0,0.00000,0,0.00000,0,0.00000,0,0.00000,0,0.00000,0,0.00000,0,0.00000,0,0.00000
Streptosporangium sp. NBC_01810,2975951,S,0,0.00000,0,0.00000,0,0.00000,0,0.00000,1466,0.00981,3507,0.05530,3061,0.03295,972,0.01163,23135,0.01658,18445,0.02352,12270,0.01869,11720,0.01091,0,0.00000,0,0.00000
Massilia litorea,2769491,S,0,0.00000,0,0.00000,0,0.00000,0,0.00000,1395,0.00934,0,0.00000,0,0.00000,0,0.00000,101,0.00007,0,0.00000,72,0.00011,0,0.00000,0,0.00000,0,0.00000
Shinella zoogloeoides,352475,S,0,0.00000,0,0.00000,0,0.00000,0,0.00000,1357,0.00908,387,0.00610,0,0.00000,0,0.00000,0,0.00000,0,0.00000,872,0.00133,1527,0.00142,0,0.00000,0,0.00000
Streptomyces chartreusis,1969,S,0,0.00000,0,0.00000,0,0.00000,0,0.00000,1339,0.00896,0,0.00000,0,0.00000,0,0.00000,392,0.00028,167,0.00021,388,0.00059,388,0.00036,0,0.00000,0,0.00000
Shinella sp. HZN7,879274,S,0,0.00000,0,0.00000,0,0.00000,0,0.00000,1339,0.00896,0,0.00000,0,0.00000,0,0.00000,0,0.00000,0,0.00000,0,0.00000,339,0.00032,0,0.00000,0,0.00000
Streptomyces cyaneochromogenes,2496836,S,0,0.00000,0,0.00000,0,0.00000,0,0.00000,1111,0.00744,0,0.00000,0,0.00000,0,0.00000,395,0.00028,131,0.00017,527,0.00080,672,0.00063,0,0.00000,0,0.00000
Streptomyces nigra,1827580,S,0,0.00000,0,0.00000,0,0.00000,0,0.00000,1096,0.00733,0,0.00000,0,0.00000,0,0.00000,274,0.00020,0,0.00000,133,0.00020,186,0.00017,0,0.00000,0,0.00000
Bacillus sp. FJAT-22090,1581038,S,0,0.00000,0,0.00000,0,0.00000,0,0.00000,988,0.00661,0,0.00000,0,0.00000,0,0.00000,0,0.00000,0,0.00000,0,0.00000,0,0.00000,0,0.00000,0,0.00000
Streptosporangium sp. NBC_01495,2903899,S,0,0.00000,0,0.00000,0,0.00000,0,0.00000,930,0.00622,993,0.01566,1605,0.01727,1541,0.01844,35630,0.02553,25140,0.03206,4846,0.00738,10895,0.01014,0,0.00000,0,0.00000
Sphingopyxis sp. USTB-05,2830667,S,0,0.00000,0,0.00000,0,0.00000,0,0.00000,903,0.00604,0,0.00000,0,0.00000,0,0.00000,0,0.00000,0,0.00000,0,0.00000,50,0.00005,0,0.00000,0,0.00000
Massilia sp. WG5,1707785,S,0,0.00000,0,0.00000,0,0.00000,0,0.00000,889,0.00595,216,0.00341,0,0.00000,0,0.00000,0,0.00000,0,0.00000,0,0.00000,50,0.00005,0,0.00000,0,0.00000
Chitinophaga alhagiae,2203219,S,0,0.00000,0,0.00000,0,0.00000,0,0.00000,888,0.00594,0,0.00000,0,0.00000,0,0.00000,0,0.00000,0,0.00000,0,0.00000,0,0.00000,0,0.00000,0,0.00000
Fictibacillus sp. KU28468,2991053,S,0,0.00000,0,0.00000,0,0.00000,0,0.00000,882,0.00590,0,0.00000,0,0.00000,0,0.00000,0,0.00000,0,0.00000,0,0.00000,0,0.00000,0,0.00000,0,0.00000
Streptomyces sp. NBC_00322,2975712,S,0,0.00000,0,0.00000,0,0.00000,0,0.00000,784,0.00525,0,0.00000,0,0.00000,0,0.00000,459,0.00033,186,0.00024,469,0.00071,147,0.00014,0,0.00000,0,0.00000
Metabacillus dongyingensis,2874282,S,0,0.00000,0,0.00000,0,0.00000,0,0.00000,763,0.00511,0,0.00000,0,0.00000,0,0.00000,0,0.00000,0,0.00000,0,0.00000,0,0.00000,0,0.00000,0,0.00000
Peribacillus sp. FSL E2-0159,2975289,S,0,0.00000,0,0.00000,0,0.00000,0,0.00000,753,0.00504,0,0.00000,0,0.00000,0,0.00000,0,0.00000,0,0.00000,0,0.00000,0,0.00000,0,0.00000,0,0.00000
Brevibacillus sp. JNUCC-41,2778370,S,0,0.00000,0,0.00000,0,0.00000,0,0.00000,734,0.00491,0,0.00000,0,0.00000,0,0.00000,0,0.00000,0,0.00000,0,0.00000,0,0.00000,0,0.00000,0,0.00000
Proteus mirabilis,584,S,0,0.00000,0,0.00000,0,0.00000,0,0.00000,702,0.00470,0,0.00000,0,0.00000,0,0.00000,0,0.00000,0,0.00000,33263,0.05067,12361,0.01150,0,0.00000,0,0.00000
Neobacillus sp. OS1-33,3070683,S,0,0.00000,0,0.00000,0,0.00000,0,0.00000,678,0.00454,0,0.00000,0,0.00000,0,0.00000,0,0.00000,0,0.00000,0,0.00000,0,0.00000,0,0.00000,0,0.00000
Streptomyces lunaelactis,1535768,S,0,0.00000,0,0.00000,0,0.00000,0,0.00000,661,0.00442,0,0.00000,0,0.00000,0,0.00000,327,0.00023,122,0.00016,500,0.00076,242,0.00023,0,0.00000,0,0.00000
Bosea beijingensis,3068632,S,0,0.00000,0,0.00000,0,0.00000,0,0.00000,659,0.00441,135,0.00213,0,0.00000,0,0.00000,145,0.00010,0,0.00000,0,0.00000,116,0.00011,0,0.00000,0,0.00000
Bacillus cereus,1396,S,0,0.00000,0,0.00000,0,0.00000,0,0.00000,620,0.00415,0,0.00000,0,0.00000,0,0.00000,0,0.00000,0,0.00000,6126,0.00933,2188,0.00204,0,0.00000,0,0.00000
Mesorhizobium sp. 8,2584466,S,0,0.00000,0,0.00000,0,0.00000,0,0.00000,620,0.00415,0,0.00000,0,0.00000,0,0.00000,76,0.00005,0,0.00000,161,0.00025,300,0.00028,0,0.00000,0,0.00000
Stenotrophomonas acidaminiphila,128780,S,0,0.00000,0,0.00000,0,0.00000,0,0.00000,602,0.00403,0,0.00000,0,0.00000,0,0.00000,0,0.00000,0,0.00000,0,0.00000,1388,0.00129,0,0.00000,0,0.00000
Chitinophaga pollutisoli,3133966,S,0,0.00000,0,0.00000,0,0.00000,0,0.00000,582,0.00389,0,0.00000,0,0.00000,0,0.00000,0,0.00000,0,0.00000,0,0.00000,0,0.00000,0,0.00000,0,0.00000
Stenotrophomonas rhizophila,216778,S,0,0.00000,0,0.00000,0,0.00000,0,0.00000,577,0.00386,0,0.00000,0,0.00000,0,0.00000,0,0.00000,0,0.00000,0,0.00000,536,0.00050,0,0.00000,0,0.00000
Acinetobacter calcoaceticus,471,S,0,0.00000,0,0.00000,0,0.00000,0,0.00000,570,0.00381,0,0.00000,0,0.00000,0,0.00000,0,0.00000,0,0.00000,0,0.00000,0,0.00000,0,0.00000,0,0.00000
Acinetobacter pittii,48296,S,0,0.00000,0,0.00000,0,0.00000,0,0.00000,560,0.00375,0,0.00000,0,0.00000,0,0.00000,0,0.00000,750,0.00096,0,0.00000,0,0.00000,0,0.00000,0,0.00000
Nonomuraea glycinis,2047744,S,0,0.00000,0,0.00000,0,0.00000,0,0.00000,536,0.00359,478,0.00754,1119,0.01204,420,0.00503,13743,0.00985,6598,0.00841,2538,0.00387,4784,0.00445,0,0.00000,0,0.00000
Bacillus mycoides,1405,S,0,0.00000,0,0.00000,0,0.00000,0,0.00000,532,0.00356,0,0.00000,0,0.00000,0,0.00000,0,0.00000,0,0.00000,0,0.00000,184,0.00017,0,0.00000,0,0.00000
Sphingosinicella microcystinivorans,335406,S,0,0.00000,0,0.00000,0,0.00000,0,0.00000,525,0.00351,0,0.00000,0,0.00000,0,0.00000,571,0.00041,0,0.00000,1587,0.00242,141,0.00013,0,0.00000,0,0.00000
Streptomyces sp. NBC_01210,2903774,S,0,0.00000,0,0.00000,0,0.00000,0,0.00000,515,0.00345,0,0.00000,0,0.00000,0,0.00000,543,0.00039,266,0.00034,1218,0.00186,312,0.00029,0,0.00000,0,0.00000
Microbispora sp. NBC_01189,2903583,S,0,0.00000,0,0.00000,0,0.00000,0,0.00000,502,0.00336,304,0.00479,904,0.00973,233,0.00279,8074,0.00579,4445,0.00567,1493,0.00227,2770,0.00258,0,0.00000,0,0.00000
Peribacillus sp. FSL P2-0133,2921573,S,0,0.00000,0,0.00000,0,0.00000,0,0.00000,474,0.00317,0,0.00000,0,0.00000,0,0.00000,0,0.00000,0,0.00000,0,0.00000,0,0.00000,0,0.00000,0,0.00000
Streptomyces sp. NBC_00390,2975736,S,0,0.00000,0,0.00000,0,0.00000,0,0.00000,463,0.00310,0,0.00000,0,0.00000,0,0.00000,336,0.00024,156,0.00020,258,0.00039,132,0.00012,0,0.00000,0,0.00000
Chitinophaga niabensis,536979,S,0,0.00000,0,0.00000,0,0.00000,0,0.00000,455,0.00304,81,0.00128,0,0.00000,194,0.00232,138,0.00010,61,0.00008,0,0.00000,0,0.00000,0,0.00000,0,0.00000
Lysobacter soli,453783,S,0,0.00000,0,0.00000,0,0.00000,0,0.00000,451,0.00302,0,0.00000,0,0.00000,0,0.00000,70,0.00005,0,0.00000,92,0.00014,84,0.00008,0,0.00000,0,0.00000
Nonomuraea sp. NBC_01738,2976003,S,0,0.00000,0,0.00000,0,0.00000,0,0.00000,445,0.00298,390,0.00615,837,0.00901,336,0.00402,9348,0.00670,5134,0.00655,1962,0.00299,3821,0.00356,0,0.00000,0,0.00000
Nonomuraea fuscirosea,1291556,S,0,0.00000,0,0.00000,0,0.00000,0,0.00000,431,0.00288,166,0.00262,525,0.00565,187,0.00224,6221,0.00446,3315,0.00423,1904,0.00290,2044,0.00190,0,0.00000,0,0.00000
Metabacillus sp. CT-WN-B3,3048891,S,0,0.00000,0,0.00000,0,0.00000,0,0.00000,419,0.00280,0,0.00000,0,0.00000,0,0.00000,0,0.00000,0,0.00000,0,0.00000,0,0.00000,0,0.00000,0,0.00000
Baekduia alba,2997333,S,0,0.00000,0,0.00000,0,0.00000,0,0.00000,412,0.00276,0,0.00000,0,0.00000,0,0.00000,739,0.00053,567,0.00072,2406,0.00367,3277,0.00305,0,0.00000,0,0.00000
Streptomyces sp. NBC_01750,2975928,S,0,0.00000,0,0.00000,0,0.00000,0,0.00000,407,0.00272,0,0.00000,0,0.00000,0,0.00000,480,0.00034,215,0.00027,1302,0.00198,168,0.00016,0,0.00000,0,0.00000
Bosea sp. ANAM02,2020412,S,0,0.00000,0,0.00000,0,0.00000,0,0.00000,404,0.00270,118,0.00186,0,0.00000,0,0.00000,133,0.00010,149,0.00019,78,0.00012,77,0.00007,0,0.00000,0,0.00000
Leucobacter muris,1935379,S,0,0.00000,0,0.00000,0,0.00000,0,0.00000,389,0.00260,0,0.00000,0,0.00000,0,0.00000,66,0.00005,0,0.00000,300,0.00046,416,0.00039,0,0.00000,0,0.00000
Pseudobacter ginsenosidimutans,661488,S,0,0.00000,0,0.00000,0,0.00000,0,0.00000,379,0.00254,0,0.00000,0,0.00000,0,0.00000,37,0.00003,0,0.00000,0,0.00000,0,0.00000,0,0.00000,0,0.00000
Stenotrophomonas maltophilia,40324,S,0,0.00000,0,0.00000,0,0.00000,0,0.00000,373,0.00250,0,0.00000,0,0.00000,0,0.00000,2224,0.00159,1396,0.00178,9537,0.01453,10384,0.00966,0,0.00000,0,0.00000
Gottfriedia acidiceleris,371036,S,0,0.00000,0,0.00000,0,0.00000,0,0.00000,358,0.00240,167,0.00263,0,0.00000,0,0.00000,0,0.00000,0,0.00000,0,0.00000,0,0.00000,0,0.00000,0,0.00000
Lysobacter enzymogenes,69,S,0,0.00000,0,0.00000,0,0.00000,0,0.00000,355,0.00238,0,0.00000,0,0.00000,0,0.00000,428,0.00031,195,0.00025,228,0.00035,309,0.00029,0,0.00000,0,0.00000
Nonomuraea coxensis,404386,S,0,0.00000,0,0.00000,0,0.00000,0,0.00000,352,0.00236,285,0.00449,582,0.00626,297,0.00355,9747,0.00698,4941,0.00630,2480,0.00378,3129,0.00291,0,0.00000,0,0.00000
Bradyrhizobium erythrophlei,1437360,S,0,0.00000,0,0.00000,0,0.00000,0,0.00000,346,0.00232,0,0.00000,0,0.00000,0,0.00000,165,0.00012,86,0.00011,621,0.00095,327,0.00030,0,0.00000,0,0.00000
Cytobacillus firmus,1399,S,0,0.00000,0,0.00000,0,0.00000,0,0.00000,338,0.00226,0,0.00000,0,0.00000,0,0.00000,0,0.00000,0,0.00000,0,0.00000,0,0.00000,0,0.00000,0,0.00000
Piscinibacter gummiphilus,946333,S,0,0.00000,0,0.00000,0,0.00000,0,0.00000,338,0.00226,0,0.00000,0,0.00000,0,0.00000,732,0.00052,643,0.00082,2497,0.00380,246,0.00023,0,0.00000,0,0.00000
Streptomyces sp. NBC_00190,2903634,S,0,0.00000,0,0.00000,0,0.00000,0,0.00000,329,0.00220,0,0.00000,0,0.00000,0,0.00000,240,0.00017,100,0.00013,0,0.00000,93,0.00009,0,0.00000,0,0.00000
Microbispora hainanensis,568844,S,0,0.00000,0,0.00000,0,0.00000,0,0.00000,324,0.00217,238,0.00375,468,0.00504,208,0.00249,7397,0.00530,3968,0.00506,1380,0.00210,2531,0.00236,0,0.00000,0,0.00000
Dactylosporangium roseum,47989,S,0,0.00000,0,0.00000,0,0.00000,0,0.00000,323,0.00216,319,0.00503,737,0.00793,409,0.00490,7355,0.00527,4284,0.00546,1530,0.00233,2116,0.00197,0,0.00000,0,0.00000
Nonomuraea phyllanthi,2219224,S,0,0.00000,0,0.00000,0,0.00000,0,0.00000,322,0.00215,351,0.00554,654,0.00704,337,0.00403,10302,0.00738,4948,0.00631,2214,0.00337,3327,0.00310,0,0.00000,0,0.00000
Exiguobacterium sp. Helios,2735868,S,0,0.00000,0,0.00000,0,0.00000,0,0.00000,322,0.00215,0,0.00000,0,0.00000,0,0.00000,0,0.00000,0,0.00000,0,0.00000,0,0.00000,0,0.00000,0,0.00000
Nonomuraea sp. NBC_00507,2976002,S,0,0.00000,0,0.00000,0,0.00000,0,0.00000,319,0.00213,275,0.00434,562,0.00605,255,0.00305,7846,0.00562,4761,0.00607,1712,0.00261,3519,0.00327,0,0.00000,0,0.00000
Neobacillus sp. PS2-9,3070676,S,0,0.00000,0,0.00000,0,0.00000,0,0.00000,312,0.00209,0,0.00000,0,0.00000,0,0.00000,0,0.00000,0,0.00000,0,0.00000,0,0.00000,0,0.00000,0,0.00000
Thermomonas brevis,215691,S,0,0.00000,0,0.00000,0,0.00000,0,0.00000,311,0.00208,0,0.00000,0,0.00000,0,0.00000,0,0.00000,0,0.00000,0,0.00000,74,0.00007,0,0.00000,0,0.00000
Streptomyces sp. NBC_01233,2903787,S,0,0.00000,0,0.00000,0,0.00000,0,0.00000,307,0.00205,0,0.00000,0,0.00000,0,0.00000,156,0.00011,144,0.00018,0,0.00000,134,0.00012,0,0.00000,0,0.00000
Streptomyces sp. R11,3238625,S,0,0.00000,0,0.00000,0,0.00000,0,0.00000,293,0.00196,0,0.00000,0,0.00000,0,0.00000,629,0.00045,258,0.00033,250,0.00038,125,0.00012,0,0.00000,0,0.00000
Streptomyces sp. NBC_01717,2975918,S,0,0.00000,0,0.00000,0,0.00000,0,0.00000,287,0.00192,0,0.00000,0,0.00000,0,0.00000,0,0.00000,0,0.00000,0,0.00000,0,0.00000,0,0.00000,0,0.00000
Neobacillus sp. SuZ13,3047875,S,0,0.00000,0,0.00000,0,0.00000,0,0.00000,279,0.00187,0,0.00000,0,0.00000,0,0.00000,0,0.00000,0,0.00000,0,0.00000,0,0.00000,0,0.00000,0,0.00000
Microbispora sp. ZYX-F-249,3144104,S,0,0.00000,0,0.00000,0,0.00000,0,0.00000,269,0.00180,178,0.00281,491,0.00528,173,0.00207,5743,0.00412,2980,0.00380,1054,0.00161,1918,0.00178,0,0.00000,0,0.00000
Streptomyces sp. NBC_01294,2903815,S,0,0.00000,0,0.00000,0,0.00000,0,0.00000,267,0.00179,0,0.00000,0,0.00000,0,0.00000,103,0.00007,0,0.00000,0,0.00000,117,0.00011,0,0.00000,0,0.00000
Arthrobacter sp. KBS0702,2578107,S,0,0.00000,0,0.00000,0,0.00000,0,0.00000,259,0.00173,0,0.00000,0,0.00000,0,0.00000,0,0.00000,0,0.00000,0,0.00000,0,0.00000,0,0.00000,0,0.00000
Bacillus sp. NEB1478,3073816,S,0,0.00000,0,0.00000,0,0.00000,0,0.00000,256,0.00171,0,0.00000,0,0.00000,0,0.00000,0,0.00000,0,0.00000,0,0.00000,0,0.00000,0,0.00000,0,0.00000
Rhodopseudomonas palustris,1076,S,0,0.00000,0,0.00000,0,0.00000,0,0.00000,249,0.00167,0,0.00000,0,0.00000,243,0.00291,402,0.00029,305,0.00039,1203,0.00183,459,0.00043,0,0.00000,0,0.00000
Priestia megaterium,1404,S,0,0.00000,0,0.00000,0,0.00000,0,0.00000,245,0.00164,0,0.00000,0,0.00000,0,0.00000,0,0.00000,0,0.00000,0,0.00000,0,0.00000,0,0.00000,0,0.00000
Achromobacter sp. MFA1 R4,1881016,S,0,0.00000,0,0.00000,0,0.00000,0,0.00000,244,0.00163,0,0.00000,0,0.00000,0,0.00000,0,0.00000,0,0.00000,88,0.00013,49,0.00005,0,0.00000,0,0.00000
Peribacillus psychrosaccharolyticus,1407,S,0,0.00000,0,0.00000,0,0.00000,0,0.00000,234,0.00157,0,0.00000,0,0.00000,0,0.00000,0,0.00000,0,0.00000,0,0.00000,0,0.00000,0,0.00000,0,0.00000
Streptomyces sp. NBC_00259,2903643,S,0,0.00000,0,0.00000,0,0.00000,0,0.00000,233,0.00156,0,0.00000,0,0.00000,0,0.00000,164,0.00012,105,0.00013,136,0.00021,102,0.00009,0,0.00000,0,0.00000
Arthrobacter sp. UKPF54-2,2600159,S,0,0.00000,0,0.00000,0,0.00000,0,0.00000,231,0.00155,0,0.00000,0,0.00000,0,0.00000,177,0.00013,0,0.00000,0,0.00000,0,0.00000,0,0.00000,0,0.00000
Sphingomonas sp. R1,399176,S,0,0.00000,0,0.00000,0,0.00000,0,0.00000,228,0.00153,0,0.00000,0,0.00000,0,0.00000,0,0.00000,0,0.00000,0,0.00000,0,0.00000,0,0.00000,0,0.00000
Steroidobacter denitrificans,465721,S,0,0.00000,0,0.00000,0,0.00000,0,0.00000,212,0.00142,0,0.00000,0,0.00000,0,0.00000,2084,0.00149,329,0.00042,3534,0.00538,356,0.00033,0,0.00000,0,0.00000
Streptomyces sp. T12,477697,S,0,0.00000,0,0.00000,0,0.00000,0,0.00000,207,0.00139,0,0.00000,0,0.00000,0,0.00000,555,0.00040,1078,0.00137,945,0.00144,1955,0.00182,0,0.00000,0,0.00000
Acinetobacter sp. AHP123,2913495,S,0,0.00000,0,0.00000,0,0.00000,0,0.00000,203,0.00136,0,0.00000,0,0.00000,0,0.00000,0,0.00000,0,0.00000,0,0.00000,0,0.00000,0,0.00000,0,0.00000
Acinetobacter sp. XS-4,2923375,S,0,0.00000,0,0.00000,0,0.00000,0,0.00000,196,0.00131,0,0.00000,0,0.00000,0,0.00000,0,0.00000,0,0.00000,0,0.00000,0,0.00000,0,0.00000,0,0.00000
Ramlibacter tataouinensis,94132,S,0,0.00000,0,0.00000,0,0.00000,0,0.00000,191,0.00128,0,0.00000,0,0.00000,78,0.00093,411,0.00029,148,0.00019,705,0.00107,181,0.00017,0,0.00000,0,0.00000
Devosia ginsengisoli,400770,S,0,0.00000,0,0.00000,0,0.00000,0,0.00000,190,0.00127,38,0.00060,0,0.00000,0,0.00000,0,0.00000,0,0.00000,0,0.00000,2813,0.00262,0,0.00000,0,0.00000
Neobacillus sp. DY30,3047871,S,0,0.00000,0,0.00000,0,0.00000,0,0.00000,189,0.00126,0,0.00000,0,0.00000,0,0.00000,0,0.00000,0,0.00000,0,0.00000,0,0.00000,0,0.00000,0,0.00000
Microbacterium sp. nov. GSS16,3019890,S,0,0.00000,0,0.00000,0,0.00000,0,0.00000,186,0.00124,0,0.00000,0,0.00000,0,0.00000,0,0.00000,0,0.00000,0,0.00000,0,0.00000,0,0.00000,0,0.00000
[Actinomadura] parvosata,1955412,S,0,0.00000,0,0.00000,0,0.00000,0,0.00000,183,0.00122,172,0.00271,339,0.00365,136,0.00163,5013,0.00359,2657,0.00339,1038,0.00158,1832,0.00170,0,0.00000,0,0.00000
Streptomyces sp. P3,2135430,S,0,0.00000,0,0.00000,0,0.00000,0,0.00000,171,0.00114,0,0.00000,0,0.00000,0,0.00000,97,0.00007,0,0.00000,0,0.00000,74,0.00007,0,0.00000,0,0.00000
Peribacillus sp. R9-11,3073271,S,0,0.00000,0,0.00000,0,0.00000,0,0.00000,161,0.00108,0,0.00000,0,0.00000,0,0.00000,0,0.00000,0,0.00000,0,0.00000,0,0.00000,0,0.00000,0,0.00000
Neobacillus sp. PS3-34,3070678,S,0,0.00000,0,0.00000,0,0.00000,0,0.00000,161,0.00108,0,0.00000,0,0.00000,0,0.00000,0,0.00000,0,0.00000,0,0.00000,0,0.00000,0,0.00000,0,0.00000
Nocardioides sp. LMS-CY,2840457,S,0,0.00000,0,0.00000,0,0.00000,0,0.00000,159,0.00106,0,0.00000,0,0.00000,0,0.00000,236,0.00017,146,0.00019,307,0.00047,211,0.00020,0,0.00000,0,0.00000
Paenibacillus andongensis,2975482,S,0,0.00000,0,0.00000,0,0.00000,0,0.00000,159,0.00106,204,0.00322,0,0.00000,0,0.00000,166,0.00012,360,0.00046,212,0.00032,464,0.00043,0,0.00000,0,0.00000
Nonomuraea gerenzanensis,93944,S,0,0.00000,0,0.00000,0,0.00000,0,0.00000,158,0.00106,118,0.00186,327,0.00352,100,0.00120,4636,0.00332,2436,0.00311,1137,0.00173,1750,0.00163,0,0.00000,0,0.00000
Fictibacillus arsenicus,255247,S,0,0.00000,0,0.00000,0,0.00000,0,0.00000,157,0.00105,166,0.00262,0,0.00000,0,0.00000,0,0.00000,0,0.00000,0,0.00000,0,0.00000,0,0.00000,0,0.00000
Bosea sp. F3-2,2599640,S,0,0.00000,0,0.00000,0,0.00000,0,0.00000,149,0.00100,0,0.00000,0,0.00000,120,0.00144,66,0.00005,0,0.00000,153,0.00023,75,0.00007,0,0.00000,0,0.00000
Nitrobacter hamburgensis,912,S,0,0.00000,0,0.00000,0,0.00000,0,0.00000,144,0.00096,0,0.00000,0,0.00000,283,0.00339,177,0.00013,81,0.00010,128,0.00019,654,0.00061,0,0.00000,0,0.00000
Paenisporosarcina sp. FSL H8-0542,2921401,S,0,0.00000,0,0.00000,0,0.00000,0,0.00000,142,0.00095,161,0.00254,0,0.00000,0,0.00000,0,0.00000,0,0.00000,0,0.00000,0,0.00000,0,0.00000,0,0.00000
Sphingomonas daechungensis,1176646,S,0,0.00000,0,0.00000,0,0.00000,0,0.00000,135,0.00090,0,0.00000,0,0.00000,0,0.00000,0,0.00000,0,0.00000,0,0.00000,0,0.00000,0,0.00000,0,0.00000
Mycolicibacterium sp. MU0053,3064286,S,0,0.00000,0,0.00000,0,0.00000,0,0.00000,133,0.00089,0,0.00000,0,0.00000,0,0.00000,39,0.00003,165,0.00021,135,0.00021,454,0.00042,0,0.00000,0,0.00000
Thermomonospora amylolytica,1411117,S,0,0.00000,0,0.00000,0,0.00000,0,0.00000,132,0.00088,55,0.00087,185,0.00199,118,0.00141,2436,0.00175,1295,0.00165,1252,0.00191,2937,0.00273,0,0.00000,0,0.00000
Nitrobacter winogradskyi,913,S,0,0.00000,0,0.00000,0,0.00000,0,0.00000,132,0.00088,0,0.00000,0,0.00000,88,0.00105,231,0.00017,0,0.00000,131,0.00020,87,0.00008,0,0.00000,0,0.00000
Thermobispora bispora,2006,S,0,0.00000,0,0.00000,0,0.00000,0,0.00000,119,0.00080,85,0.00134,164,0.00177,78,0.00093,3090,0.00221,2084,0.00266,632,0.00096,938,0.00087,0,0.00000,0,0.00000
Nocardia sp. NBC_00403,2975990,S,0,0.00000,0,0.00000,0,0.00000,0,0.00000,115,0.00077,0,0.00000,174,0.00187,118,0.00141,1342,0.00096,848,0.00108,467,0.00071,455,0.00042,0,0.00000,0,0.00000
Bacillus nitratireducens,2026193,S,0,0.00000,0,0.00000,0,0.00000,0,0.00000,108,0.00072,0,0.00000,0,0.00000,0,0.00000,0,0.00000,0,0.00000,0,0.00000,0,0.00000,0,0.00000,0,0.00000
Baekduia soli,496014,S,0,0.00000,0,0.00000,0,0.00000,0,0.00000,107,0.00072,0,0.00000,0,0.00000,0,0.00000,601,0.00043,437,0.00056,1701,0.00259,2377,0.00221,0,0.00000,0,0.00000
Actinomadura citrea,46158,S,0,0.00000,0,0.00000,0,0.00000,0,0.00000,94,0.00063,10702,0.16877,1304,0.01403,0,0.00000,1310,0.00094,689,0.00088,392,0.00060,842,0.00078,0,0.00000,0,0.00000
Bosea sp. AS-1,2015316,S,0,0.00000,0,0.00000,0,0.00000,0,0.00000,92,0.00062,0,0.00000,0,0.00000,0,0.00000,0,0.00000,0,0.00000,0,0.00000,64,0.00006,0,0.00000,0,0.00000
Phenylobacterium sp. NIBR 498073,3015177,S,0,0.00000,0,0.00000,0,0.00000,0,0.00000,92,0.00062,0,0.00000,0,0.00000,0,0.00000,0,0.00000,0,0.00000,144,0.00022,51,0.00005,0,0.00000,0,0.00000
Massilia forsythiae,2728020,S,0,0.00000,0,0.00000,0,0.00000,0,0.00000,92,0.00062,0,0.00000,0,0.00000,0,0.00000,141,0.00010,0,0.00000,145,0.00022,62,0.00006,0,0.00000,0,0.00000
Massilia varians,457921,S,0,0.00000,0,0.00000,0,0.00000,0,0.00000,90,0.00060,2869,0.04524,0,0.00000,0,0.00000,241,0.00017,0,0.00000,135,0.00021,42,0.00004,0,0.00000,0,0.00000
Spirillospora sp. NBC_01491,2976007,S,0,0.00000,0,0.00000,0,0.00000,0,0.00000,89,0.00060,84,0.00132,145,0.00156,0,0.00000,1883,0.00135,1148,0.00146,971,0.00148,2066,0.00192,0,0.00000,0,0.00000
Mycolicibacterium diernhoferi,1801,S,0,0.00000,0,0.00000,0,0.00000,0,0.00000,88,0.00059,0,0.00000,0,0.00000,0,0.00000,64,0.00005,66,0.00008,50,0.00008,54,0.00005,0,0.00000,0,0.00000
Actinomadura verrucosospora,46165,S,0,0.00000,0,0.00000,0,0.00000,0,0.00000,86,0.00058,0,0.00000,125,0.00135,0,0.00000,1405,0.00101,747,0.00095,644,0.00098,1038,0.00097,0,0.00000,0,0.00000
Microbacterium sufflavum,2851649,S,0,0.00000,0,0.00000,0,0.00000,0,0.00000,86,0.00058,0,0.00000,0,0.00000,0,0.00000,0,0.00000,0,0.00000,0,0.00000,48,0.00004,0,0.00000,0,0.00000
Kibdelosporangium phytohabitans,860235,S,0,0.00000,0,0.00000,0,0.00000,0,0.00000,86,0.00058,0,0.00000,0,0.00000,0,0.00000,2587,0.00185,124,0.00016,326,0.00050,303,0.00028,0,0.00000,0,0.00000
Dokdonella koreensis,323415,S,0,0.00000,0,0.00000,0,0.00000,0,0.00000,86,0.00058,0,0.00000,0,0.00000,286,0.00342,56,0.00004,0,0.00000,131,0.00020,163,0.00015,0,0.00000,0,0.00000
Actinoallomurus sp. NBC_01490,2903557,S,0,0.00000,0,0.00000,0,0.00000,0,0.00000,85,0.00057,59,0.00093,113,0.00122,56,0.00067,1315,0.00094,620,0.00079,609,0.00093,1078,0.00100,0,0.00000,0,0.00000
Bosea sp. NBC_00550,2969621,S,0,0.00000,0,0.00000,0,0.00000,0,0.00000,85,0.00057,0,0.00000,0,0.00000,94,0.00113,0,0.00000,0,0.00000,142,0.00022,83,0.00008,0,0.00000,0,0.00000
Metabacillus sp. KUDC1714,2745198,S,0,0.00000,0,0.00000,0,0.00000,0,0.00000,84,0.00056,0,0.00000,0,0.00000,0,0.00000,0,0.00000,0,0.00000,0,0.00000,0,0.00000,0,0.00000,0,0.00000
Lysobacter terrestris,2865112,S,0,0.00000,0,0.00000,0,0.00000,0,0.00000,84,0.00056,0,0.00000,0,0.00000,0,0.00000,92,0.00007,0,0.00000,73,0.00011,69,0.00006,0,0.00000,0,0.00000
Peribacillus butanolivorans,421767,S,0,0.00000,0,0.00000,0,0.00000,0,0.00000,83,0.00056,0,0.00000,0,0.00000,0,0.00000,0,0.00000,0,0.00000,0,0.00000,0,0.00000,0,0.00000,0,0.00000
Metabacillus sp. FJAT-53654,3117747,S,0,0.00000,0,0.00000,0,0.00000,0,0.00000,78,0.00052,0,0.00000,0,0.00000,0,0.00000,0,0.00000,0,0.00000,0,0.00000,0,0.00000,0,0.00000,0,0.00000
Flavobacterium alkalisoli,2602769,S,0,0.00000,0,0.00000,0,0.00000,0,0.00000,73,0.00049,0,0.00000,0,0.00000,0,0.00000,0,0.00000,0,0.00000,0,0.00000,0,0.00000,0,0.00000,0,0.00000
Bosea sp. Tri-49,1867715,S,0,0.00000,0,0.00000,0,0.00000,0,0.00000,72,0.00048,0,0.00000,0,0.00000,176,0.00211,155,0.00011,92,0.00012,140,0.00021,117,0.00011,0,0.00000,0,0.00000
Microvirga lotononidis,864069,S,0,0.00000,0,0.00000,0,0.00000,0,0.00000,72,0.00048,0,0.00000,0,0.00000,0,0.00000,82,0.00006,0,0.00000,69,0.00011,28,0.00003,0,0.00000,0,0.00000
Agromyces soli,659012,S,0,0.00000,0,0.00000,0,0.00000,0,0.00000,71,0.00048,0,0.00000,0,0.00000,0,0.00000,144,0.00010,0,0.00000,0,0.00000,79,0.00007,0,0.00000,0,0.00000
Chitinophaga caseinilytica,2267521,S,0,0.00000,0,0.00000,0,0.00000,0,0.00000,70,0.00047,0,0.00000,0,0.00000,0,0.00000,0,0.00000,0,0.00000,0,0.00000,0,0.00000,0,0.00000,0,0.00000
Mycolicibacterium sp. YH-1,2908837,S,0,0.00000,0,0.00000,0,0.00000,0,0.00000,68,0.00046,0,0.00000,0,0.00000,0,0.00000,22,0.00002,61,0.00008,94,0.00014,433,0.00040,0,0.00000,0,0.00000
Lysobacter sp. HDW10,2714936,S,0,0.00000,0,0.00000,0,0.00000,0,0.00000,67,0.00045,0,0.00000,819,0.00881,0,0.00000,0,0.00000,0,0.00000,0,0.00000,0,0.00000,0,0.00000,0,0.00000
Actinomarinicola tropica,2789776,S,0,0.00000,0,0.00000,0,0.00000,0,0.00000,65,0.00043,0,0.00000,0,0.00000,0,0.00000,410,0.00029,145,0.00018,758,0.00115,599,0.00056,0,0.00000,0,0.00000
Candidatus Nitrosotenuis chungbukensis,1353246,S,0,0.00000,0,0.00000,0,0.00000,0,0.00000,64,0.00043,0,0.00000,0,0.00000,0,0.00000,0,0.00000,0,0.00000,0,0.00000,0,0.00000,0,0.00000,0,0.00000
Thermomonospora curvata,2020,S,0,0.00000,0,0.00000,0,0.00000,0,0.00000,63,0.00042,0,0.00000,75,0.00081,73,0.00087,1580,0.00113,752,0.00096,686,0.00104,1385,0.00129,0,0.00000,0,0.00000
Stenotrophomonas aracearum,3003272,S,0,0.00000,0,0.00000,0,0.00000,0,0.00000,63,0.00042,0,0.00000,0,0.00000,0,0.00000,0,0.00000,0,0.00000,0,0.00000,1026,0.00095,0,0.00000,0,0.00000
Lysobacter capsici,435897,S,0,0.00000,0,0.00000,0,0.00000,0,0.00000,60,0.00040,0,0.00000,0,0.00000,0,0.00000,438,0.00031,164,0.00021,170,0.00026,294,0.00027,0,0.00000,0,0.00000
Fluviicola taffensis,191579,S,0,0.00000,0,0.00000,0,0.00000,0,0.00000,60,0.00040,0,0.00000,0,0.00000,0,0.00000,0,0.00000,0,0.00000,0,0.00000,0,0.00000,0,0.00000,0,0.00000
Actinomadura graeca,2750812,S,0,0.00000,0,0.00000,0,0.00000,0,0.00000,57,0.00038,58,0.00091,122,0.00131,81,0.00097,1139,0.00082,613,0.00078,487,0.00074,801,0.00075,0,0.00000,0,0.00000
Dyadobacter fermentans,94254,S,0,0.00000,0,0.00000,0,0.00000,0,0.00000,57,0.00038,0,0.00000,0,0.00000,54,0.00065,0,0.00000,0,0.00000,0,0.00000,0,0.00000,0,0.00000,0,0.00000
Bosea vestrisii,151416,S,0,0.00000,0,0.00000,0,0.00000,0,0.00000,54,0.00036,0,0.00000,0,0.00000,167,0.00200,80,0.00006,68,0.00009,196,0.00030,148,0.00014,0,0.00000,0,0.00000
Pseudoxanthomonas sp. SE1,1664560,S,0,0.00000,0,0.00000,0,0.00000,0,0.00000,53,0.00035,0,0.00000,0,0.00000,0,0.00000,122,0.00009,0,0.00000,0,0.00000,211,0.00020,0,0.00000,0,0.00000
Massilia sp. H6,2970464,S,0,0.00000,0,0.00000,0,0.00000,0,0.00000,49,0.00033,233,0.00367,0,0.00000,0,0.00000,0,0.00000,0,0.00000,81,0.00012,0,0.00000,0,0.00000,0,0.00000
Pedobacter ginsengisoli,363852,S,0,0.00000,0,0.00000,0,0.00000,0,0.00000,49,0.00033,0,0.00000,0,0.00000,77,0.00092,222,0.00016,0,0.00000,0,0.00000,0,0.00000,0,0.00000,0,0.00000
Nitrosospira multiformis,1231,S,0,0.00000,0,0.00000,0,0.00000,0,0.00000,42,0.00028,0,0.00000,0,0.00000,0,0.00000,0,0.00000,0,0.00000,0,0.00000,32,0.00003,0,0.00000,0,0.00000
Paraflavitalea soli,2315862,S,0,0.00000,0,0.00000,0,0.00000,0,0.00000,41,0.00027,0,0.00000,0,0.00000,70,0.00084,47,0.00003,0,0.00000,0,0.00000,0,0.00000,0,0.00000,0,0.00000
Fictibacillus phosphorivorans,1221500,S,0,0.00000,0,0.00000,0,0.00000,0,0.00000,40,0.00027,0,0.00000,0,0.00000,0,0.00000,0,0.00000,0,0.00000,0,0.00000,0,0.00000,0,0.00000,0,0.00000
Candidatus Nitrosotenuis sp. DW1,2259672,S,0,0.00000,0,0.00000,0,0.00000,0,0.00000,39,0.00026,0,0.00000,0,0.00000,0,0.00000,0,0.00000,0,0.00000,0,0.00000,0,0.00000,0,0.00000,0,0.00000
Metabacillus sp. cB07,2806989,S,0,0.00000,0,0.00000,0,0.00000,0,0.00000,37,0.00025,0,0.00000,0,0.00000,0,0.00000,0,0.00000,0,0.00000,0,0.00000,0,0.00000,0,0.00000,0,0.00000
Dyadobacter sp. 676,3088362,S,0,0.00000,0,0.00000,0,0.00000,0,0.00000,36,0.00024,0,0.00000,0,0.00000,50,0.00060,0,0.00000,0,0.00000,0,0.00000,0,0.00000,0,0.00000,0,0.00000
Paludisphaera borealis,1387353,S,0,0.00000,0,0.00000,0,0.00000,0,0.00000,36,0.00024,0,0.00000,0,0.00000,0,0.00000,57,0.00004,74,0.00009,189,0.00029,231,0.00021,0,0.00000,0,0.00000
Sphingomonas sp. AP4-R1,2735134,S,0,0.00000,0,0.00000,0,0.00000,0,0.00000,34,0.00023,0,0.00000,0,0.00000,0,0.00000,0,0.00000,0,0.00000,59,0.00009,23,0.00002,0,0.00000,0,0.00000
Metabacillus sediminilitoris,2567941,S,0,0.00000,0,0.00000,0,0.00000,0,0.00000,33,0.00022,0,0.00000,0,0.00000,0,0.00000,0,0.00000,0,0.00000,0,0.00000,0,0.00000,0,0.00000,0,0.00000
Stenotrophomonas oahuensis,3003271,S,0,0.00000,0,0.00000,0,0.00000,0,0.00000,31,0.00021,0,0.00000,0,0.00000,0,0.00000,0,0.00000,0,0.00000,0,0.00000,145,0.00013,0,0.00000,0,0.00000
Neobacillus sp. Marseille-Q6967,2963105,S,0,0.00000,0,0.00000,0,0.00000,0,0.00000,30,0.00020,0,0.00000,0,0.00000,0,0.00000,0,0.00000,0,0.00000,0,0.00000,0,0.00000,0,0.00000,0,0.00000
Candidatus Nitrososphaera gargensis,497727,S,0,0.00000,0,0.00000,0,0.00000,0,0.00000,26,0.00017,0,0.00000,25,0.00027,0,0.00000,96,0.00007,61,0.00008,209,0.00032,261,0.00024,0,0.00000,0,0.00000
Caulifigura coniformis,2527983,S,0,0.00000,0,0.00000,0,0.00000,0,0.00000,22,0.00015,0,0.00000,0,0.00000,0,0.00000,0,0.00000,0,0.00000,24,0.00004,59,0.00005,0,0.00000,0,0.00000
Exiguobacterium antarcticum,132920,S,0,0.00000,0,0.00000,0,0.00000,0,0.00000,19,0.00013,0,0.00000,0,0.00000,0,0.00000,0,0.00000,0,0.00000,0,0.00000,0,0.00000,0,0.00000,0,0.00000
Lacipirellula parvula,2650471,S,0,0.00000,0,0.00000,0,0.00000,0,0.00000,17,0.00011,0,0.00000,0,0.00000,0,0.00000,51,0.00004,0,0.00000,72,0.00011,117,0.00011,0,0.00000,0,0.00000
Lacipirellula limnantheis,2528024,S,0,0.00000,0,0.00000,0,0.00000,0,0.00000,17,0.00011,0,0.00000,0,0.00000,0,0.00000,24,0.00002,63,0.00008,74,0.00011,101,0.00009,0,0.00000,0,0.00000
Chitinophaga sp. XS-30,2604421,S,0,0.00000,0,0.00000,0,0.00000,0,0.00000,15,0.00010,0,0.00000,0,0.00000,0,0.00000,30,0.00002,0,0.00000,0,0.00000,51,0.00005,0,0.00000,0,0.00000
Chryseolinea soli,2321403,S,0,0.00000,0,0.00000,0,0.00000,0,0.00000,13,0.00009,0,0.00000,0,0.00000,12,0.00014,26,0.00002,120,0.00015,213,0.00032,16,0.00001,0,0.00000,0,0.00000
Streptomyces sp. NBC_01116,2903752,S,0,0.00000,0,0.00000,0,0.00000,0,0.00000,0,0.00000,1722,0.02716,0,0.00000,0,0.00000,0,0.00000,0,0.00000,0,0.00000,0,0.00000,0,0.00000,0,0.00000
Stackebrandtia nassauensis,283811,S,0,0.00000,0,0.00000,0,0.00000,0,0.00000,0,0.00000,645,0.01017,25,0.00027,0,0.00000,193,0.00014,115,0.00015,118,0.00018,130,0.00012,0,0.00000,0,0.00000
Pseudomonas atacamensis,2565368,S,0,0.00000,0,0.00000,0,0.00000,0,0.00000,0,0.00000,617,0.00973,0,0.00000,0,0.00000,0,0.00000,0,0.00000,0,0.00000,0,0.00000,0,0.00000,0,0.00000
Sphingobacterium sp. LZ7M1,2961941,S,0,0.00000,0,0.00000,0,0.00000,0,0.00000,0,0.00000,501,0.00790,0,0.00000,0,0.00000,0,0.00000,0,0.00000,0,0.00000,526,0.00049,0,0.00000,0,0.00000
Stutzerimonas stutzeri,316,S,0,0.00000,0,0.00000,0,0.00000,0,0.00000,0,0.00000,499,0.00787,2336,0.02514,0,0.00000,0,0.00000,0,0.00000,883,0.00135,5897,0.00549,0,0.00000,0,0.00000
Janthinobacterium sp. J1-1,3065910,S,0,0.00000,0,0.00000,0,0.00000,0,0.00000,0,0.00000,352,0.00555,0,0.00000,0,0.00000,0,0.00000,0,0.00000,0,0.00000,0,0.00000,0,0.00000,0,0.00000
Pseudarthrobacter oxydans,1671,S,0,0.00000,0,0.00000,0,0.00000,0,0.00000,0,0.00000,278,0.00438,0,0.00000,0,0.00000,0,0.00000,0,0.00000,0,0.00000,147,0.00014,0,0.00000,0,0.00000
Actinomadura luteofluorescens,46163,S,0,0.00000,0,0.00000,0,0.00000,0,0.00000,0,0.00000,245,0.00386,64,0.00069,0,0.00000,763,0.00055,522,0.00067,298,0.00045,634,0.00059,0,0.00000,0,0.00000
Massilia sp. NP310,2861282,S,0,0.00000,0,0.00000,0,0.00000,0,0.00000,0,0.00000,185,0.00292,0,0.00000,0,0.00000,0,0.00000,0,0.00000,168,0.00026,0,0.00000,0,0.00000,0,0.00000
Actinomadura sp. WMMA1423,2591108,S,0,0.00000,0,0.00000,0,0.00000,0,0.00000,0,0.00000,145,0.00229,112,0.00121,0,0.00000,1463,0.00105,469,0.00060,287,0.00044,786,0.00073,0,0.00000,0,0.00000
Methylotenera versatilis,1055487,S,0,0.00000,0,0.00000,0,0.00000,0,0.00000,0,0.00000,102,0.00161,179,0.00193,436,0.00522,0,0.00000,0,0.00000,56,0.00009,37,0.00003,0,0.00000,0,0.00000
Pseudoduganella aquatica,2660641,S,0,0.00000,0,0.00000,0,0.00000,0,0.00000,0,0.00000,95,0.00150,0,0.00000,0,0.00000,0,0.00000,0,0.00000,267,0.00041,81,0.00008,0,0.00000,0,0.00000
Nocardia sp. NBC_01329,2903594,S,0,0.00000,0,0.00000,0,0.00000,0,0.00000,0,0.00000,93,0.00147,0,0.00000,0,0.00000,37,0.00003,0,0.00000,34,0.00005,38,0.00004,0,0.00000,0,0.00000
Telluria beijingensis,3068633,S,0,0.00000,0,0.00000,0,0.00000,0,0.00000,0,0.00000,93,0.00147,0,0.00000,0,0.00000,72,0.00005,0,0.00000,115,0.00018,0,0.00000,0,0.00000,0,0.00000
Terricaulis silvestris,2686094,S,0,0.00000,0,0.00000,0,0.00000,0,0.00000,0,0.00000,87,0.00137,237,0.00255,0,0.00000,51,0.00004,66,0.00008,101,0.00015,62,0.00006,0,0.00000,0,0.00000
Actinomadura sp. NAK00032,2742128,S,0,0.00000,0,0.00000,0,0.00000,0,0.00000,0,0.00000,77,0.00121,99,0.00107,0,0.00000,1080,0.00077,762,0.00097,531,0.00081,1079,0.00100,0,0.00000,0,0.00000
Spongiactinospora sp. TRM90649,3031114,S,0,0.00000,0,0.00000,0,0.00000,0,0.00000,0,0.00000,76,0.00120,119,0.00128,0,0.00000,1585,0.00114,793,0.00101,273,0.00042,586,0.00055,0,0.00000,0,0.00000
Candidatus Viadribacter manganicus,1759059,S,0,0.00000,0,0.00000,0,0.00000,0,0.00000,0,0.00000,58,0.00091,0,0.00000,0,0.00000,0,0.00000,0,0.00000,30,0.00005,28,0.00003,0,0.00000,0,0.00000
Actinomadura madurae,1993,S,0,0.00000,0,0.00000,0,0.00000,0,0.00000,0,0.00000,43,0.00068,0,0.00000,0,0.00000,969,0.00069,655,0.00084,426,0.00065,803,0.00075,0,0.00000,0,0.00000
Sandaracinus amylolyticus,927083,S,0,0.00000,0,0.00000,0,0.00000,0,0.00000,0,0.00000,38,0.00060,0,0.00000,0,0.00000,126,0.00009,61,0.00008,432,0.00066,145,0.00013,0,0.00000,0,0.00000
Yinghuangia sp. ASG 101,2896848,S,0,0.00000,0,0.00000,0,0.00000,0,0.00000,0,0.00000,0,0.00000,535,0.00576,0,0.00000,344,0.00025,167,0.00021,118,0.00018,215,0.00020,0,0.00000,0,0.00000
Saccharophagus degradans,86304,S,0,0.00000,0,0.00000,0,0.00000,0,0.00000,0,0.00000,0,0.00000,185,0.00199,0,0.00000,0,0.00000,0,0.00000,0,0.00000,0,0.00000,0,0.00000,0,0.00000
Kribbella sp. NBC_01245,2903578,S,0,0.00000,0,0.00000,0,0.00000,0,0.00000,0,0.00000,0,0.00000,159,0.00171,54,0.00065,358,0.00026,174,0.00022,404,0.00062,393,0.00037,0,0.00000,0,0.00000
Oerskovia sp. KBS0722,1179673,S,0,0.00000,0,0.00000,0,0.00000,0,0.00000,0,0.00000,0,0.00000,153,0.00165,0,0.00000,0,0.00000,0,0.00000,79,0.00012,57,0.00005,0,0.00000,0,0.00000
Nocardiopsis gilva,280236,S,0,0.00000,0,0.00000,0,0.00000,0,0.00000,0,0.00000,0,0.00000,96,0.00103,0,0.00000,650,0.00047,354,0.00045,202,0.00031,255,0.00024,0,0.00000,0,0.00000
Kutzneria albida,43357,S,0,0.00000,0,0.00000,0,0.00000,0,0.00000,0,0.00000,0,0.00000,95,0.00102,0,0.00000,907,0.00065,571,0.00073,387,0.00059,381,0.00035,0,0.00000,0,0.00000
Saccharopolyspora erythraea,1836,S,0,0.00000,0,0.00000,0,0.00000,0,0.00000,0,0.00000,0,0.00000,89,0.00096,0,0.00000,873,0.00063,488,0.00062,791,0.00120,585,0.00054,0,0.00000,0,0.00000
Dactylosporangium sp. AC04546,2862460,S,0,0.00000,0,0.00000,0,0.00000,0,0.00000,0,0.00000,0,0.00000,67,0.00072,0,0.00000,759,0.00054,519,0.00066,338,0.00051,460,0.00043,0,0.00000,0,0.00000
Catellatospora sp. IY07-71,2728827,S,0,0.00000,0,0.00000,0,0.00000,0,0.00000,0,0.00000,0,0.00000,61,0.00066,0,0.00000,496,0.00036,352,0.00045,380,0.00058,373,0.00035,0,0.00000,0,0.00000
Catenulispora acidiphila,304895,S,0,0.00000,0,0.00000,0,0.00000,0,0.00000,0,0.00000,0,0.00000,45,0.00048,0,0.00000,456,0.00033,204,0.00026,166,0.00025,320,0.00030,0,0.00000,0,0.00000
Cupriavidus campinensis,151783,S,0,0.00000,0,0.00000,0,0.00000,0,0.00000,0,0.00000,0,0.00000,0,0.00000,5552,0.06645,253,0.00018,0,0.00000,360,0.00055,61,0.00006,0,0.00000,0,0.00000
Parvibaculum lavamentivorans,256618,S,0,0.00000,0,0.00000,0,0.00000,0,0.00000,0,0.00000,0,0.00000,0,0.00000,3276,0.03921,0,0.00000,0,0.00000,667,0.00102,177,0.00016,0,0.00000,0,0.00000
Starkeya sp. ORNL1,2709380,S,0,0.00000,0,0.00000,0,0.00000,0,0.00000,0,0.00000,0,0.00000,0,0.00000,3196,0.03825,63,0.00005,65,0.00008,186,0.00028,96,0.00009,0,0.00000,0,0.00000
[Pseudomonas] carboxydohydrogena,290,S,0,0.00000,0,0.00000,0,0.00000,0,0.00000,0,0.00000,0,0.00000,0,0.00000,2154,0.02578,0,0.00000,0,0.00000,146,0.00022,80,0.00007,0,0.00000,0,0.00000
Acinetobacter johnsonii,40214,S,0,0.00000,0,0.00000,0,0.00000,0,0.00000,0,0.00000,0,0.00000,0,0.00000,1726,0.02066,23145,0.01658,0,0.00000,0,0.00000,264,0.00025,0,0.00000,0,0.00000
Streptomyces anulatus,1892,S,0,0.00000,0,0.00000,0,0.00000,0,0.00000,0,0.00000,0,0.00000,0,0.00000,1466,0.01755,905,0.00065,927,0.00118,518,0.00079,478,0.00044,0,0.00000,0,0.00000
Afipia carboxidovorans,40137,S,0,0.00000,0,0.00000,0,0.00000,0,0.00000,0,0.00000,0,0.00000,0,0.00000,1321,0.01581,195,0.00014,0,0.00000,322,0.00049,296,0.00028,0,0.00000,0,0.00000
Sphingopyxis chilensis,180400,S,0,0.00000,0,0.00000,0,0.00000,0,0.00000,0,0.00000,0,0.00000,0,0.00000,1173,0.01404,0,0.00000,0,0.00000,0,0.00000,34,0.00003,0,0.00000,0,0.00000
Acinetobacter lwoffii,28090,S,0,0.00000,0,0.00000,0,0.00000,0,0.00000,0,0.00000,0,0.00000,0,0.00000,1130,0.01353,1468,0.00105,1334,0.00170,0,0.00000,3020,0.00281,0,0.00000,0,0.00000
Chelatococcus sp. CO-6,1702325,S,0,0.00000,0,0.00000,0,0.00000,0,0.00000,0,0.00000,0,0.00000,0,0.00000,1071,0.01282,0,0.00000,0,0.00000,245,0.00037,95,0.00009,0,0.00000,0,0.00000
Sphingopyxis sp. OPL5,2486273,S,0,0.00000,0,0.00000,0,0.00000,0,0.00000,0,0.00000,0,0.00000,0,0.00000,986,0.01180,0,0.00000,0,0.00000,0,0.00000,0,0.00000,0,0.00000,0,0.00000
Sinimarinibacterium sp. NLF-5-8,2698684,S,0,0.00000,0,0.00000,0,0.00000,0,0.00000,0,0.00000,0,0.00000,0,0.00000,746,0.00893,0,0.00000,0,0.00000,0,0.00000,0,0.00000,0,0.00000,0,0.00000
Exiguobacterium aurantiacum,33987,S,0,0.00000,0,0.00000,0,0.00000,0,0.00000,0,0.00000,0,0.00000,0,0.00000,732,0.00876,0,0.00000,0,0.00000,0,0.00000,0,0.00000,0,0.00000,0,0.00000
Bradyrhizobium sp. 170,2782641,S,0,0.00000,0,0.00000,0,0.00000,0,0.00000,0,0.00000,0,0.00000,0,0.00000,707,0.00846,3300,0.00236,2516,0.00321,9891,0.01507,10049,0.00935,0,0.00000,0,0.00000
Bradyrhizobium sp. 200,2782665,S,0,0.00000,0,0.00000,0,0.00000,0,0.00000,0,0.00000,0,0.00000,0,0.00000,506,0.00606,2291,0.00164,1937,0.00247,7978,0.01215,7969,0.00742,0,0.00000,0,0.00000
Streptomyces sp. NBC_00443,2975743,S,0,0.00000,0,0.00000,0,0.00000,0,0.00000,0,0.00000,0,0.00000,0,0.00000,472,0.00565,155,0.00011,101,0.00013,0,0.00000,127,0.00012,0,0.00000,0,0.00000
Sutcliffiella sp. FSL R7-0096,2921670,S,0,0.00000,0,0.00000,0,0.00000,0,0.00000,0,0.00000,0,0.00000,0,0.00000,448,0.00536,0,0.00000,0,0.00000,0,0.00000,0,0.00000,0,0.00000,0,0.00000
Chryseomicrobium sp. FSL W7-1435,2921704,S,0,0.00000,0,0.00000,0,0.00000,0,0.00000,0,0.00000,0,0.00000,0,0.00000,415,0.00497,0,0.00000,0,0.00000,0,0.00000,0,0.00000,0,0.00000,0,0.00000
Roseovarius sp. THAF9,2587847,S,0,0.00000,0,0.00000,0,0.00000,0,0.00000,0,0.00000,0,0.00000,0,0.00000,408,0.00488,0,0.00000,0,0.00000,0,0.00000,0,0.00000,0,0.00000,0,0.00000
Bradyrhizobium roseum,3056648,S,0,0.00000,0,0.00000,0,0.00000,0,0.00000,0,0.00000,0,0.00000,0,0.00000,394,0.00472,215,0.00015,137,0.00017,798,0.00122,496,0.00046,0,0.00000,0,0.00000
Empedobacter falsenii,343874,S,0,0.00000,0,0.00000,0,0.00000,0,0.00000,0,0.00000,0,0.00000,0,0.00000,385,0.00461,0,0.00000,0,0.00000,0,0.00000,0,0.00000,0,0.00000,0,0.00000
Sutcliffiella horikoshii,79883,S,0,0.00000,0,0.00000,0,0.00000,0,0.00000,0,0.00000,0,0.00000,0,0.00000,349,0.00418,0,0.00000,0,0.00000,0,0.00000,0,0.00000,0,0.00000,0,0.00000
Sphingopyxis macrogoltabida,33050,S,0,0.00000,0,0.00000,0,0.00000,0,0.00000,0,0.00000,0,0.00000,0,0.00000,319,0.00382,0,0.00000,0,0.00000,0,0.00000,121,0.00011,0,0.00000,0,0.00000
Rhodopseudomonas sp. BAL398,3034676,S,0,0.00000,0,0.00000,0,0.00000,0,0.00000,0,0.00000,0,0.00000,0,0.00000,312,0.00373,0,0.00000,0,0.00000,306,0.00047,180,0.00017,0,0.00000,0,0.00000
Exiguobacterium mexicanum,340146,S,0,0.00000,0,0.00000,0,0.00000,0,0.00000,0,0.00000,0,0.00000,0,0.00000,306,0.00366,0,0.00000,0,0.00000,0,0.00000,0,0.00000,0,0.00000,0,0.00000
Paraburkholderia dioscoreae,2604047,S,0,0.00000,0,0.00000,0,0.00000,0,0.00000,0,0.00000,0,0.00000,0,0.00000,292,0.00350,0,0.00000,0,0.00000,0,0.00000,0,0.00000,0,0.00000,0,0.00000
Rhodoplanes sp. Z2-YC6860,674703,S,0,0.00000,0,0.00000,0,0.00000,0,0.00000,0,0.00000,0,0.00000,0,0.00000,246,0.00294,536,0.00038,293,0.00037,2066,0.00315,464,0.00043,0,0.00000,0,0.00000
Ferrovibrio terrae,2594003,S,0,0.00000,0,0.00000,0,0.00000,0,0.00000,0,0.00000,0,0.00000,0,0.00000,226,0.00271,49,0.00004,0,0.00000,83,0.00013,106,0.00010,0,0.00000,0,0.00000
Enhydrobacter sp.,1894999,S,0,0.00000,0,0.00000,0,0.00000,0,0.00000,0,0.00000,0,0.00000,0,0.00000,214,0.00256,594,0.00043,223,0.00028,755,0.00115,339,0.00032,0,0.00000,0,0.00000
Kocuria palustris,71999,S,0,0.00000,0,0.00000,0,0.00000,0,0.00000,0,0.00000,0,0.00000,0,0.00000,197,0.00236,81,0.00006,0,0.00000,0,0.00000,96,0.00009,0,0.00000,0,0.00000
Rhizobium sp. SL42,2806346,S,0,0.00000,0,0.00000,0,0.00000,0,0.00000,0,0.00000,0,0.00000,0,0.00000,186,0.00223,0,0.00000,0,0.00000,0,0.00000,0,0.00000,0,0.00000,0,0.00000
Bradyrhizobium paxllaeri,190148,S,0,0.00000,0,0.00000,0,0.00000,0,0.00000,0,0.00000,0,0.00000,0,0.00000,184,0.00220,357,0.00026,293,0.00037,1498,0.00228,1009,0.00094,0,0.00000,0,0.00000
Bradyrhizobium sp. CCBAU 051011,858422,S,0,0.00000,0,0.00000,0,0.00000,0,0.00000,0,0.00000,0,0.00000,0,0.00000,170,0.00203,517,0.00037,529,0.00067,1564,0.00238,1547,0.00144,0,0.00000,0,0.00000
Bosea vaviloviae,1526658,S,0,0.00000,0,0.00000,0,0.00000,0,0.00000,0,0.00000,0,0.00000,0,0.00000,168,0.00201,0,0.00000,0,0.00000,80,0.00012,60,0.00006,0,0.00000,0,0.00000
Exiguobacterium alkaliphilum,1428684,S,0,0.00000,0,0.00000,0,0.00000,0,0.00000,0,0.00000,0,0.00000,0,0.00000,166,0.00199,0,0.00000,0,0.00000,0,0.00000,0,0.00000,0,0.00000,0,0.00000
Paeniglutamicibacter sp. ZC-3,2986919,S,0,0.00000,0,0.00000,0,0.00000,0,0.00000,0,0.00000,0,0.00000,0,0.00000,162,0.00194,0,0.00000,0,0.00000,0,0.00000,0,0.00000,0,0.00000,0,0.00000
Pseudorhodoplanes sinuspersici,1235591,S,0,0.00000,0,0.00000,0,0.00000,0,0.00000,0,0.00000,0,0.00000,0,0.00000,160,0.00192,83,0.00006,53,0.00007,252,0.00038,104,0.00010,0,0.00000,0,0.00000
Polynucleobacter sp. Adler-ghost,2770234,S,0,0.00000,0,0.00000,0,0.00000,0,0.00000,0,0.00000,0,0.00000,0,0.00000,145,0.00174,0,0.00000,0,0.00000,0,0.00000,0,0.00000,0,0.00000,0,0.00000
Devosia sp. A16,1736675,S,0,0.00000,0,0.00000,0,0.00000,0,0.00000,0,0.00000,0,0.00000,0,0.00000,138,0.00165,90,0.00006,76,0.00010,165,0.00025,94,0.00009,0,0.00000,0,0.00000
Aquirufa lenticrescens,2696560,S,0,0.00000,0,0.00000,0,0.00000,0,0.00000,0,0.00000,0,0.00000,0,0.00000,133,0.00159,0,0.00000,0,0.00000,0,0.00000,0,0.00000,0,0.00000,0,0.00000
Tautonia plasticadhaerens,2527974,S,0,0.00000,0,0.00000,0,0.00000,0,0.00000,0,0.00000,0,0.00000,0,0.00000,127,0.00152,56,0.00004,26,0.00003,171,0.00026,92,0.00009,0,0.00000,0,0.00000
Ancylobacter sp. TS-1,1850374,S,0,0.00000,0,0.00000,0,0.00000,0,0.00000,0,0.00000,0,0.00000,0,0.00000,121,0.00145,0,0.00000,0,0.00000,173,0.00026,0,0.00000,0,0.00000,0,0.00000
Aquibium oceanicum,1670800,S,0,0.00000,0,0.00000,0,0.00000,0,0.00000,0,0.00000,0,0.00000,0,0.00000,121,0.00145,0,0.00000,0,0.00000,149,0.00023,132,0.00012,0,0.00000,0,0.00000
Bradyrhizobium icense,1274631,S,0,0.00000,0,0.00000,0,0.00000,0,0.00000,0,0.00000,0,0.00000,0,0.00000,118,0.00141,357,0.00026,276,0.00035,928,0.00141,785,0.00073,0,0.00000,0,0.00000
Pseudomonas sp. DG56-2,2320270,S,0,0.00000,0,0.00000,0,0.00000,0,0.00000,0,0.00000,0,0.00000,0,0.00000,109,0.00130,0,0.00000,0,0.00000,0,0.00000,0,0.00000,0,0.00000,0,0.00000
Kribbella sp. CA-293567,3002436,S,0,0.00000,0,0.00000,0,0.00000,0,0.00000,0,0.00000,0,0.00000,0,0.00000,107,0.00128,357,0.00026,121,0.00015,286,0.00044,357,0.00033,0,0.00000,0,0.00000
Bosea sp. PAMC 26642,1792307,S,0,0.00000,0,0.00000,0,0.00000,0,0.00000,0,0.00000,0,0.00000,0,0.00000,104,0.00124,80,0.00006,0,0.00000,87,0.00013,46,0.00004,0,0.00000,0,0.00000
Paraburkholderia edwinii,2861782,S,0,0.00000,0,0.00000,0,0.00000,0,0.00000,0,0.00000,0,0.00000,0,0.00000,102,0.00122,0,0.00000,0,0.00000,0,0.00000,0,0.00000,0,0.00000,0,0.00000
Ancylobacter novellus,921,S,0,0.00000,0,0.00000,0,0.00000,0,0.00000,0,0.00000,0,0.00000,0,0.00000,99,0.00118,103,0.00007,0,0.00000,177,0.00027,133,0.00012,0,0.00000,0,0.00000
Methyloligella sp. GL2,2742204,S,0,0.00000,0,0.00000,0,0.00000,0,0.00000,0,0.00000,0,0.00000,0,0.00000,97,0.00116,74,0.00005,0,0.00000,311,0.00047,171,0.00016,0,0.00000,0,0.00000
Bradyrhizobium sp. sBnM-33,2831780,S,0,0.00000,0,0.00000,0,0.00000,0,0.00000,0,0.00000,0,0.00000,0,0.00000,92,0.00110,385,0.00028,256,0.00033,1022,0.00156,1018,0.00095,0,0.00000,0,0.00000
Pseudomonas benzenivorans,556533,S,0,0.00000,0,0.00000,0,0.00000,0,0.00000,0,0.00000,0,0.00000,0,0.00000,83,0.00099,120,0.00009,0,0.00000,0,0.00000,147,0.00014,0,0.00000,0,0.00000
Kribbella qitaiheensis,1544730,S,0,0.00000,0,0.00000,0,0.00000,0,0.00000,0,0.00000,0,0.00000,0,0.00000,82,0.00098,277,0.00020,129,0.00016,1326,0.00202,1040,0.00097,0,0.00000,0,0.00000
Pseudolabrys sp. FHR47,2562284,S,0,0.00000,0,0.00000,0,0.00000,0,0.00000,0,0.00000,0,0.00000,0,0.00000,78,0.00093,105,0.00008,75,0.00010,464,0.00071,112,0.00010,0,0.00000,0,0.00000
Novosphingobium ginsenosidimutans,1176536,S,0,0.00000,0,0.00000,0,0.00000,0,0.00000,0,0.00000,0,0.00000,0,0.00000,72,0.00086,0,0.00000,0,0.00000,0,0.00000,0,0.00000,0,0.00000,0,0.00000
Nannocystis poenicansa,2995304,S,0,0.00000,0,0.00000,0,0.00000,0,0.00000,0,0.00000,0,0.00000,0,0.00000,72,0.00086,87,0.00006,76,0.00010,282,0.00043,134,0.00012,0,0.00000,0,0.00000
Hyphomicrobium sp. DMF-1,3019544,S,0,0.00000,0,0.00000,0,0.00000,0,0.00000,0,0.00000,0,0.00000,0,0.00000,70,0.00084,67,0.00005,71,0.00009,190,0.00029,93,0.00009,0,0.00000,0,0.00000
Polynucleobacter sp. MWH-Aus1W21,1855880,S,0,0.00000,0,0.00000,0,0.00000,0,0.00000,0,0.00000,0,0.00000,0,0.00000,70,0.00084,0,0.00000,0,0.00000,0,0.00000,0,0.00000,0,0.00000,0,0.00000
Methylocystis sp. SC2,187303,S,0,0.00000,0,0.00000,0,0.00000,0,0.00000,0,0.00000,0,0.00000,0,0.00000,69,0.00083,0,0.00000,0,0.00000,0,0.00000,0,0.00000,0,0.00000,0,0.00000
Nordella sp. HKS 07,2712222,S,0,0.00000,0,0.00000,0,0.00000,0,0.00000,0,0.00000,0,0.00000,0,0.00000,66,0.00079,316,0.00023,110,0.00014,406,0.00062,226,0.00021,0,0.00000,0,0.00000
Polynucleobacter sp. MWH-S4W17,1855910,S,0,0.00000,0,0.00000,0,0.00000,0,0.00000,0,0.00000,0,0.00000,0,0.00000,66,0.00079,0,0.00000,0,0.00000,0,0.00000,0,0.00000,0,0.00000,0,0.00000
Labrys sp. KNU-23,2789216,S,0,0.00000,0,0.00000,0,0.00000,0,0.00000,0,0.00000,0,0.00000,0,0.00000,63,0.00075,0,0.00000,0,0.00000,67,0.00010,44,0.00004,0,0.00000,0,0.00000
Cytophaga hutchinsonii,985,S,0,0.00000,0,0.00000,0,0.00000,0,0.00000,0,0.00000,0,0.00000,0,0.00000,60,0.00072,0,0.00000,0,0.00000,0,0.00000,0,0.00000,0,0.00000,0,0.00000
Jiangella sp. DSM 45060,1798224,S,0,0.00000,0,0.00000,0,0.00000,0,0.00000,0,0.00000,0,0.00000,0,0.00000,54,0.00065,157,0.00011,69,0.00009,166,0.00025,282,0.00026,0,0.00000,0,0.00000
Hyphomicrobium denitrificans,53399,S,0,0.00000,0,0.00000,0,0.00000,0,0.00000,0,0.00000,0,0.00000,0,0.00000,54,0.00065,45,0.00003,39,0.00005,158,0.00024,88,0.00008,0,0.00000,0,0.00000
Verrucomicrobium spinosum,2736,S,0,0.00000,0,0.00000,0,0.00000,0,0.00000,0,0.00000,0,0.00000,0,0.00000,53,0.00063,0,0.00000,0,0.00000,26,0.00004,0,0.00000,0,0.00000,0,0.00000
Limnohabitans sp. 103DPR2,1678129,S,0,0.00000,0,0.00000,0,0.00000,0,0.00000,0,0.00000,0,0.00000,0,0.00000,49,0.00059,0,0.00000,0,0.00000,0,0.00000,0,0.00000,0,0.00000,0,0.00000
Luteitalea sp. TBR-22,2802971,S,0,0.00000,0,0.00000,0,0.00000,0,0.00000,0,0.00000,0,0.00000,0,0.00000,47,0.00056,240,0.00017,134,0.00017,1639,0.00250,422,0.00039,0,0.00000,0,0.00000
Nitrospira moscoviensis,42253,S,0,0.00000,0,0.00000,0,0.00000,0,0.00000,0,0.00000,0,0.00000,0,0.00000,47,0.00056,115,0.00008,72,0.00009,489,0.00074,254,0.00024,0,0.00000,0,0.00000
Natronosporangium hydrolyticum,2811111,S,0,0.00000,0,0.00000,0,0.00000,0,0.00000,0,0.00000,0,0.00000,0,0.00000,46,0.00055,127,0.00009,69,0.00009,62,0.00009,54,0.00005,0,0.00000,0,0.00000
Limnohabitans sp. TEGF004,2986281,S,0,0.00000,0,0.00000,0,0.00000,0,0.00000,0,0.00000,0,0.00000,0,0.00000,36,0.00043,0,0.00000,0,0.00000,0,0.00000,0,0.00000,0,0.00000,0,0.00000
Methylophilus sp. DW102,3095607,S,0,0.00000,0,0.00000,0,0.00000,0,0.00000,0,0.00000,0,0.00000,0,0.00000,30,0.00036,0,0.00000,0,0.00000,0,0.00000,0,0.00000,0,0.00000,0,0.00000
Luteitalea pratensis,1855912,S,0,0.00000,0,0.00000,0,0.00000,0,0.00000,0,0.00000,0,0.00000,0,0.00000,26,0.00031,240,0.00017,84,0.00011,1259,0.00192,382,0.00036,0,0.00000,0,0.00000
Candidatus Thiodictyon syntrophicum,1166950,S,0,0.00000,0,0.00000,0,0.00000,0,0.00000,0,0.00000,0,0.00000,0,0.00000,25,0.00030,34,0.00002,0,0.00000,40,0.00006,24,0.00002,0,0.00000,0,0.00000
Candidatus Nitrosocosmicus oleophilus,1353260,S,0,0.00000,0,0.00000,0,0.00000,0,0.00000,0,0.00000,0,0.00000,0,0.00000,24,0.00029,130,0.00009,141,0.00018,258,0.00039,564,0.00052,0,0.00000,0,0.00000
Chitinophaga filiformis,104663,S,0,0.00000,0,0.00000,0,0.00000,0,0.00000,0,0.00000,0,0.00000,0,0.00000,22,0.00026,0,0.00000,0,0.00000,0,0.00000,0,0.00000,0,0.00000,0,0.00000
Nitrospira sp. KM1,1936990,S,0,0.00000,0,0.00000,0,0.00000,0,0.00000,0,0.00000,0,0.00000,0,0.00000,19,0.00023,35,0.00003,24,0.00003,136,0.00021,110,0.00010,0,0.00000,0,0.00000
Escherichia coli,562,S,0,0.00000,0,0.00000,0,0.00000,0,0.00000,0,0.00000,0,0.00000,0,0.00000,0,0.00000,5496,0.00394,4721,0.00602,0,0.00000,1103,0.00103,0,0.00000,0,0.00000
Mycobacterium tuberculosis,1773,S,0,0.00000,0,0.00000,0,0.00000,0,0.00000,0,0.00000,0,0.00000,0,0.00000,0,0.00000,3715,0.00266,0,0.00000,0,0.00000,1365,0.00127,0,0.00000,0,0.00000
Streptomyces albidoflavus,1886,S,0,0.00000,0,0.00000,0,0.00000,0,0.00000,0,0.00000,0,0.00000,0,0.00000,0,0.00000,3314,0.00237,0,0.00000,0,0.00000,0,0.00000,0,0.00000,0,0.00000
Phyllobacterium sp. A18/5-2,2978392,S,0,0.00000,0,0.00000,0,0.00000,0,0.00000,0,0.00000,0,0.00000,0,0.00000,0,0.00000,2952,0.00212,3794,0.00484,5979,0.00911,4453,0.00414,0,0.00000,0,0.00000
Streptomyces nigrescens,1920,S,0,0.00000,0,0.00000,0,0.00000,0,0.00000,0,0.00000,0,0.00000,0,0.00000,0,0.00000,2459,0.00176,444,0.00057,780,0.00119,630,0.00059,0,0.00000,0,0.00000
Streptomyces mobaraensis,35621,S,0,0.00000,0,0.00000,0,0.00000,0,0.00000,0,0.00000,0,0.00000,0,0.00000,0,0.00000,2425,0.00174,1071,0.00137,437,0.00067,601,0.00056,0,0.00000,0,0.00000
Bradyrhizobium diazoefficiens,1355477,S,0,0.00000,0,0.00000,0,0.00000,0,0.00000,0,0.00000,0,0.00000,0,0.00000,0,0.00000,2422,0.00174,2168,0.00276,7395,0.01126,5613,0.00522,0,0.00000,0,0.00000
Streptomyces mirabilis,68239,S,0,0.00000,0,0.00000,0,0.00000,0,0.00000,0,0.00000,0,0.00000,0,0.00000,0,0.00000,1471,0.00105,2874,0.00366,2296,0.00350,2424,0.00226,0,0.00000,0,0.00000
Streptomyces sp. CA-210063,2801029,S,0,0.00000,0,0.00000,0,0.00000,0,0.00000,0,0.00000,0,0.00000,0,0.00000,0,0.00000,1410,0.00101,334,0.00043,257,0.00039,361,0.00034,0,0.00000,0,0.00000
Streptomyces sp. NBC_01260,2903801,S,0,0.00000,0,0.00000,0,0.00000,0,0.00000,0,0.00000,0,0.00000,0,0.00000,0,0.00000,1404,0.00101,699,0.00089,0,0.00000,441,0.00041,0,0.00000,0,0.00000
Breoghania sp.,2065378,S,0,0.00000,0,0.00000,0,0.00000,0,0.00000,0,0.00000,0,0.00000,0,0.00000,0,0.00000,1390,0.00100,1052,0.00134,2486,0.00379,505,0.00047,0,0.00000,0,0.00000
Acinetobacter ursingii,108980,S,0,0.00000,0,0.00000,0,0.00000,0,0.00000,0,0.00000,0,0.00000,0,0.00000,0,0.00000,1315,0.00094,0,0.00000,0,0.00000,0,0.00000,0,0.00000,0,0.00000
Streptomyces sp. NBC_00425,2975740,S,0,0.00000,0,0.00000,0,0.00000,0,0.00000,0,0.00000,0,0.00000,0,0.00000,0,0.00000,1287,0.00092,180,0.00023,188,0.00029,231,0.00021,0,0.00000,0,0.00000
Capillimicrobium parvum,2884022,S,0,0.00000,0,0.00000,0,0.00000,0,0.00000,0,0.00000,0,0.00000,0,0.00000,0,0.00000,1244,0.00089,920,0.00117,3224,0.00491,4736,0.00441,0,0.00000,0,0.00000
Conexibacter woesei,191495,S,0,0.00000,0,0.00000,0,0.00000,0,0.00000,0,0.00000,0,0.00000,0,0.00000,0,0.00000,1214,0.00087,924,0.00118,2985,0.00455,3878,0.00361,0,0.00000,0,0.00000
Streptomyces goshikiensis,1942,S,0,0.00000,0,0.00000,0,0.00000,0,0.00000,0,0.00000,0,0.00000,0,0.00000,0,0.00000,1151,0.00082,0,0.00000,0,0.00000,0,0.00000,0,0.00000,0,0.00000
Streptomyces fradiae,1906,S,0,0.00000,0,0.00000,0,0.00000,0,0.00000,0,0.00000,0,0.00000,0,0.00000,0,0.00000,1149,0.00082,559,0.00071,434,0.00066,371,0.00035,0,0.00000,0,0.00000
Variovorax paradoxus,34073,S,0,0.00000,0,0.00000,0,0.00000,0,0.00000,0,0.00000,0,0.00000,0,0.00000,0,0.00000,1123,0.00080,871,0.00111,3684,0.00561,978,0.00091,0,0.00000,0,0.00000
Streptomyces sp. NBC_00258,2903642,S,0,0.00000,0,0.00000,0,0.00000,0,0.00000,0,0.00000,0,0.00000,0,0.00000,0,0.00000,1115,0.00080,1369,0.00175,599,0.00091,1301,0.00121,0,0.00000,0,0.00000
Streptomyces microflavus,1919,S,0,0.00000,0,0.00000,0,0.00000,0,0.00000,0,0.00000,0,0.00000,0,0.00000,0,0.00000,1073,0.00077,338,0.00043,389,0.00059,546,0.00051,0,0.00000,0,0.00000
Conexibacter sp. SYSU D00693,2812560,S,0,0.00000,0,0.00000,0,0.00000,0,0.00000,0,0.00000,0,0.00000,0,0.00000,0,0.00000,1057,0.00076,654,0.00083,2625,0.00400,3479,0.00324,0,0.00000,0,0.00000
Streptomyces violaceusniger,68280,S,0,0.00000,0,0.00000,0,0.00000,0,0.00000,0,0.00000,0,0.00000,0,0.00000,0,0.00000,1052,0.00075,221,0.00028,260,0.00040,183,0.00017,0,0.00000,0,0.00000
Sorangium cellulosum,56,S,0,0.00000,0,0.00000,0,0.00000,0,0.00000,0,0.00000,0,0.00000,0,0.00000,0,0.00000,1024,0.00073,490,0.00062,1519,0.00231,942,0.00088,0,0.00000,0,0.00000
Streptomyces sp. Y1,3238634,S,0,0.00000,0,0.00000,0,0.00000,0,0.00000,0,0.00000,0,0.00000,0,0.00000,0,0.00000,991,0.00071,554,0.00071,304,0.00046,391,0.00036,0,0.00000,0,0.00000
Actinacidiphila glaucinigra,235986,S,0,0.00000,0,0.00000,0,0.00000,0,0.00000,0,0.00000,0,0.00000,0,0.00000,0,0.00000,990,0.00071,613,0.00078,430,0.00066,489,0.00046,0,0.00000,0,0.00000
Streptomyces decoyicus,249567,S,0,0.00000,0,0.00000,0,0.00000,0,0.00000,0,0.00000,0,0.00000,0,0.00000,0,0.00000,953,0.00068,478,0.00061,540,0.00082,315,0.00029,0,0.00000,0,0.00000
Streptomyces venezuelae,54571,S,0,0.00000,0,0.00000,0,0.00000,0,0.00000,0,0.00000,0,0.00000,0,0.00000,0,0.00000,949,0.00068,638,0.00081,489,0.00074,538,0.00050,0,0.00000,0,0.00000
Streptomyces sp. NBC_01340,2903830,S,0,0.00000,0,0.00000,0,0.00000,0,0.00000,0,0.00000,0,0.00000,0,0.00000,0,0.00000,932,0.00067,688,0.00088,283,0.00043,416,0.00039,0,0.00000,0,0.00000
Kitasatospora sp. NBC_00458,2903568,S,0,0.00000,0,0.00000,0,0.00000,0,0.00000,0,0.00000,0,0.00000,0,0.00000,0,0.00000,899,0.00064,509,0.00065,271,0.00041,352,0.00033,0,0.00000,0,0.00000
Actinomadura sp. WMMB 499,1219491,S,0,0.00000,0,0.00000,0,0.00000,0,0.00000,0,0.00000,0,0.00000,0,0.00000,0,0.00000,890,0.00064,454,0.00058,431,0.00066,532,0.00050,0,0.00000,0,0.00000
Kitasatospora cathayae,3004092,S,0,0.00000,0,0.00000,0,0.00000,0,0.00000,0,0.00000,0,0.00000,0,0.00000,0,0.00000,890,0.00064,405,0.00052,163,0.00025,187,0.00017,0,0.00000,0,0.00000
Streptomyces bobili,67280,S,0,0.00000,0,0.00000,0,0.00000,0,0.00000,0,0.00000,0,0.00000,0,0.00000,0,0.00000,874,0.00063,0,0.00000,0,0.00000,934,0.00087,0,0.00000,0,0.00000
Streptomyces sp. TLI_053,1855352,S,0,0.00000,0,0.00000,0,0.00000,0,0.00000,0,0.00000,0,0.00000,0,0.00000,0,0.00000,846,0.00061,588,0.00075,0,0.00000,457,0.00043,0,0.00000,0,0.00000
Mesorhizobium sp. L-2-11,2744521,S,0,0.00000,0,0.00000,0,0.00000,0,0.00000,0,0.00000,0,0.00000,0,0.00000,0,0.00000,835,0.00060,476,0.00061,444,0.00068,446,0.00042,0,0.00000,0,0.00000
Peterkaempfera bronchialis,2126346,S,0,0.00000,0,0.00000,0,0.00000,0,0.00000,0,0.00000,0,0.00000,0,0.00000,0,0.00000,784,0.00056,405,0.00052,148,0.00023,322,0.00030,0,0.00000,0,0.00000
Streptomyces hygroscopicus,1912,S,0,0.00000,0,0.00000,0,0.00000,0,0.00000,0,0.00000,0,0.00000,0,0.00000,0,0.00000,780,0.00056,632,0.00081,182,0.00028,173,0.00016,0,0.00000,0,0.00000
Streptomyces virginiae,1961,S,0,0.00000,0,0.00000,0,0.00000,0,0.00000,0,0.00000,0,0.00000,0,0.00000,0,0.00000,758,0.00054,419,0.00053,308,0.00047,320,0.00030,0,0.00000,0,0.00000
Pseudonocardia sp. DSM 110487,2865833,S,0,0.00000,0,0.00000,0,0.00000,0,0.00000,0,0.00000,0,0.00000,0,0.00000,0,0.00000,756,0.00054,609,0.00078,2301,0.00351,3419,0.00318,0,0.00000,0,0.00000
Pseudescherichia vulneris,566,S,0,0.00000,0,0.00000,0,0.00000,0,0.00000,0,0.00000,0,0.00000,0,0.00000,0,0.00000,715,0.00051,0,0.00000,0,0.00000,0,0.00000,0,0.00000,0,0.00000
Kitasatospora purpeofusca,67352,S,0,0.00000,0,0.00000,0,0.00000,0,0.00000,0,0.00000,0,0.00000,0,0.00000,0,0.00000,713,0.00051,516,0.00066,437,0.00067,506,0.00047,0,0.00000,0,0.00000
Streptomyces griseus,1911,S,0,0.00000,0,0.00000,0,0.00000,0,0.00000,0,0.00000,0,0.00000,0,0.00000,0,0.00000,682,0.00049,0,0.00000,0,0.00000,318,0.00030,0,0.00000,0,0.00000
Amycolatopsis albispora,1804986,S,0,0.00000,0,0.00000,0,0.00000,0,0.00000,0,0.00000,0,0.00000,0,0.00000,0,0.00000,674,0.00048,320,0.00041,502,0.00076,399,0.00037,0,0.00000,0,0.00000
Aminobacter sp. MSH1,374606,S,0,0.00000,0,0.00000,0,0.00000,0,0.00000,0,0.00000,0,0.00000,0,0.00000,0,0.00000,673,0.00048,0,0.00000,0,0.00000,280,0.00026,0,0.00000,0,0.00000
Streptomyces violaceus,1936,S,0,0.00000,0,0.00000,0,0.00000,0,0.00000,0,0.00000,0,0.00000,0,0.00000,0,0.00000,670,0.00048,253,0.00032,357,0.00054,254,0.00024,0,0.00000,0,0.00000
Streptomyces sp. XD-27,3062779,S,0,0.00000,0,0.00000,0,0.00000,0,0.00000,0,0.00000,0,0.00000,0,0.00000,0,0.00000,664,0.00048,298,0.00038,199,0.00030,219,0.00020,0,0.00000,0,0.00000
Pseudonocardia dioxanivorans,240495,S,0,0.00000,0,0.00000,0,0.00000,0,0.00000,0,0.00000,0,0.00000,0,0.00000,0,0.00000,636,0.00046,527,0.00067,743,0.00113,1104,0.00103,0,0.00000,0,0.00000
Micrococcus luteus,1270,S,0,0.00000,0,0.00000,0,0.00000,0,0.00000,0,0.00000,0,0.00000,0,0.00000,0,0.00000,635,0.00046,450,0.00057,0,0.00000,330,0.00031,0,0.00000,0,0.00000
Sphaerotilus microaerophilus,2914710,S,0,0.00000,0,0.00000,0,0.00000,0,0.00000,0,0.00000,0,0.00000,0,0.00000,0,0.00000,576,0.00041,0,0.00000,0,0.00000,71,0.00007,0,0.00000,0,0.00000
Streptomyces aurantiacus,47760,S,0,0.00000,0,0.00000,0,0.00000,0,0.00000,0,0.00000,0,0.00000,0,0.00000,0,0.00000,564,0.00040,306,0.00039,185,0.00028,209,0.00019,0,0.00000,0,0.00000
Streptomyces sp. AM 4-1-1,3028710,S,0,0.00000,0,0.00000,0,0.00000,0,0.00000,0,0.00000,0,0.00000,0,0.00000,0,0.00000,558,0.00040,350,0.00045,201,0.00031,391,0.00036,0,0.00000,0,0.00000
Micromonospora aurantiaca,47850,S,0,0.00000,0,0.00000,0,0.00000,0,0.00000,0,0.00000,0,0.00000,0,0.00000,0,0.00000,553,0.00040,0,0.00000,522,0.00080,319,0.00030,0,0.00000,0,0.00000
Streptacidiphilus sp. P02-A3a,2704468,S,0,0.00000,0,0.00000,0,0.00000,0,0.00000,0,0.00000,0,0.00000,0,0.00000,0,0.00000,550,0.00039,320,0.00041,156,0.00024,247,0.00023,0,0.00000,0,0.00000
Streptomyces sp. NBC_01483,2903883,S,0,0.00000,0,0.00000,0,0.00000,0,0.00000,0,0.00000,0,0.00000,0,0.00000,0,0.00000,549,0.00039,336,0.00043,0,0.00000,182,0.00017,0,0.00000,0,0.00000
Streptomyces lydicus,47763,S,0,0.00000,0,0.00000,0,0.00000,0,0.00000,0,0.00000,0,0.00000,0,0.00000,0,0.00000,541,0.00039,533,0.00068,660,0.00101,277,0.00026,0,0.00000,0,0.00000
Kitasatospora sp. NBC_01266,2903572,S,0,0.00000,0,0.00000,0,0.00000,0,0.00000,0,0.00000,0,0.00000,0,0.00000,0,0.00000,521,0.00037,363,0.00046,181,0.00028,202,0.00019,0,0.00000,0,0.00000
Streptomyces antimycoticus,68175,S,0,0.00000,0,0.00000,0,0.00000,0,0.00000,0,0.00000,0,0.00000,0,0.00000,0,0.00000,518,0.00037,2164,0.00276,613,0.00093,7808,0.00727,0,0.00000,0,0.00000
Miltoncostaea marina,2843215,S,0,0.00000,0,0.00000,0,0.00000,0,0.00000,0,0.00000,0,0.00000,0,0.00000,0,0.00000,514,0.00037,257,0.00033,880,0.00134,834,0.00078,0,0.00000,0,0.00000
Xanthomonas sacchari,56458,S,0,0.00000,0,0.00000,0,0.00000,0,0.00000,0,0.00000,0,0.00000,0,0.00000,0,0.00000,514,0.00037,239,0.00030,0,0.00000,209,0.00019,0,0.00000,0,0.00000
Streptomyces xinghaiensis,1038928,S,0,0.00000,0,0.00000,0,0.00000,0,0.00000,0,0.00000,0,0.00000,0,0.00000,0,0.00000,499,0.00036,186,0.00024,203,0.00031,178,0.00017,0,0.00000,0,0.00000
Thermobifida alba,53522,S,0,0.00000,0,0.00000,0,0.00000,0,0.00000,0,0.00000,0,0.00000,0,0.00000,0,0.00000,497,0.00036,266,0.00034,133,0.00020,211,0.00020,0,0.00000,0,0.00000
Mycolicibacterium austroafricanum,39687,S,0,0.00000,0,0.00000,0,0.00000,0,0.00000,0,0.00000,0,0.00000,0,0.00000,0,0.00000,497,0.00036,0,0.00000,0,0.00000,549,0.00051,0,0.00000,0,0.00000
Mycobacterium intracellulare,1767,S,0,0.00000,0,0.00000,0,0.00000,0,0.00000,0,0.00000,0,0.00000,0,0.00000,0,0.00000,496,0.00036,502,0.00064,619,0.00094,876,0.00082,0,0.00000,0,0.00000
Bradyrhizobium lablabi,722472,S,0,0.00000,0,0.00000,0,0.00000,0,0.00000,0,0.00000,0,0.00000,0,0.00000,0,0.00000,495,0.00035,368,0.00047,1103,0.00168,1519,0.00141,0,0.00000,0,0.00000
Streptomyces canus,58343,S,0,0.00000,0,0.00000,0,0.00000,0,0.00000,0,0.00000,0,0.00000,0,0.00000,0,0.00000,494,0.00035,306,0.00039,1897,0.00289,639,0.00059,0,0.00000,0,0.00000
Streptomyces sp. NBC_01262,2903803,S,0,0.00000,0,0.00000,0,0.00000,0,0.00000,0,0.00000,0,0.00000,0,0.00000,0,0.00000,493,0.00035,222,0.00028,159,0.00024,184,0.00017,0,0.00000,0,0.00000
Cupriavidus pauculus,82633,S,0,0.00000,0,0.00000,0,0.00000,0,0.00000,0,0.00000,0,0.00000,0,0.00000,0,0.00000,491,0.00035,0,0.00000,767,0.00117,209,0.00019,0,0.00000,0,0.00000
Streptomyces sp. JB150,2714844,S,0,0.00000,0,0.00000,0,0.00000,0,0.00000,0,0.00000,0,0.00000,0,0.00000,0,0.00000,487,0.00035,95,0.00012,132,0.00020,0,0.00000,0,0.00000,0,0.00000
Ralstonia pickettii,329,S,0,0.00000,0,0.00000,0,0.00000,0,0.00000,0,0.00000,0,0.00000,0,0.00000,0,0.00000,485,0.00035,0,0.00000,0,0.00000,100,0.00009,0,0.00000,0,0.00000
Streptomyces sp. LX-29,2900152,S,0,0.00000,0,0.00000,0,0.00000,0,0.00000,0,0.00000,0,0.00000,0,0.00000,0,0.00000,480,0.00034,324,0.00041,123,0.00019,240,0.00022,0,0.00000,0,0.00000
Bradyrhizobium japonicum,375,S,0,0.00000,0,0.00000,0,0.00000,0,0.00000,0,0.00000,0,0.00000,0,0.00000,0,0.00000,480,0.00034,0,0.00000,851,0.00130,684,0.00064,0,0.00000,0,0.00000
Streptomyces olivoreticuli,68246,S,0,0.00000,0,0.00000,0,0.00000,0,0.00000,0,0.00000,0,0.00000,0,0.00000,0,0.00000,477,0.00034,297,0.00038,221,0.00034,254,0.00024,0,0.00000,0,0.00000
Crossiella sp. CA-258035,2981138,S,0,0.00000,0,0.00000,0,0.00000,0,0.00000,0,0.00000,0,0.00000,0,0.00000,0,0.00000,475,0.00034,275,0.00035,373,0.00057,367,0.00034,0,0.00000,0,0.00000
Actinokineospora sp. UTMC 2448,2268449,S,0,0.00000,0,0.00000,0,0.00000,0,0.00000,0,0.00000,0,0.00000,0,0.00000,0,0.00000,474,0.00034,175,0.00022,622,0.00095,427,0.00040,0,0.00000,0,0.00000
Micromonospora sp. NBC_00389,2903586,S,0,0.00000,0,0.00000,0,0.00000,0,0.00000,0,0.00000,0,0.00000,0,0.00000,0,0.00000,471,0.00034,183,0.00023,189,0.00029,290,0.00027,0,0.00000,0,0.00000
Streptomyces sp. NBC_00286,2975701,S,0,0.00000,0,0.00000,0,0.00000,0,0.00000,0,0.00000,0,0.00000,0,0.00000,0,0.00000,465,0.00033,260,0.00033,77,0.00012,270,0.00025,0,0.00000,0,0.00000
Streptomyces sp. NBC_00490,2903657,S,0,0.00000,0,0.00000,0,0.00000,0,0.00000,0,0.00000,0,0.00000,0,0.00000,0,0.00000,464,0.00033,444,0.00057,960,0.00146,1770,0.00165,0,0.00000,0,0.00000
Streptomyces buecherae,2763006,S,0,0.00000,0,0.00000,0,0.00000,0,0.00000,0,0.00000,0,0.00000,0,0.00000,0,0.00000,458,0.00033,192,0.00024,155,0.00024,144,0.00013,0,0.00000,0,0.00000
Streptomonospora litoralis,2498135,S,0,0.00000,0,0.00000,0,0.00000,0,0.00000,0,0.00000,0,0.00000,0,0.00000,0,0.00000,456,0.00033,284,0.00036,199,0.00030,259,0.00024,0,0.00000,0,0.00000
Plantactinospora sp. KBS50,2024580,S,0,0.00000,0,0.00000,0,0.00000,0,0.00000,0,0.00000,0,0.00000,0,0.00000,0,0.00000,456,0.00033,174,0.00022,156,0.00024,261,0.00024,0,0.00000,0,0.00000
Streptomyces noursei,1971,S,0,0.00000,0,0.00000,0,0.00000,0,0.00000,0,0.00000,0,0.00000,0,0.00000,0,0.00000,455,0.00033,368,0.00047,317,0.00048,398,0.00037,0,0.00000,0,0.00000
Saccharothrix espanaensis,103731,S,0,0.00000,0,0.00000,0,0.00000,0,0.00000,0,0.00000,0,0.00000,0,0.00000,0,0.00000,455,0.00033,226,0.00029,351,0.00053,317,0.00030,0,0.00000,0,0.00000
Paraconexibacter antarcticus,2949664,S,0,0.00000,0,0.00000,0,0.00000,0,0.00000,0,0.00000,0,0.00000,0,0.00000,0,0.00000,451,0.00032,240,0.00031,890,0.00136,1361,0.00127,0,0.00000,0,0.00000
Saccharothrix syringae,103733,S,0,0.00000,0,0.00000,0,0.00000,0,0.00000,0,0.00000,0,0.00000,0,0.00000,0,0.00000,450,0.00032,237,0.00030,349,0.00053,489,0.00046,0,0.00000,0,0.00000
Streptomyces sp. CB01881,2078691,S,0,0.00000,0,0.00000,0,0.00000,0,0.00000,0,0.00000,0,0.00000,0,0.00000,0,0.00000,449,0.00032,293,0.00037,134,0.00020,296,0.00028,0,0.00000,0,0.00000
Streptomyces griseorubiginosus,67304,S,0,0.00000,0,0.00000,0,0.00000,0,0.00000,0,0.00000,0,0.00000,0,0.00000,0,0.00000,446,0.00032,181,0.00023,335,0.00051,407,0.00038,0,0.00000,0,0.00000
Rhizorhabdus wittichii,160791,S,0,0.00000,0,0.00000,0,0.00000,0,0.00000,0,0.00000,0,0.00000,0,0.00000,0,0.00000,446,0.00032,271,0.00035,447,0.00068,208,0.00019,0,0.00000,0,0.00000
Sphingobium sp. YG1,2082188,S,0,0.00000,0,0.00000,0,0.00000,0,0.00000,0,0.00000,0,0.00000,0,0.00000,0,0.00000,445,0.00032,0,0.00000,0,0.00000,0,0.00000,0,0.00000,0,0.00000
Nocardia sp. NBC_01730,2975998,S,0,0.00000,0,0.00000,0,0.00000,0,0.00000,0,0.00000,0,0.00000,0,0.00000,0,0.00000,441,0.00032,355,0.00045,1135,0.00173,875,0.00081,0,0.00000,0,0.00000
Micromonospora zamorensis,709883,S,0,0.00000,0,0.00000,0,0.00000,0,0.00000,0,0.00000,0,0.00000,0,0.00000,0,0.00000,438,0.00031,211,0.00027,68,0.00010,211,0.00020,0,0.00000,0,0.00000
Rhodococcus pyridinivorans,103816,S,0,0.00000,0,0.00000,0,0.00000,0,0.00000,0,0.00000,0,0.00000,0,0.00000,0,0.00000,436,0.00031,417,0.00053,706,0.00108,0,0.00000,0,0.00000,0,0.00000
Streptomyces sp. DSM 40868,2721173,S,0,0.00000,0,0.00000,0,0.00000,0,0.00000,0,0.00000,0,0.00000,0,0.00000,0,0.00000,434,0.00031,177,0.00023,0,0.00000,211,0.00020,0,0.00000,0,0.00000
Phyllobacterium zundukense,1867719,S,0,0.00000,0,0.00000,0,0.00000,0,0.00000,0,0.00000,0,0.00000,0,0.00000,0,0.00000,434,0.00031,801,0.00102,960,0.00146,1024,0.00095,0,0.00000,0,0.00000
Pannonibacter phragmitetus,121719,S,0,0.00000,0,0.00000,0,0.00000,0,0.00000,0,0.00000,0,0.00000,0,0.00000,0,0.00000,434,0.00031,0,0.00000,0,0.00000,495,0.00046,0,0.00000,0,0.00000
Streptomyces formicae,1616117,S,0,0.00000,0,0.00000,0,0.00000,0,0.00000,0,0.00000,0,0.00000,0,0.00000,0,0.00000,431,0.00031,154,0.00020,151,0.00023,150,0.00014,0,0.00000,0,0.00000
Kutzneria sp. CA-103260,2802641,S,0,0.00000,0,0.00000,0,0.00000,0,0.00000,0,0.00000,0,0.00000,0,0.00000,0,0.00000,431,0.00031,286,0.00036,333,0.00051,299,0.00028,0,0.00000,0,0.00000
Rhodococcus qingshengii,334542,S,0,0.00000,0,0.00000,0,0.00000,0,0.00000,0,0.00000,0,0.00000,0,0.00000,0,0.00000,426,0.00031,594,0.00076,0,0.00000,7723,0.00719,0,0.00000,0,0.00000
Streptomyces europaeiscabiei,146819,S,0,0.00000,0,0.00000,0,0.00000,0,0.00000,0,0.00000,0,0.00000,0,0.00000,0,0.00000,425,0.00030,879,0.00112,426,0.00065,572,0.00053,0,0.00000,0,0.00000
Streptomyces sp. NBC_00376,2975730,S,0,0.00000,0,0.00000,0,0.00000,0,0.00000,0,0.00000,0,0.00000,0,0.00000,0,0.00000,423,0.00030,345,0.00044,108,0.00016,178,0.00017,0,0.00000,0,0.00000
Streptomyces sp. SCUT-3,2684469,S,0,0.00000,0,0.00000,0,0.00000,0,0.00000,0,0.00000,0,0.00000,0,0.00000,0,0.00000,423,0.00030,194,0.00025,123,0.00019,193,0.00018,0,0.00000,0,0.00000
Streptomyces scopuliridis,452529,S,0,0.00000,0,0.00000,0,0.00000,0,0.00000,0,0.00000,0,0.00000,0,0.00000,0,0.00000,420,0.00030,166,0.00021,122,0.00019,176,0.00016,0,0.00000,0,0.00000
Streptomyces phaeochromogenes,1923,S,0,0.00000,0,0.00000,0,0.00000,0,0.00000,0,0.00000,0,0.00000,0,0.00000,0,0.00000,420,0.00030,232,0.00030,1649,0.00251,1077,0.00100,0,0.00000,0,0.00000
Streptomyces platensis,58346,S,0,0.00000,0,0.00000,0,0.00000,0,0.00000,0,0.00000,0,0.00000,0,0.00000,0,0.00000,420,0.00030,270,0.00034,0,0.00000,347,0.00032,0,0.00000,0,0.00000
Epidermidibacterium keratini,1891644,S,0,0.00000,0,0.00000,0,0.00000,0,0.00000,0,0.00000,0,0.00000,0,0.00000,0,0.00000,417,0.00030,201,0.00026,233,0.00035,249,0.00023,0,0.00000,0,0.00000
Streptomyces sp. NBC_00442,2903651,S,0,0.00000,0,0.00000,0,0.00000,0,0.00000,0,0.00000,0,0.00000,0,0.00000,0,0.00000,414,0.00030,113,0.00014,137,0.00021,141,0.00013,0,0.00000,0,0.00000
Kitasatospora sp. NBC_01300,2903574,S,0,0.00000,0,0.00000,0,0.00000,0,0.00000,0,0.00000,0,0.00000,0,0.00000,0,0.00000,412,0.00030,273,0.00035,295,0.00045,272,0.00025,0,0.00000,0,0.00000
Streptomyces sp. CMB-StM0423,2059884,S,0,0.00000,0,0.00000,0,0.00000,0,0.00000,0,0.00000,0,0.00000,0,0.00000,0,0.00000,409,0.00029,281,0.00036,130,0.00020,220,0.00020,0,0.00000,0,0.00000
Streptomyces sp. NBC_00239,2903640,S,0,0.00000,0,0.00000,0,0.00000,0,0.00000,0,0.00000,0,0.00000,0,0.00000,0,0.00000,406,0.00029,131,0.00017,418,0.00064,130,0.00012,0,0.00000,0,0.00000
Streptomyces phaeolivaceus,2653200,S,0,0.00000,0,0.00000,0,0.00000,0,0.00000,0,0.00000,0,0.00000,0,0.00000,0,0.00000,405,0.00029,194,0.00025,201,0.00031,222,0.00021,0,0.00000,0,0.00000
Polymorphospora rubra,338584,S,0,0.00000,0,0.00000,0,0.00000,0,0.00000,0,0.00000,0,0.00000,0,0.00000,0,0.00000,405,0.00029,295,0.00038,160,0.00024,175,0.00016,0,0.00000,0,0.00000
Streptomyces tsukubensis,83656,S,0,0.00000,0,0.00000,0,0.00000,0,0.00000,0,0.00000,0,0.00000,0,0.00000,0,0.00000,397,0.00028,223,0.00028,145,0.00022,206,0.00019,0,0.00000,0,0.00000
Kitasatospora aureofaciens,1894,S,0,0.00000,0,0.00000,0,0.00000,0,0.00000,0,0.00000,0,0.00000,0,0.00000,0,0.00000,396,0.00028,195,0.00025,0,0.00000,175,0.00016,0,0.00000,0,0.00000
Bradyrhizobium arachidis,858423,S,0,0.00000,0,0.00000,0,0.00000,0,0.00000,0,0.00000,0,0.00000,0,0.00000,0,0.00000,395,0.00028,0,0.00000,1289,0.00196,1343,0.00125,0,0.00000,0,0.00000
Aquincola tertiaricarbonis,391953,S,0,0.00000,0,0.00000,0,0.00000,0,0.00000,0,0.00000,0,0.00000,0,0.00000,0,0.00000,395,0.00028,250,0.00032,613,0.00093,82,0.00008,0,0.00000,0,0.00000
Saccharopolyspora pogona,333966,S,0,0.00000,0,0.00000,0,0.00000,0,0.00000,0,0.00000,0,0.00000,0,0.00000,0,0.00000,394,0.00028,215,0.00027,329,0.00050,255,0.00024,0,0.00000,0,0.00000
Nocardioides mesophilus,433659,S,0,0.00000,0,0.00000,0,0.00000,0,0.00000,0,0.00000,0,0.00000,0,0.00000,0,0.00000,392,0.00028,186,0.00024,215,0.00033,301,0.00028,0,0.00000,0,0.00000
Allokutzneria albata,211114,S,0,0.00000,0,0.00000,0,0.00000,0,0.00000,0,0.00000,0,0.00000,0,0.00000,0,0.00000,387,0.00028,218,0.00028,364,0.00055,353,0.00033,0,0.00000,0,0.00000
Rothia kristinae,37923,S,0,0.00000,0,0.00000,0,0.00000,0,0.00000,0,0.00000,0,0.00000,0,0.00000,0,0.00000,387,0.00028,193,0.00025,206,0.00031,184,0.00017,0,0.00000,0,0.00000
Streptomyces sp. MST-110588,2833628,S,0,0.00000,0,0.00000,0,0.00000,0,0.00000,0,0.00000,0,0.00000,0,0.00000,0,0.00000,383,0.00027,252,0.00032,135,0.00021,144,0.00013,0,0.00000,0,0.00000
Streptomyces atratus,1893,S,0,0.00000,0,0.00000,0,0.00000,0,0.00000,0,0.00000,0,0.00000,0,0.00000,0,0.00000,382,0.00027,403,0.00051,170,0.00026,190,0.00018,0,0.00000,0,0.00000
Micromonospora coriariae,285665,S,0,0.00000,0,0.00000,0,0.00000,0,0.00000,0,0.00000,0,0.00000,0,0.00000,0,0.00000,379,0.00027,220,0.00028,161,0.00025,185,0.00017,0,0.00000,0,0.00000
Saccharopolyspora rosea,524884,S,0,0.00000,0,0.00000,0,0.00000,0,0.00000,0,0.00000,0,0.00000,0,0.00000,0,0.00000,375,0.00027,227,0.00029,523,0.00080,286,0.00027,0,0.00000,0,0.00000
Streptomyces niveus,193462,S,0,0.00000,0,0.00000,0,0.00000,0,0.00000,0,0.00000,0,0.00000,0,0.00000,0,0.00000,374,0.00027,251,0.00032,197,0.00030,172,0.00016,0,0.00000,0,0.00000
Kribbella sp. NBC_01484,2903579,S,0,0.00000,0,0.00000,0,0.00000,0,0.00000,0,0.00000,0,0.00000,0,0.00000,0,0.00000,374,0.00027,217,0.00028,383,0.00058,449,0.00042,0,0.00000,0,0.00000
Nocardia asteroides,1824,S,0,0.00000,0,0.00000,0,0.00000,0,0.00000,0,0.00000,0,0.00000,0,0.00000,0,0.00000,371,0.00027,297,0.00038,287,0.00044,379,0.00035,0,0.00000,0,0.00000
Streptomyces antibioticus,1890,S,0,0.00000,0,0.00000,0,0.00000,0,0.00000,0,0.00000,0,0.00000,0,0.00000,0,0.00000,369,0.00026,246,0.00031,145,0.00022,73,0.00007,0,0.00000,0,0.00000
Kitasatospora sp. NBC_01246,2903570,S,0,0.00000,0,0.00000,0,0.00000,0,0.00000,0,0.00000,0,0.00000,0,0.00000,0,0.00000,369,0.00026,206,0.00026,149,0.00023,209,0.00019,0,0.00000,0,0.00000
Kitasatospora sp. NBC_00315,2975963,S,0,0.00000,0,0.00000,0,0.00000,0,0.00000,0,0.00000,0,0.00000,0,0.00000,0,0.00000,368,0.00026,207,0.00026,215,0.00033,150,0.00014,0,0.00000,0,0.00000
Streptomyces yatensis,155177,S,0,0.00000,0,0.00000,0,0.00000,0,0.00000,0,0.00000,0,0.00000,0,0.00000,0,0.00000,367,0.00026,271,0.00035,0,0.00000,211,0.00020,0,0.00000,0,0.00000
Trueperella pyogenes,1661,S,0,0.00000,0,0.00000,0,0.00000,0,0.00000,0,0.00000,0,0.00000,0,0.00000,0,0.00000,365,0.00026,274,0.00035,0,0.00000,0,0.00000,0,0.00000,0,0.00000
Svornostia abyssi,2898438,S,0,0.00000,0,0.00000,0,0.00000,0,0.00000,0,0.00000,0,0.00000,0,0.00000,0,0.00000,365,0.00026,288,0.00037,920,0.00140,1465,0.00136,0,0.00000,0,0.00000
Roseomonas sp. OT10,2897332,S,0,0.00000,0,0.00000,0,0.00000,0,0.00000,0,0.00000,0,0.00000,0,0.00000,0,0.00000,363,0.00026,0,0.00000,330,0.00050,136,0.00013,0,0.00000,0,0.00000
Actinosynnema mirum,40567,S,0,0.00000,0,0.00000,0,0.00000,0,0.00000,0,0.00000,0,0.00000,0,0.00000,0,0.00000,362,0.00026,235,0.00030,124,0.00019,170,0.00016,0,0.00000,0,0.00000
Streptomyces cyaneofuscatus,66883,S,0,0.00000,0,0.00000,0,0.00000,0,0.00000,0,0.00000,0,0.00000,0,0.00000,0,0.00000,359,0.00026,0,0.00000,192,0.00029,172,0.00016,0,0.00000,0,0.00000
Solwaraspora sp. WMMA2056,3015161,S,0,0.00000,0,0.00000,0,0.00000,0,0.00000,0,0.00000,0,0.00000,0,0.00000,0,0.00000,359,0.00026,154,0.00020,0,0.00000,195,0.00018,0,0.00000,0,0.00000
Sphingomonas koreensis,93064,S,0,0.00000,0,0.00000,0,0.00000,0,0.00000,0,0.00000,0,0.00000,0,0.00000,0,0.00000,359,0.00026,0,0.00000,0,0.00000,160,0.00015,0,0.00000,0,0.00000
Kitasatospora setae,2066,S,0,0.00000,0,0.00000,0,0.00000,0,0.00000,0,0.00000,0,0.00000,0,0.00000,0,0.00000,355,0.00025,225,0.00029,0,0.00000,230,0.00021,0,0.00000,0,0.00000
Couchioplanes caeruleus,56438,S,0,0.00000,0,0.00000,0,0.00000,0,0.00000,0,0.00000,0,0.00000,0,0.00000,0,0.00000,355,0.00025,152,0.00019,142,0.00022,194,0.00018,0,0.00000,0,0.00000
Actinacidiphila bryophytorum,1436133,S,0,0.00000,0,0.00000,0,0.00000,0,0.00000,0,0.00000,0,0.00000,0,0.00000,0,0.00000,353,0.00025,159,0.00020,110,0.00017,139,0.00013,0,0.00000,0,0.00000
Actinoalloteichus sp. AHMU CJ021,2072503,S,0,0.00000,0,0.00000,0,0.00000,0,0.00000,0,0.00000,0,0.00000,0,0.00000,0,0.00000,353,0.00025,181,0.00023,152,0.00023,135,0.00013,0,0.00000,0,0.00000
Bradyrhizobium elkanii,29448,S,0,0.00000,0,0.00000,0,0.00000,0,0.00000,0,0.00000,0,0.00000,0,0.00000,0,0.00000,353,0.00025,0,0.00000,1112,0.00169,935,0.00087,0,0.00000,0,0.00000
Polymorphum gilvum,991904,S,0,0.00000,0,0.00000,0,0.00000,0,0.00000,0,0.00000,0,0.00000,0,0.00000,0,0.00000,352,0.00025,0,0.00000,710,0.00108,213,0.00020,0,0.00000,0,0.00000
Streptomyces sp. NBC_01314,2903821,S,0,0.00000,0,0.00000,0,0.00000,0,0.00000,0,0.00000,0,0.00000,0,0.00000,0,0.00000,351,0.00025,2254,0.00287,822,0.00125,1357,0.00126,0,0.00000,0,0.00000
Streptomyces sp. NBC_01476,2903881,S,0,0.00000,0,0.00000,0,0.00000,0,0.00000,0,0.00000,0,0.00000,0,0.00000,0,0.00000,350,0.00025,165,0.00021,128,0.00019,103,0.00010,0,0.00000,0,0.00000
Dactylosporangium fulvum,53359,S,0,0.00000,0,0.00000,0,0.00000,0,0.00000,0,0.00000,0,0.00000,0,0.00000,0,0.00000,348,0.00025,172,0.00022,194,0.00030,279,0.00026,0,0.00000,0,0.00000
Umezawaea sp. Da 62-37,3075927,S,0,0.00000,0,0.00000,0,0.00000,0,0.00000,0,0.00000,0,0.00000,0,0.00000,0,0.00000,348,0.00025,126,0.00016,264,0.00040,245,0.00023,0,0.00000,0,0.00000
Nocardiopsis dassonvillei,2014,S,0,0.00000,0,0.00000,0,0.00000,0,0.00000,0,0.00000,0,0.00000,0,0.00000,0,0.00000,346,0.00025,312,0.00040,0,0.00000,294,0.00027,0,0.00000,0,0.00000
Saccharothrix sp. HUAS TT1,3231910,S,0,0.00000,0,0.00000,0,0.00000,0,0.00000,0,0.00000,0,0.00000,0,0.00000,0,0.00000,346,0.00025,238,0.00030,214,0.00033,291,0.00027,0,0.00000,0,0.00000
Streptomyces sp. SCSIO 75703,3112165,S,0,0.00000,0,0.00000,0,0.00000,0,0.00000,0,0.00000,0,0.00000,0,0.00000,0,0.00000,345,0.00025,189,0.00024,107,0.00016,462,0.00043,0,0.00000,0,0.00000
Pseudomonas sivasensis,1880678,S,0,0.00000,0,0.00000,0,0.00000,0,0.00000,0,0.00000,0,0.00000,0,0.00000,0,0.00000,345,0.00025,0,0.00000,0,0.00000,0,0.00000,0,0.00000,0,0.00000
Streptomyces phaeoluteigriseus,114686,S,0,0.00000,0,0.00000,0,0.00000,0,0.00000,0,0.00000,0,0.00000,0,0.00000,0,0.00000,342,0.00025,253,0.00032,116,0.00018,121,0.00011,0,0.00000,0,0.00000
Streptomyces zaomyceticus,68286,S,0,0.00000,0,0.00000,0,0.00000,0,0.00000,0,0.00000,0,0.00000,0,0.00000,0,0.00000,340,0.00024,103,0.00013,147,0.00022,178,0.00017,0,0.00000,0,0.00000
Dactylosporangium aurantiacum,35754,S,0,0.00000,0,0.00000,0,0.00000,0,0.00000,0,0.00000,0,0.00000,0,0.00000,0,0.00000,340,0.00024,188,0.00024,398,0.00061,136,0.00013,0,0.00000,0,0.00000
Streptomyces brevispora,887462,S,0,0.00000,0,0.00000,0,0.00000,0,0.00000,0,0.00000,0,0.00000,0,0.00000,0,0.00000,339,0.00024,198,0.00025,132,0.00020,174,0.00016,0,0.00000,0,0.00000
Streptomyces prasinus,67345,S,0,0.00000,0,0.00000,0,0.00000,0,0.00000,0,0.00000,0,0.00000,0,0.00000,0,0.00000,338,0.00024,179,0.00023,0,0.00000,106,0.00010,0,0.00000,0,0.00000
Streptantibioticus cattleyicolor,29303,S,0,0.00000,0,0.00000,0,0.00000,0,0.00000,0,0.00000,0,0.00000,0,0.00000,0,0.00000,337,0.00024,249,0.00032,114,0.00017,139,0.00013,0,0.00000,0,0.00000
Tistrella mobilis,171437,S,0,0.00000,0,0.00000,0,0.00000,0,0.00000,0,0.00000,0,0.00000,0,0.00000,0,0.00000,337,0.00024,0,0.00000,633,0.00096,94,0.00009,0,0.00000,0,0.00000
Streptomyces sp. NBC_01224,2903783,S,0,0.00000,0,0.00000,0,0.00000,0,0.00000,0,0.00000,0,0.00000,0,0.00000,0,0.00000,335,0.00024,400,0.00051,167,0.00025,290,0.00027,0,0.00000,0,0.00000
Dermatobacter hominis,2884263,S,0,0.00000,0,0.00000,0,0.00000,0,0.00000,0,0.00000,0,0.00000,0,0.00000,0,0.00000,335,0.00024,164,0.00021,447,0.00068,399,0.00037,0,0.00000,0,0.00000
Alloactinosynnema sp. L-07,1653480,S,0,0.00000,0,0.00000,0,0.00000,0,0.00000,0,0.00000,0,0.00000,0,0.00000,0,0.00000,334,0.00024,161,0.00021,519,0.00079,468,0.00044,0,0.00000,0,0.00000
Nocardiopsis alba,53437,S,0,0.00000,0,0.00000,0,0.00000,0,0.00000,0,0.00000,0,0.00000,0,0.00000,0,0.00000,332,0.00024,153,0.00020,159,0.00024,104,0.00010,0,0.00000,0,0.00000
Kitasatospora sp. CM 4170,3075627,S,0,0.00000,0,0.00000,0,0.00000,0,0.00000,0,0.00000,0,0.00000,0,0.00000,0,0.00000,331,0.00024,270,0.00034,148,0.00023,256,0.00024,0,0.00000,0,0.00000
Amycolatopsis sp. Hca4,2742131,S,0,0.00000,0,0.00000,0,0.00000,0,0.00000,0,0.00000,0,0.00000,0,0.00000,0,0.00000,331,0.00024,187,0.00024,145,0.00022,187,0.00017,0,0.00000,0,0.00000
Geodermatophilus obscurus,1861,S,0,0.00000,0,0.00000,0,0.00000,0,0.00000,0,0.00000,0,0.00000,0,0.00000,0,0.00000,331,0.00024,157,0.00020,181,0.00028,290,0.00027,0,0.00000,0,0.00000
Mycobacterium avium,1764,S,0,0.00000,0,0.00000,0,0.00000,0,0.00000,0,0.00000,0,0.00000,0,0.00000,0,0.00000,329,0.00024,169,0.00022,176,0.00027,287,0.00027,0,0.00000,0,0.00000
Saccharothrix sp. 6-C,2781735,S,0,0.00000,0,0.00000,0,0.00000,0,0.00000,0,0.00000,0,0.00000,0,0.00000,0,0.00000,325,0.00023,153,0.00020,340,0.00052,366,0.00034,0,0.00000,0,0.00000
Thermobifida halotolerans,483545,S,0,0.00000,0,0.00000,0,0.00000,0,0.00000,0,0.00000,0,0.00000,0,0.00000,0,0.00000,324,0.00023,151,0.00019,128,0.00019,134,0.00012,0,0.00000,0,0.00000
Streptomyces griseochromogenes,68214,S,0,0.00000,0,0.00000,0,0.00000,0,0.00000,0,0.00000,0,0.00000,0,0.00000,0,0.00000,320,0.00023,141,0.00018,93,0.00014,151,0.00014,0,0.00000,0,0.00000
Nocardia cyriacigeorgica,135487,S,0,0.00000,0,0.00000,0,0.00000,0,0.00000,0,0.00000,0,0.00000,0,0.00000,0,0.00000,316,0.00023,155,0.00020,241,0.00037,219,0.00020,0,0.00000,0,0.00000
Blastococcus sp. PRF04-17,2933797,S,0,0.00000,0,0.00000,0,0.00000,0,0.00000,0,0.00000,0,0.00000,0,0.00000,0,0.00000,315,0.00023,125,0.00016,170,0.00026,229,0.00021,0,0.00000,0,0.00000
Streptomyces sp. VNUA24,3031131,S,0,0.00000,0,0.00000,0,0.00000,0,0.00000,0,0.00000,0,0.00000,0,0.00000,0,0.00000,313,0.00022,345,0.00044,191,0.00029,158,0.00015,0,0.00000,0,0.00000
Nocardia sp. NBC_00508,2975992,S,0,0.00000,0,0.00000,0,0.00000,0,0.00000,0,0.00000,0,0.00000,0,0.00000,0,0.00000,313,0.00022,131,0.00017,236,0.00036,184,0.00017,0,0.00000,0,0.00000
Rhodococcus opacus,37919,S,0,0.00000,0,0.00000,0,0.00000,0,0.00000,0,0.00000,0,0.00000,0,0.00000,0,0.00000,313,0.00022,166,0.00021,613,0.00093,417,0.00039,0,0.00000,0,0.00000
Streptomyces sp. 11x1,3038642,S,0,0.00000,0,0.00000,0,0.00000,0,0.00000,0,0.00000,0,0.00000,0,0.00000,0,0.00000,310,0.00022,101,0.00013,181,0.00028,99,0.00009,0,0.00000,0,0.00000
Streptomyces xanthophaeus,67385,S,0,0.00000,0,0.00000,0,0.00000,0,0.00000,0,0.00000,0,0.00000,0,0.00000,0,0.00000,310,0.00022,151,0.00019,219,0.00033,173,0.00016,0,0.00000,0,0.00000
Streptacidiphilus sp. PB12-B1b,2705012,S,0,0.00000,0,0.00000,0,0.00000,0,0.00000,0,0.00000,0,0.00000,0,0.00000,0,0.00000,310,0.00022,142,0.00018,181,0.00028,113,0.00011,0,0.00000,0,0.00000
Streptomyces sp. NBC_00287,2975702,S,0,0.00000,0,0.00000,0,0.00000,0,0.00000,0,0.00000,0,0.00000,0,0.00000,0,0.00000,309,0.00022,134,0.00017,175,0.00027,133,0.00012,0,0.00000,0,0.00000
Mesorhizobium onobrychidis,2775404,S,0,0.00000,0,0.00000,0,0.00000,0,0.00000,0,0.00000,0,0.00000,0,0.00000,0,0.00000,308,0.00022,0,0.00000,232,0.00035,174,0.00016,0,0.00000,0,0.00000
Streptomyces coeruleorubidus,116188,S,0,0.00000,0,0.00000,0,0.00000,0,0.00000,0,0.00000,0,0.00000,0,0.00000,0,0.00000,307,0.00022,172,0.00022,0,0.00000,299,0.00028,0,0.00000,0,0.00000
Streptomyces viridosporus,67581,S,0,0.00000,0,0.00000,0,0.00000,0,0.00000,0,0.00000,0,0.00000,0,0.00000,0,0.00000,305,0.00022,124,0.00016,131,0.00020,138,0.00013,0,0.00000,0,0.00000
Streptomyces rimosus,1927,S,0,0.00000,0,0.00000,0,0.00000,0,0.00000,0,0.00000,0,0.00000,0,0.00000,0,0.00000,303,0.00022,117,0.00015,144,0.00022,122,0.00011,0,0.00000,0,0.00000
Nocardiopsis exhalans,163604,S,0,0.00000,0,0.00000,0,0.00000,0,0.00000,0,0.00000,0,0.00000,0,0.00000,0,0.00000,302,0.00022,160,0.00020,142,0.00022,169,0.00016,0,0.00000,0,0.00000
Streptomyces sp. NBC_01477,2976015,S,0,0.00000,0,0.00000,0,0.00000,0,0.00000,0,0.00000,0,0.00000,0,0.00000,0,0.00000,301,0.00022,217,0.00028,97,0.00015,68,0.00006,0,0.00000,0,0.00000
Micromonospora coxensis,356852,S,0,0.00000,0,0.00000,0,0.00000,0,0.00000,0,0.00000,0,0.00000,0,0.00000,0,0.00000,301,0.00022,189,0.00024,0,0.00000,170,0.00016,0,0.00000,0,0.00000
Cupriavidus oxalaticus,96344,S,0,0.00000,0,0.00000,0,0.00000,0,0.00000,0,0.00000,0,0.00000,0,0.00000,0,0.00000,301,0.00022,0,0.00000,508,0.00077,106,0.00010,0,0.00000,0,0.00000
Nocardia brasiliensis,37326,S,0,0.00000,0,0.00000,0,0.00000,0,0.00000,0,0.00000,0,0.00000,0,0.00000,0,0.00000,300,0.00021,150,0.00019,289,0.00044,191,0.00018,0,0.00000,0,0.00000
Micromonospora sp. NBC_01739,2975985,S,0,0.00000,0,0.00000,0,0.00000,0,0.00000,0,0.00000,0,0.00000,0,0.00000,0,0.00000,300,0.00021,196,0.00025,61,0.00009,41,0.00004,0,0.00000,0,0.00000
Actinoplanes sp. NBC_00393,2975953,S,0,0.00000,0,0.00000,0,0.00000,0,0.00000,0,0.00000,0,0.00000,0,0.00000,0,0.00000,300,0.00021,122,0.00016,133,0.00020,188,0.00017,0,0.00000,0,0.00000
Cellulosimicrobium cellulans,1710,S,0,0.00000,0,0.00000,0,0.00000,0,0.00000,0,0.00000,0,0.00000,0,0.00000,0,0.00000,298,0.00021,0,0.00000,172,0.00026,269,0.00025,0,0.00000,0,0.00000
Streptomyces sp. VNUA116,3062449,S,0,0.00000,0,0.00000,0,0.00000,0,0.00000,0,0.00000,0,0.00000,0,0.00000,0,0.00000,293,0.00021,154,0.00020,0,0.00000,108,0.00010,0,0.00000,0,0.00000
Micromonospora sp. NBC_01699,2975984,S,0,0.00000,0,0.00000,0,0.00000,0,0.00000,0,0.00000,0,0.00000,0,0.00000,0,0.00000,293,0.00021,196,0.00025,116,0.00018,142,0.00013,0,0.00000,0,0.00000
Thermobifida fusca,2021,S,0,0.00000,0,0.00000,0,0.00000,0,0.00000,0,0.00000,0,0.00000,0,0.00000,0,0.00000,291,0.00021,158,0.00020,85,0.00013,96,0.00009,0,0.00000,0,0.00000
Streptomyces sp. FZ201,3057122,S,0,0.00000,0,0.00000,0,0.00000,0,0.00000,0,0.00000,0,0.00000,0,0.00000,0,0.00000,291,0.00021,0,0.00000,0,0.00000,101,0.00009,0,0.00000,0,0.00000
Ideonella dechloratans,36863,S,0,0.00000,0,0.00000,0,0.00000,0,0.00000,0,0.00000,0,0.00000,0,0.00000,0,0.00000,291,0.00021,0,0.00000,313,0.00048,0,0.00000,0,0.00000,0,0.00000
Friedmanniella luteola,546871,S,0,0.00000,0,0.00000,0,0.00000,0,0.00000,0,0.00000,0,0.00000,0,0.00000,0,0.00000,288,0.00021,172,0.00022,133,0.00020,189,0.00018,0,0.00000,0,0.00000
Pimelobacter simplex,2045,S,0,0.00000,0,0.00000,0,0.00000,0,0.00000,0,0.00000,0,0.00000,0,0.00000,0,0.00000,288,0.00021,153,0.00020,541,0.00082,591,0.00055,0,0.00000,0,0.00000
Paraconexibacter sp. AEG42_29,2997339,S,0,0.00000,0,0.00000,0,0.00000,0,0.00000,0,0.00000,0,0.00000,0,0.00000,0,0.00000,288,0.00021,235,0.00030,740,0.00113,1040,0.00097,0,0.00000,0,0.00000
Micromonospora sp. DPT,3142975,S,0,0.00000,0,0.00000,0,0.00000,0,0.00000,0,0.00000,0,0.00000,0,0.00000,0,0.00000,287,0.00021,114,0.00015,0,0.00000,196,0.00018,0,0.00000,0,0.00000
Streptomyces ferrugineus,1413221,S,0,0.00000,0,0.00000,0,0.00000,0,0.00000,0,0.00000,0,0.00000,0,0.00000,0,0.00000,286,0.00020,139,0.00018,113,0.00017,323,0.00030,0,0.00000,0,0.00000
Streptomyces sp. NBC_01431,2903863,S,0,0.00000,0,0.00000,0,0.00000,0,0.00000,0,0.00000,0,0.00000,0,0.00000,0,0.00000,285,0.00020,235,0.00030,87,0.00013,95,0.00009,0,0.00000,0,0.00000
Aquihabitans sp. G128,2849779,S,0,0.00000,0,0.00000,0,0.00000,0,0.00000,0,0.00000,0,0.00000,0,0.00000,0,0.00000,285,0.00020,159,0.00020,609,0.00093,465,0.00043,0,0.00000,0,0.00000
Kribbella sp. NBC_00482,2975968,S,0,0.00000,0,0.00000,0,0.00000,0,0.00000,0,0.00000,0,0.00000,0,0.00000,0,0.00000,283,0.00020,146,0.00019,943,0.00144,1274,0.00119,0,0.00000,0,0.00000
Thermoleophilum album,29539,S,0,0.00000,0,0.00000,0,0.00000,0,0.00000,0,0.00000,0,0.00000,0,0.00000,0,0.00000,283,0.00020,183,0.00023,715,0.00109,917,0.00085,0,0.00000,0,0.00000
Streptomyces alboniger,132473,S,0,0.00000,0,0.00000,0,0.00000,0,0.00000,0,0.00000,0,0.00000,0,0.00000,0,0.00000,282,0.00020,109,0.00014,0,0.00000,77,0.00007,0,0.00000,0,0.00000
Streptomyces gilvosporeus,553510,S,0,0.00000,0,0.00000,0,0.00000,0,0.00000,0,0.00000,0,0.00000,0,0.00000,0,0.00000,282,0.00020,193,0.00025,203,0.00031,131,0.00012,0,0.00000,0,0.00000
Parafrankia sp. EAN1pec,298653,S,0,0.00000,0,0.00000,0,0.00000,0,0.00000,0,0.00000,0,0.00000,0,0.00000,0,0.00000,282,0.00020,170,0.00022,128,0.00019,205,0.00019,0,0.00000,0,0.00000
Kitasatospora sp. MMS16-BH015,2018025,S,0,0.00000,0,0.00000,0,0.00000,0,0.00000,0,0.00000,0,0.00000,0,0.00000,0,0.00000,281,0.00020,260,0.00033,130,0.00020,156,0.00015,0,0.00000,0,0.00000
Micromonospora purpureochromogenes,47872,S,0,0.00000,0,0.00000,0,0.00000,0,0.00000,0,0.00000,0,0.00000,0,0.00000,0,0.00000,281,0.00020,198,0.00025,129,0.00020,97,0.00009,0,0.00000,0,0.00000
Lentzea sp. DG1S-22,3108822,S,0,0.00000,0,0.00000,0,0.00000,0,0.00000,0,0.00000,0,0.00000,0,0.00000,0,0.00000,280,0.00020,124,0.00016,882,0.00134,264,0.00025,0,0.00000,0,0.00000
Piscinibacter sp. XHJ-5,3037797,S,0,0.00000,0,0.00000,0,0.00000,0,0.00000,0,0.00000,0,0.00000,0,0.00000,0,0.00000,280,0.00020,259,0.00033,794,0.00121,256,0.00024,0,0.00000,0,0.00000
Phytohabitans suffuscus,624315,S,0,0.00000,0,0.00000,0,0.00000,0,0.00000,0,0.00000,0,0.00000,0,0.00000,0,0.00000,279,0.00020,259,0.00033,261,0.00040,306,0.00028,0,0.00000,0,0.00000
Iamia majanohamensis,467976,S,0,0.00000,0,0.00000,0,0.00000,0,0.00000,0,0.00000,0,0.00000,0,0.00000,0,0.00000,279,0.00020,155,0.00020,468,0.00071,359,0.00033,0,0.00000,0,0.00000
Streptomyces aureoverticillatus,66871,S,0,0.00000,0,0.00000,0,0.00000,0,0.00000,0,0.00000,0,0.00000,0,0.00000,0,0.00000,278,0.00020,240,0.00031,161,0.00025,114,0.00011,0,0.00000,0,0.00000
Micromonospora siamensis,299152,S,0,0.00000,0,0.00000,0,0.00000,0,0.00000,0,0.00000,0,0.00000,0,0.00000,0,0.00000,278,0.00020,172,0.00022,107,0.00016,163,0.00015,0,0.00000,0,0.00000
Amycolatopsis sp. NBC_00345,2975955,S,0,0.00000,0,0.00000,0,0.00000,0,0.00000,0,0.00000,0,0.00000,0,0.00000,0,0.00000,276,0.00020,146,0.00019,137,0.00021,186,0.00017,0,0.00000,0,0.00000
Streptomyces deccanensis,424188,S,0,0.00000,0,0.00000,0,0.00000,0,0.00000,0,0.00000,0,0.00000,0,0.00000,0,0.00000,275,0.00020,138,0.00018,0,0.00000,132,0.00012,0,0.00000,0,0.00000
Micromonospora sp. NBC_01813,2975988,S,0,0.00000,0,0.00000,0,0.00000,0,0.00000,0,0.00000,0,0.00000,0,0.00000,0,0.00000,275,0.00020,126,0.00016,99,0.00015,117,0.00011,0,0.00000,0,0.00000
Lentzea guizhouensis,1586287,S,0,0.00000,0,0.00000,0,0.00000,0,0.00000,0,0.00000,0,0.00000,0,0.00000,0,0.00000,275,0.00020,124,0.00016,973,0.00148,274,0.00025,0,0.00000,0,0.00000
Pseudomonas simiae,321846,S,0,0.00000,0,0.00000,0,0.00000,0,0.00000,0,0.00000,0,0.00000,0,0.00000,0,0.00000,274,0.00020,0,0.00000,0,0.00000,0,0.00000,0,0.00000,0,0.00000
Streptomyces sp. 11-1-2,1851167,S,0,0.00000,0,0.00000,0,0.00000,0,0.00000,0,0.00000,0,0.00000,0,0.00000,0,0.00000,273,0.00020,146,0.00019,166,0.00025,132,0.00012,0,0.00000,0,0.00000
Actinoplanes ianthinogenes,122358,S,0,0.00000,0,0.00000,0,0.00000,0,0.00000,0,0.00000,0,0.00000,0,0.00000,0,0.00000,273,0.00020,127,0.00016,189,0.00029,183,0.00017,0,0.00000,0,0.00000
Cupriavidus taiwanensis,164546,S,0,0.00000,0,0.00000,0,0.00000,0,0.00000,0,0.00000,0,0.00000,0,0.00000,0,0.00000,272,0.00019,216,0.00028,452,0.00069,176,0.00016,0,0.00000,0,0.00000
Streptomyces koyangensis,188770,S,0,0.00000,0,0.00000,0,0.00000,0,0.00000,0,0.00000,0,0.00000,0,0.00000,0,0.00000,271,0.00019,0,0.00000,0,0.00000,0,0.00000,0,0.00000,0,0.00000
Streptomyces clavuligerus,1901,S,0,0.00000,0,0.00000,0,0.00000,0,0.00000,0,0.00000,0,0.00000,0,0.00000,0,0.00000,271,0.00019,144,0.00018,82,0.00012,93,0.00009,0,0.00000,0,0.00000
Streptomyces collinus,42684,S,0,0.00000,0,0.00000,0,0.00000,0,0.00000,0,0.00000,0,0.00000,0,0.00000,0,0.00000,271,0.00019,178,0.00023,340,0.00052,249,0.00023,0,0.00000,0,0.00000
Streptomyces sp. NBC_01498,2975870,S,0,0.00000,0,0.00000,0,0.00000,0,0.00000,0,0.00000,0,0.00000,0,0.00000,0,0.00000,270,0.00019,110,0.00014,89,0.00014,88,0.00008,0,0.00000,0,0.00000
Nocardioides sp. QY071,3044187,S,0,0.00000,0,0.00000,0,0.00000,0,0.00000,0,0.00000,0,0.00000,0,0.00000,0,0.00000,270,0.00019,170,0.00022,481,0.00073,320,0.00030,0,0.00000,0,0.00000
Nocardioides dokdonensis,450734,S,0,0.00000,0,0.00000,0,0.00000,0,0.00000,0,0.00000,0,0.00000,0,0.00000,0,0.00000,270,0.00019,124,0.00016,157,0.00024,250,0.00023,0,0.00000,0,0.00000
Micromonospora echinospora,1877,S,0,0.00000,0,0.00000,0,0.00000,0,0.00000,0,0.00000,0,0.00000,0,0.00000,0,0.00000,268,0.00019,285,0.00036,87,0.00013,126,0.00012,0,0.00000,0,0.00000
Micromonospora viridifaciens,1881,S,0,0.00000,0,0.00000,0,0.00000,0,0.00000,0,0.00000,0,0.00000,0,0.00000,0,0.00000,268,0.00019,135,0.00017,118,0.00018,178,0.00017,0,0.00000,0,0.00000
Modestobacter sp. L9-4,2851567,S,0,0.00000,0,0.00000,0,0.00000,0,0.00000,0,0.00000,0,0.00000,0,0.00000,0,0.00000,268,0.00019,199,0.00025,114,0.00017,129,0.00012,0,0.00000,0,0.00000
Streptomyces sp. NBC_01591,2975888,S,0,0.00000,0,0.00000,0,0.00000,0,0.00000,0,0.00000,0,0.00000,0,0.00000,0,0.00000,267,0.00019,141,0.00018,0,0.00000,0,0.00000,0,0.00000,0,0.00000
Streptomyces nojiriensis,66374,S,0,0.00000,0,0.00000,0,0.00000,0,0.00000,0,0.00000,0,0.00000,0,0.00000,0,0.00000,267,0.00019,166,0.00021,0,0.00000,174,0.00016,0,0.00000,0,0.00000
Sphingomonas sanxanigenens,397260,S,0,0.00000,0,0.00000,0,0.00000,0,0.00000,0,0.00000,0,0.00000,0,0.00000,0,0.00000,267,0.00019,0,0.00000,310,0.00047,0,0.00000,0,0.00000,0,0.00000
Leucobacter triazinivorans,1784719,S,0,0.00000,0,0.00000,0,0.00000,0,0.00000,0,0.00000,0,0.00000,0,0.00000,0,0.00000,266,0.00019,0,0.00000,0,0.00000,0,0.00000,0,0.00000,0,0.00000
Iamia sp. SCSIO 61187,2722752,S,0,0.00000,0,0.00000,0,0.00000,0,0.00000,0,0.00000,0,0.00000,0,0.00000,0,0.00000,266,0.00019,154,0.00020,403,0.00061,388,0.00036,0,0.00000,0,0.00000
Micromonospora inositola,47865,S,0,0.00000,0,0.00000,0,0.00000,0,0.00000,0,0.00000,0,0.00000,0,0.00000,0,0.00000,265,0.00019,179,0.00023,178,0.00027,190,0.00018,0,0.00000,0,0.00000
Hypericibacter adhaerens,2602016,S,0,0.00000,0,0.00000,0,0.00000,0,0.00000,0,0.00000,0,0.00000,0,0.00000,0,0.00000,265,0.00019,191,0.00024,277,0.00042,213,0.00020,0,0.00000,0,0.00000
Thauera humireducens,1134435,S,0,0.00000,0,0.00000,0,0.00000,0,0.00000,0,0.00000,0,0.00000,0,0.00000,0,0.00000,265,0.00019,0,0.00000,308,0.00047,118,0.00011,0,0.00000,0,0.00000
Streptomyces sp. Z423-1,2730915,S,0,0.00000,0,0.00000,0,0.00000,0,0.00000,0,0.00000,0,0.00000,0,0.00000,0,0.00000,264,0.00019,177,0.00023,125,0.00019,174,0.00016,0,0.00000,0,0.00000
Streptomyces sp. HUAS 31,3020055,S,0,0.00000,0,0.00000,0,0.00000,0,0.00000,0,0.00000,0,0.00000,0,0.00000,0,0.00000,264,0.00019,0,0.00000,0,0.00000,0,0.00000,0,0.00000,0,0.00000
Amycolatopsis sp. YIM 10,2653857,S,0,0.00000,0,0.00000,0,0.00000,0,0.00000,0,0.00000,0,0.00000,0,0.00000,0,0.00000,264,0.00019,253,0.00032,187,0.00028,279,0.00026,0,0.00000,0,0.00000
Nocardioides rotundus,1774216,S,0,0.00000,0,0.00000,0,0.00000,0,0.00000,0,0.00000,0,0.00000,0,0.00000,0,0.00000,263,0.00019,162,0.00021,196,0.00030,275,0.00026,0,0.00000,0,0.00000
Kribbella sp. NBC_00382,2975967,S,0,0.00000,0,0.00000,0,0.00000,0,0.00000,0,0.00000,0,0.00000,0,0.00000,0,0.00000,263,0.00019,123,0.00016,354,0.00054,385,0.00036,0,0.00000,0,0.00000
Kribbella flavida,182640,S,0,0.00000,0,0.00000,0,0.00000,0,0.00000,0,0.00000,0,0.00000,0,0.00000,0,0.00000,263,0.00019,131,0.00017,464,0.00071,647,0.00060,0,0.00000,0,0.00000
Jiangella alkaliphila,419479,S,0,0.00000,0,0.00000,0,0.00000,0,0.00000,0,0.00000,0,0.00000,0,0.00000,0,0.00000,261,0.00019,168,0.00021,192,0.00029,283,0.00026,0,0.00000,0,0.00000
Lysobacter sp. 5GHs7-4,2904253,S,0,0.00000,0,0.00000,0,0.00000,0,0.00000,0,0.00000,0,0.00000,0,0.00000,0,0.00000,261,0.00019,178,0.00023,122,0.00019,121,0.00011,0,0.00000,0,0.00000
Streptomyces luteoverticillatus,66425,S,0,0.00000,0,0.00000,0,0.00000,0,0.00000,0,0.00000,0,0.00000,0,0.00000,0,0.00000,260,0.00019,94,0.00012,142,0.00022,131,0.00012,0,0.00000,0,0.00000
Streptomyces sp. NBC_01353,2903835,S,0,0.00000,0,0.00000,0,0.00000,0,0.00000,0,0.00000,0,0.00000,0,0.00000,0,0.00000,259,0.00019,82,0.00010,115,0.00018,0,0.00000,0,0.00000,0,0.00000
Micromonospora maris,1003110,S,0,0.00000,0,0.00000,0,0.00000,0,0.00000,0,0.00000,0,0.00000,0,0.00000,0,0.00000,259,0.00019,152,0.00019,150,0.00023,121,0.00011,0,0.00000,0,0.00000
Streptomyces sp. NBC_00223,2976008,S,0,0.00000,0,0.00000,0,0.00000,0,0.00000,0,0.00000,0,0.00000,0,0.00000,0,0.00000,258,0.00018,189,0.00024,67,0.00010,140,0.00013,0,0.00000,0,0.00000
Streptomyces flavofungini,68200,S,0,0.00000,0,0.00000,0,0.00000,0,0.00000,0,0.00000,0,0.00000,0,0.00000,0,0.00000,258,0.00018,0,0.00000,0,0.00000,220,0.00020,0,0.00000,0,0.00000
Kitasatospora sp. NBC_00374,2975964,S,0,0.00000,0,0.00000,0,0.00000,0,0.00000,0,0.00000,0,0.00000,0,0.00000,0,0.00000,258,0.00018,217,0.00028,199,0.00030,164,0.00015,0,0.00000,0,0.00000
Streptomyces sp. NHF165,2175864,S,0,0.00000,0,0.00000,0,0.00000,0,0.00000,0,0.00000,0,0.00000,0,0.00000,0,0.00000,256,0.00018,139,0.00018,96,0.00015,149,0.00014,0,0.00000,0,0.00000
Streptomyces sp. NBC_01198,2903769,S,0,0.00000,0,0.00000,0,0.00000,0,0.00000,0,0.00000,0,0.00000,0,0.00000,0,0.00000,256,0.00018,0,0.00000,140,0.00021,142,0.00013,0,0.00000,0,0.00000
Streptomyces sp. fd1-xmd,1812480,S,0,0.00000,0,0.00000,0,0.00000,0,0.00000,0,0.00000,0,0.00000,0,0.00000,0,0.00000,256,0.00018,166,0.00021,0,0.00000,175,0.00016,0,0.00000,0,0.00000
Mycobacterium sp. SMC-8,2857060,S,0,0.00000,0,0.00000,0,0.00000,0,0.00000,0,0.00000,0,0.00000,0,0.00000,0,0.00000,256,0.00018,0,0.00000,277,0.00042,187,0.00017,0,0.00000,0,0.00000
Micromonospora sp. HM134,2583243,S,0,0.00000,0,0.00000,0,0.00000,0,0.00000,0,0.00000,0,0.00000,0,0.00000,0,0.00000,256,0.00018,79,0.00010,0,0.00000,184,0.00017,0,0.00000,0,0.00000
Kribbella sp. HUAS MG21,3160966,S,0,0.00000,0,0.00000,0,0.00000,0,0.00000,0,0.00000,0,0.00000,0,0.00000,0,0.00000,256,0.00018,122,0.00016,333,0.00051,474,0.00044,0,0.00000,0,0.00000
Streptomyces durmitorensis,319947,S,0,0.00000,0,0.00000,0,0.00000,0,0.00000,0,0.00000,0,0.00000,0,0.00000,0,0.00000,254,0.00018,147,0.00019,114,0.00017,138,0.00013,0,0.00000,0,0.00000
Mycobacterium canetti,78331,S,0,0.00000,0,0.00000,0,0.00000,0,0.00000,0,0.00000,0,0.00000,0,0.00000,0,0.00000,254,0.00018,163,0.00021,0,0.00000,0,0.00000,0,0.00000,0,0.00000
Gemmatirosa kalamazoonensis,861299,S,0,0.00000,0,0.00000,0,0.00000,0,0.00000,0,0.00000,0,0.00000,0,0.00000,0,0.00000,254,0.00018,91,0.00012,1064,0.00162,247,0.00023,0,0.00000,0,0.00000
Sphaerisporangium sp. TRM90804,3031113,S,0,0.00000,0,0.00000,0,0.00000,0,0.00000,0,0.00000,0,0.00000,0,0.00000,0,0.00000,253,0.00018,138,0.00018,34,0.00005,83,0.00008,0,0.00000,0,0.00000
Streptomyces nitrosporeus,28894,S,0,0.00000,0,0.00000,0,0.00000,0,0.00000,0,0.00000,0,0.00000,0,0.00000,0,0.00000,251,0.00018,196,0.00025,0,0.00000,111,0.00010,0,0.00000,0,0.00000
Streptomyces luomodiensis,3026192,S,0,0.00000,0,0.00000,0,0.00000,0,0.00000,0,0.00000,0,0.00000,0,0.00000,0,0.00000,251,0.00018,0,0.00000,0,0.00000,198,0.00018,0,0.00000,0,0.00000
Kribbella sp. NBC_00359,2975966,S,0,0.00000,0,0.00000,0,0.00000,0,0.00000,0,0.00000,0,0.00000,0,0.00000,0,0.00000,251,0.00018,163,0.00021,392,0.00060,555,0.00052,0,0.00000,0,0.00000
Streptomyces sp. SCSIO 30461,3118085,S,0,0.00000,0,0.00000,0,0.00000,0,0.00000,0,0.00000,0,0.00000,0,0.00000,0,0.00000,250,0.00018,113,0.00014,110,0.00017,150,0.00014,0,0.00000,0,0.00000
Streptomyces sp. NBC_00358,2975725,S,0,0.00000,0,0.00000,0,0.00000,0,0.00000,0,0.00000,0,0.00000,0,0.00000,0,0.00000,250,0.00018,139,0.00018,0,0.00000,72,0.00007,0,0.00000,0,0.00000
Actinoplanes teichomyceticus,1867,S,0,0.00000,0,0.00000,0,0.00000,0,0.00000,0,0.00000,0,0.00000,0,0.00000,0,0.00000,250,0.00018,138,0.00018,82,0.00012,129,0.00012,0,0.00000,0,0.00000
Streptomyces griseocarneus,51201,S,0,0.00000,0,0.00000,0,0.00000,0,0.00000,0,0.00000,0,0.00000,0,0.00000,0,0.00000,249,0.00018,208,0.00027,0,0.00000,234,0.00022,0,0.00000,0,0.00000
Nocardia farcinica,37329,S,0,0.00000,0,0.00000,0,0.00000,0,0.00000,0,0.00000,0,0.00000,0,0.00000,0,0.00000,249,0.00018,105,0.00013,265,0.00040,118,0.00011,0,0.00000,0,0.00000
Kutzneria chonburiensis,1483604,S,0,0.00000,0,0.00000,0,0.00000,0,0.00000,0,0.00000,0,0.00000,0,0.00000,0,0.00000,249,0.00018,145,0.00018,255,0.00039,310,0.00029,0,0.00000,0,0.00000
Streptomyces sp. NBC_00448,2903652,S,0,0.00000,0,0.00000,0,0.00000,0,0.00000,0,0.00000,0,0.00000,0,0.00000,0,0.00000,248,0.00018,0,0.00000,0,0.00000,0,0.00000,0,0.00000,0,0.00000
Actinoplanes sp. L3-i22,2836373,S,0,0.00000,0,0.00000,0,0.00000,0,0.00000,0,0.00000,0,0.00000,0,0.00000,0,0.00000,248,0.00018,143,0.00018,159,0.00024,145,0.00013,0,0.00000,0,0.00000
Azospira restricta,404405,S,0,0.00000,0,0.00000,0,0.00000,0,0.00000,0,0.00000,0,0.00000,0,0.00000,0,0.00000,248,0.00018,0,0.00000,759,0.00116,47,0.00004,0,0.00000,0,0.00000
Amycolatopsis roodepoortensis,700274,S,0,0.00000,0,0.00000,0,0.00000,0,0.00000,0,0.00000,0,0.00000,0,0.00000,0,0.00000,247,0.00018,123,0.00016,181,0.00028,107,0.00010,0,0.00000,0,0.00000
Streptomyces sp. NBC_01197,2903768,S,0,0.00000,0,0.00000,0,0.00000,0,0.00000,0,0.00000,0,0.00000,0,0.00000,0,0.00000,246,0.00018,104,0.00013,0,0.00000,104,0.00010,0,0.00000,0,0.00000
Miltoncostaea oceani,2843216,S,0,0.00000,0,0.00000,0,0.00000,0,0.00000,0,0.00000,0,0.00000,0,0.00000,0,0.00000,246,0.00018,179,0.00023,372,0.00057,439,0.00041,0,0.00000,0,0.00000
Rhizobium leguminosarum,384,S,0,0.00000,0,0.00000,0,0.00000,0,0.00000,0,0.00000,0,0.00000,0,0.00000,0,0.00000,246,0.00018,528,0.00067,726,0.00111,728,0.00068,0,0.00000,0,0.00000
Streptomyces sp. NBC_00576,2903665,S,0,0.00000,0,0.00000,0,0.00000,0,0.00000,0,0.00000,0,0.00000,0,0.00000,0,0.00000,245,0.00018,516,0.00066,466,0.00071,1197,0.00111,0,0.00000,0,0.00000
Nocardioides sp. dk884,2662361,S,0,0.00000,0,0.00000,0,0.00000,0,0.00000,0,0.00000,0,0.00000,0,0.00000,0,0.00000,245,0.00018,163,0.00021,214,0.00033,226,0.00021,0,0.00000,0,0.00000
Amycolatopsis cynarae,2995223,S,0,0.00000,0,0.00000,0,0.00000,0,0.00000,0,0.00000,0,0.00000,0,0.00000,0,0.00000,244,0.00017,164,0.00021,289,0.00044,202,0.00019,0,0.00000,0,0.00000
Caldimonas thermodepolymerans,215580,S,0,0.00000,0,0.00000,0,0.00000,0,0.00000,0,0.00000,0,0.00000,0,0.00000,0,0.00000,244,0.00017,0,0.00000,394,0.00060,82,0.00008,0,0.00000,0,0.00000
Nocardioides panacis,2849501,S,0,0.00000,0,0.00000,0,0.00000,0,0.00000,0,0.00000,0,0.00000,0,0.00000,0,0.00000,243,0.00017,125,0.00016,229,0.00035,348,0.00032,0,0.00000,0,0.00000
Acidipropionibacterium jensenii,1749,S,0,0.00000,0,0.00000,0,0.00000,0,0.00000,0,0.00000,0,0.00000,0,0.00000,0,0.00000,243,0.00017,178,0.00023,0,0.00000,183,0.00017,0,0.00000,0,0.00000
Lentzea sp. HUAS12,2951806,S,0,0.00000,0,0.00000,0,0.00000,0,0.00000,0,0.00000,0,0.00000,0,0.00000,0,0.00000,242,0.00017,83,0.00011,626,0.00095,128,0.00012,0,0.00000,0,0.00000
Ensifer canadensis,555315,S,0,0.00000,0,0.00000,0,0.00000,0,0.00000,0,0.00000,0,0.00000,0,0.00000,0,0.00000,242,0.00017,311,0.00040,0,0.00000,462,0.00043,0,0.00000,0,0.00000
Amycolatopsis thermalba,944492,S,0,0.00000,0,0.00000,0,0.00000,0,0.00000,0,0.00000,0,0.00000,0,0.00000,0,0.00000,240,0.00017,119,0.00015,219,0.00033,327,0.00030,0,0.00000,0,0.00000
Bradyrhizobium barranii,2992140,S,0,0.00000,0,0.00000,0,0.00000,0,0.00000,0,0.00000,0,0.00000,0,0.00000,0,0.00000,240,0.00017,0,0.00000,854,0.00130,900,0.00084,0,0.00000,0,0.00000
Streptomyces sp. NBC_01232,2903786,S,0,0.00000,0,0.00000,0,0.00000,0,0.00000,0,0.00000,0,0.00000,0,0.00000,0,0.00000,239,0.00017,116,0.00015,0,0.00000,101,0.00009,0,0.00000,0,0.00000
Geodermatophilus sp. DSM 44513,1528104,S,0,0.00000,0,0.00000,0,0.00000,0,0.00000,0,0.00000,0,0.00000,0,0.00000,0,0.00000,237,0.00017,122,0.00016,216,0.00033,206,0.00019,0,0.00000,0,0.00000
Streptomyces sp. R28,3238628,S,0,0.00000,0,0.00000,0,0.00000,0,0.00000,0,0.00000,0,0.00000,0,0.00000,0,0.00000,235,0.00017,140,0.00018,157,0.00024,181,0.00017,0,0.00000,0,0.00000
Streptomyces sp. NBC_01296,2903816,S,0,0.00000,0,0.00000,0,0.00000,0,0.00000,0,0.00000,0,0.00000,0,0.00000,0,0.00000,235,0.00017,127,0.00016,0,0.00000,161,0.00015,0,0.00000,0,0.00000
Streptomyces sp. CGMCC 4.1772,3111774,S,0,0.00000,0,0.00000,0,0.00000,0,0.00000,0,0.00000,0,0.00000,0,0.00000,0,0.00000,235,0.00017,0,0.00000,0,0.00000,0,0.00000,0,0.00000,0,0.00000
Phytohabitans flavus,1076124,S,0,0.00000,0,0.00000,0,0.00000,0,0.00000,0,0.00000,0,0.00000,0,0.00000,0,0.00000,235,0.00017,123,0.00016,197,0.00030,239,0.00022,0,0.00000,0,0.00000
Streptomyces sp. NA02950,2742137,S,0,0.00000,0,0.00000,0,0.00000,0,0.00000,0,0.00000,0,0.00000,0,0.00000,0,0.00000,234,0.00017,127,0.00016,741,0.00113,121,0.00011,0,0.00000,0,0.00000
Streptomyces sp. NBC_00841,2975847,S,0,0.00000,0,0.00000,0,0.00000,0,0.00000,0,0.00000,0,0.00000,0,0.00000,0,0.00000,233,0.00017,144,0.00018,0,0.00000,0,0.00000,0,0.00000,0,0.00000
Pseudofrankia inefficax,298654,S,0,0.00000,0,0.00000,0,0.00000,0,0.00000,0,0.00000,0,0.00000,0,0.00000,0,0.00000,233,0.00017,997,0.00127,260,0.00040,221,0.00021,0,0.00000,0,0.00000
Streptomyces sp. SM18,1736046,S,0,0.00000,0,0.00000,0,0.00000,0,0.00000,0,0.00000,0,0.00000,0,0.00000,0,0.00000,232,0.00017,110,0.00014,97,0.00015,1085,0.00101,0,0.00000,0,0.00000
Streptomyces sp. NA04227,2742136,S,0,0.00000,0,0.00000,0,0.00000,0,0.00000,0,0.00000,0,0.00000,0,0.00000,0,0.00000,231,0.00017,187,0.00024,116,0.00018,75,0.00007,0,0.00000,0,0.00000
Streptomyces sp. SAT1,1849967,S,0,0.00000,0,0.00000,0,0.00000,0,0.00000,0,0.00000,0,0.00000,0,0.00000,0,0.00000,231,0.00017,167,0.00021,0,0.00000,84,0.00008,0,0.00000,0,0.00000
Streptomyces sp. NBC_01255,2903798,S,0,0.00000,0,0.00000,0,0.00000,0,0.00000,0,0.00000,0,0.00000,0,0.00000,0,0.00000,231,0.00017,156,0.00020,0,0.00000,0,0.00000,0,0.00000,0,0.00000
Streptomyces sp. NBC_00704,2975809,S,0,0.00000,0,0.00000,0,0.00000,0,0.00000,0,0.00000,0,0.00000,0,0.00000,0,0.00000,231,0.00017,0,0.00000,0,0.00000,77,0.00007,0,0.00000,0,0.00000
Micromonospora sp. DSM 45708,3111767,S,0,0.00000,0,0.00000,0,0.00000,0,0.00000,0,0.00000,0,0.00000,0,0.00000,0,0.00000,231,0.00017,180,0.00023,86,0.00013,103,0.00010,0,0.00000,0,0.00000
Spiractinospora alimapuensis,2820884,S,0,0.00000,0,0.00000,0,0.00000,0,0.00000,0,0.00000,0,0.00000,0,0.00000,0,0.00000,228,0.00016,119,0.00015,58,0.00009,111,0.00010,0,0.00000,0,0.00000
Streptomyces sp. NBC_01451,2903872,S,0,0.00000,0,0.00000,0,0.00000,0,0.00000,0,0.00000,0,0.00000,0,0.00000,0,0.00000,227,0.00016,316,0.00040,230,0.00035,534,0.00050,0,0.00000,0,0.00000
Chitiniphilus purpureus,2981137,S,0,0.00000,0,0.00000,0,0.00000,0,0.00000,0,0.00000,0,0.00000,0,0.00000,0,0.00000,227,0.00016,0,0.00000,201,0.00031,0,0.00000,0,0.00000,0,0.00000
Micromonospora craniellae,2294034,S,0,0.00000,0,0.00000,0,0.00000,0,0.00000,0,0.00000,0,0.00000,0,0.00000,0,0.00000,226,0.00016,95,0.00012,56,0.00009,102,0.00009,0,0.00000,0,0.00000
Micromonospora echinofusca,47858,S,0,0.00000,0,0.00000,0,0.00000,0,0.00000,0,0.00000,0,0.00000,0,0.00000,0,0.00000,225,0.00016,145,0.00018,0,0.00000,74,0.00007,0,0.00000,0,0.00000
Streptomyces sp. YIM 121038,2136401,S,0,0.00000,0,0.00000,0,0.00000,0,0.00000,0,0.00000,0,0.00000,0,0.00000,0,0.00000,224,0.00016,244,0.00031,130,0.00020,136,0.00013,0,0.00000,0,0.00000
Streptomyces actuosus,1885,S,0,0.00000,0,0.00000,0,0.00000,0,0.00000,0,0.00000,0,0.00000,0,0.00000,0,0.00000,224,0.00016,141,0.00018,135,0.00021,89,0.00008,0,0.00000,0,0.00000
Kitasatospora sp. HUAS MG31,3156397,S,0,0.00000,0,0.00000,0,0.00000,0,0.00000,0,0.00000,0,0.00000,0,0.00000,0,0.00000,224,0.00016,219,0.00028,152,0.00023,116,0.00011,0,0.00000,0,0.00000
Streptomyces sp. CL7,3096006,S,0,0.00000,0,0.00000,0,0.00000,0,0.00000,0,0.00000,0,0.00000,0,0.00000,0,0.00000,223,0.00016,0,0.00000,0,0.00000,132,0.00012,0,0.00000,0,0.00000
Mycolicibacterium phocaicum,319706,S,0,0.00000,0,0.00000,0,0.00000,0,0.00000,0,0.00000,0,0.00000,0,0.00000,0,0.00000,223,0.00016,0,0.00000,288,0.00044,110,0.00010,0,0.00000,0,0.00000
Micromonospora sp. HUAS LYJ1,3061626,S,0,0.00000,0,0.00000,0,0.00000,0,0.00000,0,0.00000,0,0.00000,0,0.00000,0,0.00000,223,0.00016,128,0.00016,127,0.00019,82,0.00008,0,0.00000,0,0.00000
Streptomyces sp. FIT100,2837956,S,0,0.00000,0,0.00000,0,0.00000,0,0.00000,0,0.00000,0,0.00000,0,0.00000,0,0.00000,222,0.00016,103,0.00013,0,0.00000,108,0.00010,0,0.00000,0,0.00000
Streptomyces sp. NBC_01237,2903790,S,0,0.00000,0,0.00000,0,0.00000,0,0.00000,0,0.00000,0,0.00000,0,0.00000,0,0.00000,221,0.00016,89,0.00011,0,0.00000,117,0.00011,0,0.00000,0,0.00000
Streptomyces sp. NBC_01334,2903827,S,0,0.00000,0,0.00000,0,0.00000,0,0.00000,0,0.00000,0,0.00000,0,0.00000,0,0.00000,219,0.00016,0,0.00000,129,0.00020,115,0.00011,0,0.00000,0,0.00000
Achromobacter insolitus,217204,S,0,0.00000,0,0.00000,0,0.00000,0,0.00000,0,0.00000,0,0.00000,0,0.00000,0,0.00000,219,0.00016,0,0.00000,0,0.00000,81,0.00008,0,0.00000,0,0.00000
Amycolatopsis acidiphila,715473,S,0,0.00000,0,0.00000,0,0.00000,0,0.00000,0,0.00000,0,0.00000,0,0.00000,0,0.00000,218,0.00016,134,0.00017,294,0.00045,264,0.00025,0,0.00000,0,0.00000
Arthrobacter alpinus,656366,S,0,0.00000,0,0.00000,0,0.00000,0,0.00000,0,0.00000,0,0.00000,0,0.00000,0,0.00000,218,0.00016,0,0.00000,0,0.00000,0,0.00000,0,0.00000,0,0.00000
Streptomyces sp. SCSIO ZS0520,2892996,S,0,0.00000,0,0.00000,0,0.00000,0,0.00000,0,0.00000,0,0.00000,0,0.00000,0,0.00000,217,0.00016,121,0.00015,174,0.00027,125,0.00012,0,0.00000,0,0.00000
Micromonospora sp. NBC_01796,2975987,S,0,0.00000,0,0.00000,0,0.00000,0,0.00000,0,0.00000,0,0.00000,0,0.00000,0,0.00000,217,0.00016,157,0.00020,154,0.00023,126,0.00012,0,0.00000,0,0.00000
Actinoplanes sp. OR16,946334,S,0,0.00000,0,0.00000,0,0.00000,0,0.00000,0,0.00000,0,0.00000,0,0.00000,0,0.00000,217,0.00016,102,0.00013,108,0.00016,157,0.00015,0,0.00000,0,0.00000
Miniimonas sp. S16,2171623,S,0,0.00000,0,0.00000,0,0.00000,0,0.00000,0,0.00000,0,0.00000,0,0.00000,0,0.00000,217,0.00016,222,0.00028,252,0.00038,208,0.00019,0,0.00000,0,0.00000
Cellulomonas sp. PSBB021,2003551,S,0,0.00000,0,0.00000,0,0.00000,0,0.00000,0,0.00000,0,0.00000,0,0.00000,0,0.00000,216,0.00015,153,0.00020,0,0.00000,141,0.00013,0,0.00000,0,0.00000
Actinoplanes sp. N902-109,649831,S,0,0.00000,0,0.00000,0,0.00000,0,0.00000,0,0.00000,0,0.00000,0,0.00000,0,0.00000,215,0.00015,132,0.00017,98,0.00015,168,0.00016,0,0.00000,0,0.00000
Streptomyces longhuiensis,2880933,S,0,0.00000,0,0.00000,0,0.00000,0,0.00000,0,0.00000,0,0.00000,0,0.00000,0,0.00000,214,0.00015,136,0.00017,0,0.00000,0,0.00000,0,0.00000,0,0.00000
Dietzia kunjamensis,322509,S,0,0.00000,0,0.00000,0,0.00000,0,0.00000,0,0.00000,0,0.00000,0,0.00000,0,0.00000,214,0.00015,0,0.00000,0,0.00000,0,0.00000,0,0.00000,0,0.00000
Micromonospora globbae,1894969,S,0,0.00000,0,0.00000,0,0.00000,0,0.00000,0,0.00000,0,0.00000,0,0.00000,0,0.00000,214,0.00015,124,0.00016,106,0.00016,145,0.00013,0,0.00000,0,0.00000
Actinomycetospora sp. NBC_00405,2975952,S,0,0.00000,0,0.00000,0,0.00000,0,0.00000,0,0.00000,0,0.00000,0,0.00000,0,0.00000,214,0.00015,156,0.00020,220,0.00034,274,0.00025,0,0.00000,0,0.00000
Barrientosiimonas endolithica,1535208,S,0,0.00000,0,0.00000,0,0.00000,0,0.00000,0,0.00000,0,0.00000,0,0.00000,0,0.00000,214,0.00015,0,0.00000,0,0.00000,265,0.00025,0,0.00000,0,0.00000
Kineococcus sp. NBC_00420,2903564,S,0,0.00000,0,0.00000,0,0.00000,0,0.00000,0,0.00000,0,0.00000,0,0.00000,0,0.00000,214,0.00015,122,0.00016,64,0.00010,108,0.00010,0,0.00000,0,0.00000
Streptomyces sp. NBC_01235,2903788,S,0,0.00000,0,0.00000,0,0.00000,0,0.00000,0,0.00000,0,0.00000,0,0.00000,0,0.00000,213,0.00015,161,0.00021,0,0.00000,141,0.00013,0,0.00000,0,0.00000
Streptomyces sp. MMBL 11-1,3026420,S,0,0.00000,0,0.00000,0,0.00000,0,0.00000,0,0.00000,0,0.00000,0,0.00000,0,0.00000,212,0.00015,0,0.00000,0,0.00000,0,0.00000,0,0.00000,0,0.00000
Streptomyces pseudovenezuelae,67350,S,0,0.00000,0,0.00000,0,0.00000,0,0.00000,0,0.00000,0,0.00000,0,0.00000,0,0.00000,212,0.00015,141,0.00018,141,0.00021,159,0.00015,0,0.00000,0,0.00000
Streptomyces sp. WZ-12,3030210,S,0,0.00000,0,0.00000,0,0.00000,0,0.00000,0,0.00000,0,0.00000,0,0.00000,0,0.00000,211,0.00015,148,0.00019,90,0.00014,106,0.00010,0,0.00000,0,0.00000
Streptomyces sp. cg36,3238798,S,0,0.00000,0,0.00000,0,0.00000,0,0.00000,0,0.00000,0,0.00000,0,0.00000,0,0.00000,211,0.00015,113,0.00014,108,0.00016,102,0.00009,0,0.00000,0,0.00000
Streptomyces peucetius,1950,S,0,0.00000,0,0.00000,0,0.00000,0,0.00000,0,0.00000,0,0.00000,0,0.00000,0,0.00000,211,0.00015,98,0.00012,0,0.00000,86,0.00008,0,0.00000,0,0.00000
Amycolatopsis sp. cg5,3238802,S,0,0.00000,0,0.00000,0,0.00000,0,0.00000,0,0.00000,0,0.00000,0,0.00000,0,0.00000,211,0.00015,76,0.00010,163,0.00025,190,0.00018,0,0.00000,0,0.00000
Streptomyces ficellus,1977088,S,0,0.00000,0,0.00000,0,0.00000,0,0.00000,0,0.00000,0,0.00000,0,0.00000,0,0.00000,210,0.00015,0,0.00000,109,0.00017,0,0.00000,0,0.00000,0,0.00000
Streptomyces iakyrus,68219,S,0,0.00000,0,0.00000,0,0.00000,0,0.00000,0,0.00000,0,0.00000,0,0.00000,0,0.00000,210,0.00015,0,0.00000,0,0.00000,0,0.00000,0,0.00000,0,0.00000
Nocardioides sp. HDW12B,2714939,S,0,0.00000,0,0.00000,0,0.00000,0,0.00000,0,0.00000,0,0.00000,0,0.00000,0,0.00000,210,0.00015,140,0.00018,227,0.00035,240,0.00022,0,0.00000,0,0.00000
Nocardioides sp. JS614,196162,S,0,0.00000,0,0.00000,0,0.00000,0,0.00000,0,0.00000,0,0.00000,0,0.00000,0,0.00000,210,0.00015,114,0.00015,280,0.00043,414,0.00039,0,0.00000,0,0.00000
Achromobacter denitrificans,32002,S,0,0.00000,0,0.00000,0,0.00000,0,0.00000,0,0.00000,0,0.00000,0,0.00000,0,0.00000,210,0.00015,0,0.00000,383,0.00058,592,0.00055,0,0.00000,0,0.00000
Streptomyces ambofaciens,1889,S,0,0.00000,0,0.00000,0,0.00000,0,0.00000,0,0.00000,0,0.00000,0,0.00000,0,0.00000,209,0.00015,102,0.00013,0,0.00000,64,0.00006,0,0.00000,0,0.00000
Micromonospora krabiensis,307121,S,0,0.00000,0,0.00000,0,0.00000,0,0.00000,0,0.00000,0,0.00000,0,0.00000,0,0.00000,208,0.00015,162,0.00021,75,0.00011,112,0.00010,0,0.00000,0,0.00000
Micromonospora peucetia,47871,S,0,0.00000,0,0.00000,0,0.00000,0,0.00000,0,0.00000,0,0.00000,0,0.00000,0,0.00000,208,0.00015,100,0.00013,75,0.00011,99,0.00009,0,0.00000,0,0.00000
Pseudonocardia autotrophica,2074,S,0,0.00000,0,0.00000,0,0.00000,0,0.00000,0,0.00000,0,0.00000,0,0.00000,0,0.00000,208,0.00015,259,0.00033,306,0.00047,818,0.00076,0,0.00000,0,0.00000
Nocardioides scoriae,642780,S,0,0.00000,0,0.00000,0,0.00000,0,0.00000,0,0.00000,0,0.00000,0,0.00000,0,0.00000,208,0.00015,134,0.00017,204,0.00031,197,0.00018,0,0.00000,0,0.00000
Streptomyces broussonetiae,2686304,S,0,0.00000,0,0.00000,0,0.00000,0,0.00000,0,0.00000,0,0.00000,0,0.00000,0,0.00000,207,0.00015,95,0.00012,106,0.00016,75,0.00007,0,0.00000,0,0.00000
Streptomyces vietnamensis,362257,S,0,0.00000,0,0.00000,0,0.00000,0,0.00000,0,0.00000,0,0.00000,0,0.00000,0,0.00000,207,0.00015,114,0.00015,0,0.00000,128,0.00012,0,0.00000,0,0.00000
Kitasatospora fiedleri,2991545,S,0,0.00000,0,0.00000,0,0.00000,0,0.00000,0,0.00000,0,0.00000,0,0.00000,0,0.00000,207,0.00015,126,0.00016,133,0.00020,101,0.00009,0,0.00000,0,0.00000
Nocardia puris,208602,S,0,0.00000,0,0.00000,0,0.00000,0,0.00000,0,0.00000,0,0.00000,0,0.00000,0,0.00000,207,0.00015,71,0.00009,90,0.00014,123,0.00011,0,0.00000,0,0.00000
Georgenia sp. M64,3120520,S,0,0.00000,0,0.00000,0,0.00000,0,0.00000,0,0.00000,0,0.00000,0,0.00000,0,0.00000,207,0.00015,0,0.00000,0,0.00000,110,0.00010,0,0.00000,0,0.00000
Streptomyces sp. NBC_01485,2903884,S,0,0.00000,0,0.00000,0,0.00000,0,0.00000,0,0.00000,0,0.00000,0,0.00000,0,0.00000,206,0.00015,187,0.00024,141,0.00021,82,0.00008,0,0.00000,0,0.00000
Streptomyces dangxiongensis,1442032,S,0,0.00000,0,0.00000,0,0.00000,0,0.00000,0,0.00000,0,0.00000,0,0.00000,0,0.00000,206,0.00015,336,0.00043,0,0.00000,0,0.00000,0,0.00000,0,0.00000
Streptomyces sp. NBC_00386,2975734,S,0,0.00000,0,0.00000,0,0.00000,0,0.00000,0,0.00000,0,0.00000,0,0.00000,0,0.00000,205,0.00015,0,0.00000,0,0.00000,138,0.00013,0,0.00000,0,0.00000
Streptomyces profundus,2867410,S,0,0.00000,0,0.00000,0,0.00000,0,0.00000,0,0.00000,0,0.00000,0,0.00000,0,0.00000,205,0.00015,91,0.00012,81,0.00012,118,0.00011,0,0.00000,0,0.00000
Streptomyces marincola,2878388,S,0,0.00000,0,0.00000,0,0.00000,0,0.00000,0,0.00000,0,0.00000,0,0.00000,0,0.00000,205,0.00015,141,0.00018,159,0.00024,145,0.00013,0,0.00000,0,0.00000
Roseateles sp. DAIF2,2714952,S,0,0.00000,0,0.00000,0,0.00000,0,0.00000,0,0.00000,0,0.00000,0,0.00000,0,0.00000,205,0.00015,0,0.00000,209,0.00032,59,0.00005,0,0.00000,0,0.00000
Streptomyces caniscabiei,2746961,S,0,0.00000,0,0.00000,0,0.00000,0,0.00000,0,0.00000,0,0.00000,0,0.00000,0,0.00000,204,0.00015,0,0.00000,0,0.00000,0,0.00000,0,0.00000,0,0.00000
Streptomyces sp. NBC_00557,2975776,S,0,0.00000,0,0.00000,0,0.00000,0,0.00000,0,0.00000,0,0.00000,0,0.00000,0,0.00000,203,0.00015,177,0.00023,140,0.00021,109,0.00010,0,0.00000,0,0.00000
Streptomyces sp. NBC_01343,2903832,S,0,0.00000,0,0.00000,0,0.00000,0,0.00000,0,0.00000,0,0.00000,0,0.00000,0,0.00000,203,0.00015,99,0.00013,0,0.00000,107,0.00010,0,0.00000,0,0.00000
Saccharopolyspora gregorii,33914,S,0,0.00000,0,0.00000,0,0.00000,0,0.00000,0,0.00000,0,0.00000,0,0.00000,0,0.00000,203,0.00015,134,0.00017,385,0.00059,191,0.00018,0,0.00000,0,0.00000
Arthrobacter citreus,1670,S,0,0.00000,0,0.00000,0,0.00000,0,0.00000,0,0.00000,0,0.00000,0,0.00000,0,0.00000,203,0.00015,166,0.00021,0,0.00000,0,0.00000,0,0.00000,0,0.00000
Streptomyces sp. So13.3,2136173,S,0,0.00000,0,0.00000,0,0.00000,0,0.00000,0,0.00000,0,0.00000,0,0.00000,0,0.00000,202,0.00014,113,0.00014,111,0.00017,134,0.00012,0,0.00000,0,0.00000
Streptomyces sp. NBC_00247,2975689,S,0,0.00000,0,0.00000,0,0.00000,0,0.00000,0,0.00000,0,0.00000,0,0.00000,0,0.00000,202,0.00014,114,0.00015,0,0.00000,112,0.00010,0,0.00000,0,0.00000
Amycolatopsis methanolica,1814,S,0,0.00000,0,0.00000,0,0.00000,0,0.00000,0,0.00000,0,0.00000,0,0.00000,0,0.00000,202,0.00014,160,0.00020,158,0.00024,248,0.00023,0,0.00000,0,0.00000
Streptomyces sp. NBC_01244,2903797,S,0,0.00000,0,0.00000,0,0.00000,0,0.00000,0,0.00000,0,0.00000,0,0.00000,0,0.00000,201,0.00014,138,0.00018,0,0.00000,150,0.00014,0,0.00000,0,0.00000
Streptomyces nodosus,40318,S,0,0.00000,0,0.00000,0,0.00000,0,0.00000,0,0.00000,0,0.00000,0,0.00000,0,0.00000,201,0.00014,140,0.00018,84,0.00013,77,0.00007,0,0.00000,0,0.00000
Streptomyces sp. GQFP,2907545,S,0,0.00000,0,0.00000,0,0.00000,0,0.00000,0,0.00000,0,0.00000,0,0.00000,0,0.00000,200,0.00014,272,0.00035,172,0.00026,555,0.00052,0,0.00000,0,0.00000
Sphingomonas sp. CL5.1,2653203,S,0,0.00000,0,0.00000,0,0.00000,0,0.00000,0,0.00000,0,0.00000,0,0.00000,0,0.00000,200,0.00014,0,0.00000,232,0.00035,69,0.00006,0,0.00000,0,0.00000
Streptomyces tanashiensis,67367,S,0,0.00000,0,0.00000,0,0.00000,0,0.00000,0,0.00000,0,0.00000,0,0.00000,0,0.00000,199,0.00014,0,0.00000,0,0.00000,0,0.00000,0,0.00000,0,0.00000
Amycolatopsis sp. 2-2,715472,S,0,0.00000,0,0.00000,0,0.00000,0,0.00000,0,0.00000,0,0.00000,0,0.00000,0,0.00000,199,0.00014,115,0.00015,209,0.00032,229,0.00021,0,0.00000,0,0.00000
Pseudonocardia abyssalis,2792008,S,0,0.00000,0,0.00000,0,0.00000,0,0.00000,0,0.00000,0,0.00000,0,0.00000,0,0.00000,199,0.00014,164,0.00021,394,0.00060,549,0.00051,0,0.00000,0,0.00000
Nakamurella multipartita,53461,S,0,0.00000,0,0.00000,0,0.00000,0,0.00000,0,0.00000,0,0.00000,0,0.00000,0,0.00000,199,0.00014,99,0.00013,139,0.00021,165,0.00015,0,0.00000,0,0.00000
Anaeromyxobacter dehalogenans,161493,S,0,0.00000,0,0.00000,0,0.00000,0,0.00000,0,0.00000,0,0.00000,0,0.00000,0,0.00000,199,0.00014,34,0.00004,358,0.00055,124,0.00012,0,0.00000,0,0.00000
Streptomyces sp. NBC_00250,2903641,S,0,0.00000,0,0.00000,0,0.00000,0,0.00000,0,0.00000,0,0.00000,0,0.00000,0,0.00000,197,0.00014,0,0.00000,0,0.00000,126,0.00012,0,0.00000,0,0.00000
Streptomyces hirsutus,35620,S,0,0.00000,0,0.00000,0,0.00000,0,0.00000,0,0.00000,0,0.00000,0,0.00000,0,0.00000,197,0.00014,0,0.00000,0,0.00000,83,0.00008,0,0.00000,0,0.00000
Streptomyces caniferus,285557,S,0,0.00000,0,0.00000,0,0.00000,0,0.00000,0,0.00000,0,0.00000,0,0.00000,0,0.00000,197,0.00014,100,0.00013,268,0.00041,135,0.00013,0,0.00000,0,0.00000
Micromonospora sp. DSM 102119,3111768,S,0,0.00000,0,0.00000,0,0.00000,0,0.00000,0,0.00000,0,0.00000,0,0.00000,0,0.00000,197,0.00014,0,0.00000,0,0.00000,0,0.00000,0,0.00000,0,0.00000
Sinorhizobium fredii,380,S,0,0.00000,0,0.00000,0,0.00000,0,0.00000,0,0.00000,0,0.00000,0,0.00000,0,0.00000,197,0.00014,93,0.00012,303,0.00046,195,0.00018,0,0.00000,0,0.00000
Streptomyces sp. NBC_01716,2975917,S,0,0.00000,0,0.00000,0,0.00000,0,0.00000,0,0.00000,0,0.00000,0,0.00000,0,0.00000,195,0.00014,103,0.00013,134,0.00020,107,0.00010,0,0.00000,0,0.00000
Streptomyces sp. CG1,1287523,S,0,0.00000,0,0.00000,0,0.00000,0,0.00000,0,0.00000,0,0.00000,0,0.00000,0,0.00000,195,0.00014,89,0.00011,131,0.00020,130,0.00012,0,0.00000,0,0.00000
Streptomyces hundungensis,1077946,S,0,0.00000,0,0.00000,0,0.00000,0,0.00000,0,0.00000,0,0.00000,0,0.00000,0,0.00000,195,0.00014,0,0.00000,106,0.00016,80,0.00007,0,0.00000,0,0.00000
Streptomyces sp. CB09001,2083284,S,0,0.00000,0,0.00000,0,0.00000,0,0.00000,0,0.00000,0,0.00000,0,0.00000,0,0.00000,194,0.00014,0,0.00000,0,0.00000,0,0.00000,0,0.00000,0,0.00000
Micromonospora profundi,1420889,S,0,0.00000,0,0.00000,0,0.00000,0,0.00000,0,0.00000,0,0.00000,0,0.00000,0,0.00000,194,0.00014,103,0.00013,50,0.00008,74,0.00007,0,0.00000,0,0.00000
Streptomyces sp. RerS4,2942449,S,0,0.00000,0,0.00000,0,0.00000,0,0.00000,0,0.00000,0,0.00000,0,0.00000,0,0.00000,193,0.00014,93,0.00012,0,0.00000,88,0.00008,0,0.00000,0,0.00000
Streptomyces sclerotialus,1957,S,0,0.00000,0,0.00000,0,0.00000,0,0.00000,0,0.00000,0,0.00000,0,0.00000,0,0.00000,193,0.00014,87,0.00011,135,0.00021,156,0.00015,0,0.00000,0,0.00000
Streptomyces netropsis,55404,S,0,0.00000,0,0.00000,0,0.00000,0,0.00000,0,0.00000,0,0.00000,0,0.00000,0,0.00000,193,0.00014,92,0.00012,0,0.00000,90,0.00008,0,0.00000,0,0.00000
Saccharopolyspora spinosa,60894,S,0,0.00000,0,0.00000,0,0.00000,0,0.00000,0,0.00000,0,0.00000,0,0.00000,0,0.00000,192,0.00014,190,0.00024,235,0.00036,210,0.00020,0,0.00000,0,0.00000
Pseudolabrys taiwanensis,331696,S,0,0.00000,0,0.00000,0,0.00000,0,0.00000,0,0.00000,0,0.00000,0,0.00000,0,0.00000,192,0.00014,113,0.00014,596,0.00091,194,0.00018,0,0.00000,0,0.00000
Dactylosporangium matsuzakiense,53360,S,0,0.00000,0,0.00000,0,0.00000,0,0.00000,0,0.00000,0,0.00000,0,0.00000,0,0.00000,191,0.00014,0,0.00000,0,0.00000,0,0.00000,0,0.00000,0,0.00000
Streptomyces sp. NBC_00588,2975784,S,0,0.00000,0,0.00000,0,0.00000,0,0.00000,0,0.00000,0,0.00000,0,0.00000,0,0.00000,190,0.00014,0,0.00000,115,0.00018,115,0.00011,0,0.00000,0,0.00000
Streptomyces xanthii,2768069,S,0,0.00000,0,0.00000,0,0.00000,0,0.00000,0,0.00000,0,0.00000,0,0.00000,0,0.00000,189,0.00014,107,0.00014,113,0.00017,107,0.00010,0,0.00000,0,0.00000
Kitasatospora herbaricolor,68217,S,0,0.00000,0,0.00000,0,0.00000,0,0.00000,0,0.00000,0,0.00000,0,0.00000,0,0.00000,189,0.00014,110,0.00014,166,0.00025,131,0.00012,0,0.00000,0,0.00000
Nocardioides sp. S5,2017486,S,0,0.00000,0,0.00000,0,0.00000,0,0.00000,0,0.00000,0,0.00000,0,0.00000,0,0.00000,189,0.00014,121,0.00015,189,0.00029,287,0.00027,0,0.00000,0,0.00000
Streptomyces sp. W1SF4,2305220,S,0,0.00000,0,0.00000,0,0.00000,0,0.00000,0,0.00000,0,0.00000,0,0.00000,0,0.00000,188,0.00013,82,0.00010,0,0.00000,97,0.00009,0,0.00000,0,0.00000
Mycobacterium gallinarum,39689,S,0,0.00000,0,0.00000,0,0.00000,0,0.00000,0,0.00000,0,0.00000,0,0.00000,0,0.00000,188,0.00013,116,0.00015,200,0.00030,221,0.00021,0,0.00000,0,0.00000
Actinoplanes missouriensis,1866,S,0,0.00000,0,0.00000,0,0.00000,0,0.00000,0,0.00000,0,0.00000,0,0.00000,0,0.00000,188,0.00013,141,0.00018,114,0.00017,95,0.00009,0,0.00000,0,0.00000
Actinosynnema pretiosum,42197,S,0,0.00000,0,0.00000,0,0.00000,0,0.00000,0,0.00000,0,0.00000,0,0.00000,0,0.00000,188,0.00013,96,0.00012,187,0.00028,148,0.00014,0,0.00000,0,0.00000
Streptomyces sp. WAC 01438,2203204,S,0,0.00000,0,0.00000,0,0.00000,0,0.00000,0,0.00000,0,0.00000,0,0.00000,0,0.00000,187,0.00013,94,0.00012,169,0.00026,109,0.00010,0,0.00000,0,0.00000
Streptomyces rectiverticillatus,173860,S,0,0.00000,0,0.00000,0,0.00000,0,0.00000,0,0.00000,0,0.00000,0,0.00000,0,0.00000,187,0.00013,93,0.00012,121,0.00018,92,0.00009,0,0.00000,0,0.00000
Streptomyces paludis,2282738,S,0,0.00000,0,0.00000,0,0.00000,0,0.00000,0,0.00000,0,0.00000,0,0.00000,0,0.00000,186,0.00013,103,0.00013,89,0.00014,66,0.00006,0,0.00000,0,0.00000
Modestobacter italicus,2732864,S,0,0.00000,0,0.00000,0,0.00000,0,0.00000,0,0.00000,0,0.00000,0,0.00000,0,0.00000,186,0.00013,178,0.00023,168,0.00026,262,0.00024,0,0.00000,0,0.00000
Paradevosia shaoguanensis,1335043,S,0,0.00000,0,0.00000,0,0.00000,0,0.00000,0,0.00000,0,0.00000,0,0.00000,0,0.00000,186,0.00013,0,0.00000,236,0.00036,171,0.00016,0,0.00000,0,0.00000
Streptomyces sp. NBC_01788,2975940,S,0,0.00000,0,0.00000,0,0.00000,0,0.00000,0,0.00000,0,0.00000,0,0.00000,0,0.00000,185,0.00013,570,0.00073,100,0.00015,321,0.00030,0,0.00000,0,0.00000
Pseudonocardia broussonetiae,2736640,S,0,0.00000,0,0.00000,0,0.00000,0,0.00000,0,0.00000,0,0.00000,0,0.00000,0,0.00000,185,0.00013,313,0.00040,443,0.00067,789,0.00073,0,0.00000,0,0.00000
Streptomyces halobius,2879846,S,0,0.00000,0,0.00000,0,0.00000,0,0.00000,0,0.00000,0,0.00000,0,0.00000,0,0.00000,184,0.00013,96,0.00012,134,0.00020,87,0.00008,0,0.00000,0,0.00000
Microbacterium sp. No. 7,1714373,S,0,0.00000,0,0.00000,0,0.00000,0,0.00000,0,0.00000,0,0.00000,0,0.00000,0,0.00000,184,0.00013,426,0.00054,175,0.00027,133,0.00012,0,0.00000,0,0.00000
Streptomyces sp. NBC_00328,2903646,S,0,0.00000,0,0.00000,0,0.00000,0,0.00000,0,0.00000,0,0.00000,0,0.00000,0,0.00000,183,0.00013,0,0.00000,0,0.00000,0,0.00000,0,0.00000,0,0.00000
Corynebacterium marinum,349751,S,0,0.00000,0,0.00000,0,0.00000,0,0.00000,0,0.00000,0,0.00000,0,0.00000,0,0.00000,183,0.00013,0,0.00000,0,0.00000,0,0.00000,0,0.00000,0,0.00000
Micromonospora sp. WMMD882,3015151,S,0,0.00000,0,0.00000,0,0.00000,0,0.00000,0,0.00000,0,0.00000,0,0.00000,0,0.00000,183,0.00013,85,0.00011,72,0.00011,102,0.00009,0,0.00000,0,0.00000
Amorphoplanes friuliensis,196914,S,0,0.00000,0,0.00000,0,0.00000,0,0.00000,0,0.00000,0,0.00000,0,0.00000,0,0.00000,183,0.00013,86,0.00011,108,0.00016,128,0.00012,0,0.00000,0,0.00000
Amycolatopsis sp. CA-230715,2745196,S,0,0.00000,0,0.00000,0,0.00000,0,0.00000,0,0.00000,0,0.00000,0,0.00000,0,0.00000,183,0.00013,72,0.00009,129,0.00020,217,0.00020,0,0.00000,0,0.00000
Streptomyces sp. ADI95-16,1522758,S,0,0.00000,0,0.00000,0,0.00000,0,0.00000,0,0.00000,0,0.00000,0,0.00000,0,0.00000,182,0.00013,0,0.00000,0,0.00000,169,0.00016,0,0.00000,0,0.00000
Streptomyces spectabilis,68270,S,0,0.00000,0,0.00000,0,0.00000,0,0.00000,0,0.00000,0,0.00000,0,0.00000,0,0.00000,182,0.00013,138,0.00018,183,0.00028,122,0.00011,0,0.00000,0,0.00000
Micromonospora sp. NBRC 110009,3061627,S,0,0.00000,0,0.00000,0,0.00000,0,0.00000,0,0.00000,0,0.00000,0,0.00000,0,0.00000,182,0.00013,160,0.00020,252,0.00038,145,0.00013,0,0.00000,0,0.00000
Arthrobacter crystallopoietes,37928,S,0,0.00000,0,0.00000,0,0.00000,0,0.00000,0,0.00000,0,0.00000,0,0.00000,0,0.00000,182,0.00013,81,0.00010,81,0.00012,89,0.00008,0,0.00000,0,0.00000
Nocardioides sp. W7,2931390,S,0,0.00000,0,0.00000,0,0.00000,0,0.00000,0,0.00000,0,0.00000,0,0.00000,0,0.00000,182,0.00013,80,0.00010,169,0.00026,238,0.00022,0,0.00000,0,0.00000
Tessaracoccus aquimaris,1332264,S,0,0.00000,0,0.00000,0,0.00000,0,0.00000,0,0.00000,0,0.00000,0,0.00000,0,0.00000,182,0.00013,119,0.00015,0,0.00000,131,0.00012,0,0.00000,0,0.00000
Streptomyces sp. NBC_01450,2903871,S,0,0.00000,0,0.00000,0,0.00000,0,0.00000,0,0.00000,0,0.00000,0,0.00000,0,0.00000,181,0.00013,166,0.00021,0,0.00000,0,0.00000,0,0.00000,0,0.00000
Streptomyces sp. NEAU-sy36,2751189,S,0,0.00000,0,0.00000,0,0.00000,0,0.00000,0,0.00000,0,0.00000,0,0.00000,0,0.00000,180,0.00013,0,0.00000,0,0.00000,0,0.00000,0,0.00000,0,0.00000
Streptomyces erythrochromogenes,285574,S,0,0.00000,0,0.00000,0,0.00000,0,0.00000,0,0.00000,0,0.00000,0,0.00000,0,0.00000,180,0.00013,0,0.00000,0,0.00000,115,0.00011,0,0.00000,0,0.00000
Nocardiopsis sp. HUAS JQ3,3061629,S,0,0.00000,0,0.00000,0,0.00000,0,0.00000,0,0.00000,0,0.00000,0,0.00000,0,0.00000,179,0.00013,87,0.00011,0,0.00000,82,0.00008,0,0.00000,0,0.00000
Saccharomonospora marina,632569,S,0,0.00000,0,0.00000,0,0.00000,0,0.00000,0,0.00000,0,0.00000,0,0.00000,0,0.00000,179,0.00013,88,0.00011,144,0.00022,129,0.00012,0,0.00000,0,0.00000
Streptomyces pluripotens,1355015,S,0,0.00000,0,0.00000,0,0.00000,0,0.00000,0,0.00000,0,0.00000,0,0.00000,0,0.00000,178,0.00013,90,0.00011,89,0.00014,103,0.00010,0,0.00000,0,0.00000
Streptomyces seoulensis,73044,S,0,0.00000,0,0.00000,0,0.00000,0,0.00000,0,0.00000,0,0.00000,0,0.00000,0,0.00000,178,0.00013,0,0.00000,0,0.00000,119,0.00011,0,0.00000,0,0.00000
Mycolicibacterium litorale,758802,S,0,0.00000,0,0.00000,0,0.00000,0,0.00000,0,0.00000,0,0.00000,0,0.00000,0,0.00000,178,0.00013,104,0.00013,221,0.00034,198,0.00018,0,0.00000,0,0.00000
Pseudonocardia petroleophila,37331,S,0,0.00000,0,0.00000,0,0.00000,0,0.00000,0,0.00000,0,0.00000,0,0.00000,0,0.00000,178,0.00013,358,0.00046,466,0.00071,724,0.00067,0,0.00000,0,0.00000
Nocardioides bizhenqiangii,3095076,S,0,0.00000,0,0.00000,0,0.00000,0,0.00000,0,0.00000,0,0.00000,0,0.00000,0,0.00000,178,0.00013,124,0.00016,769,0.00117,405,0.00038,0,0.00000,0,0.00000
Streptomyces sp. NBC_01352,2903834,S,0,0.00000,0,0.00000,0,0.00000,0,0.00000,0,0.00000,0,0.00000,0,0.00000,0,0.00000,177,0.00013,158,0.00020,215,0.00033,299,0.00028,0,0.00000,0,0.00000
Streptomyces sp. FXY-T5,3064901,S,0,0.00000,0,0.00000,0,0.00000,0,0.00000,0,0.00000,0,0.00000,0,0.00000,0,0.00000,177,0.00013,0,0.00000,0,0.00000,0,0.00000,0,0.00000,0,0.00000
Actinopolymorpha singaporensis,117157,S,0,0.00000,0,0.00000,0,0.00000,0,0.00000,0,0.00000,0,0.00000,0,0.00000,0,0.00000,177,0.00013,108,0.00014,143,0.00022,162,0.00015,0,0.00000,0,0.00000
Micromonospora sp. WMMD1076,3016103,S,0,0.00000,0,0.00000,0,0.00000,0,0.00000,0,0.00000,0,0.00000,0,0.00000,0,0.00000,176,0.00013,222,0.00028,0,0.00000,0,0.00000,0,0.00000,0,0.00000
Actinoalloteichus hoggarensis,1470176,S,0,0.00000,0,0.00000,0,0.00000,0,0.00000,0,0.00000,0,0.00000,0,0.00000,0,0.00000,176,0.00013,93,0.00012,109,0.00017,79,0.00007,0,0.00000,0,0.00000
Saccharopolyspora gloriosae,455344,S,0,0.00000,0,0.00000,0,0.00000,0,0.00000,0,0.00000,0,0.00000,0,0.00000,0,0.00000,175,0.00013,52,0.00007,394,0.00060,184,0.00017,0,0.00000,0,0.00000
Lentzea sp. NBC_00516,2903582,S,0,0.00000,0,0.00000,0,0.00000,0,0.00000,0,0.00000,0,0.00000,0,0.00000,0,0.00000,175,0.00013,109,0.00014,1306,0.00199,174,0.00016,0,0.00000,0,0.00000
Nocardioides sp. S-1144,2582905,S,0,0.00000,0,0.00000,0,0.00000,0,0.00000,0,0.00000,0,0.00000,0,0.00000,0,0.00000,175,0.00013,88,0.00011,108,0.00016,195,0.00018,0,0.00000,0,0.00000
Candidatus Protofrankia datiscae,2716812,S,0,0.00000,0,0.00000,0,0.00000,0,0.00000,0,0.00000,0,0.00000,0,0.00000,0,0.00000,175,0.00013,81,0.00010,72,0.00011,66,0.00006,0,0.00000,0,0.00000
Streptomyces fodineus,1904616,S,0,0.00000,0,0.00000,0,0.00000,0,0.00000,0,0.00000,0,0.00000,0,0.00000,0,0.00000,174,0.00012,0,0.00000,0,0.00000,74,0.00007,0,0.00000,0,0.00000
Streptomyces angustmyceticus,285578,S,0,0.00000,0,0.00000,0,0.00000,0,0.00000,0,0.00000,0,0.00000,0,0.00000,0,0.00000,174,0.00012,129,0.00016,148,0.00023,103,0.00010,0,0.00000,0,0.00000
Mycobacterium dioxanotrophicus,482462,S,0,0.00000,0,0.00000,0,0.00000,0,0.00000,0,0.00000,0,0.00000,0,0.00000,0,0.00000,174,0.00012,0,0.00000,119,0.00018,108,0.00010,0,0.00000,0,0.00000
Nocardia iowensis,204891,S,0,0.00000,0,0.00000,0,0.00000,0,0.00000,0,0.00000,0,0.00000,0,0.00000,0,0.00000,174,0.00012,76,0.00010,107,0.00016,106,0.00010,0,0.00000,0,0.00000
Micromonospora sp. WMMD987,3016089,S,0,0.00000,0,0.00000,0,0.00000,0,0.00000,0,0.00000,0,0.00000,0,0.00000,0,0.00000,174,0.00012,0,0.00000,103,0.00016,101,0.00009,0,0.00000,0,0.00000
Prescottella soli,1543852,S,0,0.00000,0,0.00000,0,0.00000,0,0.00000,0,0.00000,0,0.00000,0,0.00000,0,0.00000,173,0.00012,96,0.00012,119,0.00018,63,0.00006,0,0.00000,0,0.00000
Streptomyces gobiensis,2875706,S,0,0.00000,0,0.00000,0,0.00000,0,0.00000,0,0.00000,0,0.00000,0,0.00000,0,0.00000,172,0.00012,114,0.00015,89,0.00014,61,0.00006,0,0.00000,0,0.00000
Streptomyces durocortorensis,2811104,S,0,0.00000,0,0.00000,0,0.00000,0,0.00000,0,0.00000,0,0.00000,0,0.00000,0,0.00000,172,0.00012,95,0.00012,0,0.00000,71,0.00007,0,0.00000,0,0.00000
Blastococcus sp. HT6-4,3144973,S,0,0.00000,0,0.00000,0,0.00000,0,0.00000,0,0.00000,0,0.00000,0,0.00000,0,0.00000,172,0.00012,84,0.00011,90,0.00014,111,0.00010,0,0.00000,0,0.00000
Streptomyces sp. NBC_01465,2903878,S,0,0.00000,0,0.00000,0,0.00000,0,0.00000,0,0.00000,0,0.00000,0,0.00000,0,0.00000,171,0.00012,91,0.00012,0,0.00000,93,0.00009,0,0.00000,0,0.00000
Streptomyces sp. NBC_00435,2903649,S,0,0.00000,0,0.00000,0,0.00000,0,0.00000,0,0.00000,0,0.00000,0,0.00000,0,0.00000,171,0.00012,0,0.00000,0,0.00000,94,0.00009,0,0.00000,0,0.00000
Streptomyces sp. R44,3238633,S,0,0.00000,0,0.00000,0,0.00000,0,0.00000,0,0.00000,0,0.00000,0,0.00000,0,0.00000,171,0.00012,101,0.00013,0,0.00000,130,0.00012,0,0.00000,0,0.00000
Streptomyces cinnabarinus,67287,S,0,0.00000,0,0.00000,0,0.00000,0,0.00000,0,0.00000,0,0.00000,0,0.00000,0,0.00000,171,0.00012,154,0.00020,149,0.00023,105,0.00010,0,0.00000,0,0.00000
Amycolatopsis sp. DG1A-15b,3052846,S,0,0.00000,0,0.00000,0,0.00000,0,0.00000,0,0.00000,0,0.00000,0,0.00000,0,0.00000,171,0.00012,55,0.00007,167,0.00025,209,0.00019,0,0.00000,0,0.00000
Amycolatopsis aidingensis,2842453,S,0,0.00000,0,0.00000,0,0.00000,0,0.00000,0,0.00000,0,0.00000,0,0.00000,0,0.00000,171,0.00012,64,0.00008,128,0.00019,149,0.00014,0,0.00000,0,0.00000
Acinetobacter sp. KCTC 92772,3045147,S,0,0.00000,0,0.00000,0,0.00000,0,0.00000,0,0.00000,0,0.00000,0,0.00000,0,0.00000,171,0.00012,0,0.00000,0,0.00000,0,0.00000,0,0.00000,0,0.00000
Streptomyces sp. Li-HN-5-11,3075432,S,0,0.00000,0,0.00000,0,0.00000,0,0.00000,0,0.00000,0,0.00000,0,0.00000,0,0.00000,170,0.00012,0,0.00000,106,0.00016,58,0.00005,0,0.00000,0,0.00000
Amycolatopsis sp. FDAARGOS 1241,2778070,S,0,0.00000,0,0.00000,0,0.00000,0,0.00000,0,0.00000,0,0.00000,0,0.00000,0,0.00000,170,0.00012,110,0.00014,152,0.00023,152,0.00014,0,0.00000,0,0.00000
Xanthobacter dioxanivorans,2528964,S,0,0.00000,0,0.00000,0,0.00000,0,0.00000,0,0.00000,0,0.00000,0,0.00000,0,0.00000,169,0.00012,0,0.00000,565,0.00086,210,0.00020,0,0.00000,0,0.00000
Streptomyces sp. SH5,3041765,S,0,0.00000,0,0.00000,0,0.00000,0,0.00000,0,0.00000,0,0.00000,0,0.00000,0,0.00000,168,0.00012,0,0.00000,0,0.00000,0,0.00000,0,0.00000,0,0.00000
Streptomyces celluloflavus,58344,S,0,0.00000,0,0.00000,0,0.00000,0,0.00000,0,0.00000,0,0.00000,0,0.00000,0,0.00000,168,0.00012,125,0.00016,0,0.00000,74,0.00007,0,0.00000,0,0.00000
Clostridium botulinum,1491,S,0,0.00000,0,0.00000,0,0.00000,0,0.00000,0,0.00000,0,0.00000,0,0.00000,0,0.00000,168,0.00012,0,0.00000,0,0.00000,50,0.00005,0,0.00000,0,0.00000
Streptomyces qinzhouensis,2599401,S,0,0.00000,0,0.00000,0,0.00000,0,0.00000,0,0.00000,0,0.00000,0,0.00000,0,0.00000,167,0.00012,112,0.00014,77,0.00012,103,0.00010,0,0.00000,0,0.00000
Plantactinospora sp. BB1,2071627,S,0,0.00000,0,0.00000,0,0.00000,0,0.00000,0,0.00000,0,0.00000,0,0.00000,0,0.00000,167,0.00012,0,0.00000,0,0.00000,0,0.00000,0,0.00000,0,0.00000
Streptomyces sp. NBC_00525,2903660,S,0,0.00000,0,0.00000,0,0.00000,0,0.00000,0,0.00000,0,0.00000,0,0.00000,0,0.00000,166,0.00012,0,0.00000,0,0.00000,82,0.00008,0,0.00000,0,0.00000
Streptomyces tubbatahanensis,2923272,S,0,0.00000,0,0.00000,0,0.00000,0,0.00000,0,0.00000,0,0.00000,0,0.00000,0,0.00000,166,0.00012,91,0.00012,68,0.00010,107,0.00010,0,0.00000,0,0.00000
Streptomyces subrutilus,36818,S,0,0.00000,0,0.00000,0,0.00000,0,0.00000,0,0.00000,0,0.00000,0,0.00000,0,0.00000,166,0.00012,87,0.00011,150,0.00023,90,0.00008,0,0.00000,0,0.00000
Streptomyces longwoodensis,68231,S,0,0.00000,0,0.00000,0,0.00000,0,0.00000,0,0.00000,0,0.00000,0,0.00000,0,0.00000,166,0.00012,157,0.00020,139,0.00021,82,0.00008,0,0.00000,0,0.00000
Actinocatenispora thailandica,227318,S,0,0.00000,0,0.00000,0,0.00000,0,0.00000,0,0.00000,0,0.00000,0,0.00000,0,0.00000,166,0.00012,72,0.00009,95,0.00014,136,0.00013,0,0.00000,0,0.00000
Pseudonocardia sp. HH130629-09,1641402,S,0,0.00000,0,0.00000,0,0.00000,0,0.00000,0,0.00000,0,0.00000,0,0.00000,0,0.00000,166,0.00012,125,0.00016,182,0.00028,302,0.00028,0,0.00000,0,0.00000
Streptomyces sp. CGMCC 4.7035,3061628,S,0,0.00000,0,0.00000,0,0.00000,0,0.00000,0,0.00000,0,0.00000,0,0.00000,0,0.00000,165,0.00012,0,0.00000,0,0.00000,113,0.00011,0,0.00000,0,0.00000
Streptomyces bathyalis,2710756,S,0,0.00000,0,0.00000,0,0.00000,0,0.00000,0,0.00000,0,0.00000,0,0.00000,0,0.00000,165,0.00012,336,0.00043,16682,0.02541,6631,0.00617,0,0.00000,0,0.00000
Micromonospora cathayae,3028804,S,0,0.00000,0,0.00000,0,0.00000,0,0.00000,0,0.00000,0,0.00000,0,0.00000,0,0.00000,165,0.00012,119,0.00015,92,0.00014,82,0.00008,0,0.00000,0,0.00000
Arthrobacter sp. FW305-BF8,2879617,S,0,0.00000,0,0.00000,0,0.00000,0,0.00000,0,0.00000,0,0.00000,0,0.00000,0,0.00000,165,0.00012,308,0.00039,209,0.00032,418,0.00039,0,0.00000,0,0.00000
Streptomyces sp. NBC_00344,2975720,S,0,0.00000,0,0.00000,0,0.00000,0,0.00000,0,0.00000,0,0.00000,0,0.00000,0,0.00000,164,0.00012,99,0.00013,82,0.00012,76,0.00007,0,0.00000,0,0.00000
Streptomyces sp. SJL17-4,2967224,S,0,0.00000,0,0.00000,0,0.00000,0,0.00000,0,0.00000,0,0.00000,0,0.00000,0,0.00000,164,0.00012,99,0.00013,0,0.00000,111,0.00010,0,0.00000,0,0.00000
Streptomyces lusitanus,68232,S,0,0.00000,0,0.00000,0,0.00000,0,0.00000,0,0.00000,0,0.00000,0,0.00000,0,0.00000,164,0.00012,0,0.00000,0,0.00000,0,0.00000,0,0.00000,0,0.00000
Mycolicibacterium goodii,134601,S,0,0.00000,0,0.00000,0,0.00000,0,0.00000,0,0.00000,0,0.00000,0,0.00000,0,0.00000,164,0.00012,156,0.00020,140,0.00021,207,0.00019,0,0.00000,0,0.00000
Mycolicibacterium chubuense,1800,S,0,0.00000,0,0.00000,0,0.00000,0,0.00000,0,0.00000,0,0.00000,0,0.00000,0,0.00000,164,0.00012,137,0.00017,268,0.00041,237,0.00022,0,0.00000,0,0.00000
Arthrobacter sp. PAMC25284,2861279,S,0,0.00000,0,0.00000,0,0.00000,0,0.00000,0,0.00000,0,0.00000,0,0.00000,0,0.00000,164,0.00012,0,0.00000,0,0.00000,50,0.00005,0,0.00000,0,0.00000
Nocardioides ungokensis,1643322,S,0,0.00000,0,0.00000,0,0.00000,0,0.00000,0,0.00000,0,0.00000,0,0.00000,0,0.00000,164,0.00012,68,0.00009,278,0.00042,246,0.00023,0,0.00000,0,0.00000
Streptomyces sp. NBC_01268,2903806,S,0,0.00000,0,0.00000,0,0.00000,0,0.00000,0,0.00000,0,0.00000,0,0.00000,0,0.00000,163,0.00012,0,0.00000,0,0.00000,0,0.00000,0,0.00000,0,0.00000
Streptomyces spongiicola,1690221,S,0,0.00000,0,0.00000,0,0.00000,0,0.00000,0,0.00000,0,0.00000,0,0.00000,0,0.00000,163,0.00012,107,0.00014,0,0.00000,80,0.00007,0,0.00000,0,0.00000
Amycolatopsis orientalis,31958,S,0,0.00000,0,0.00000,0,0.00000,0,0.00000,0,0.00000,0,0.00000,0,0.00000,0,0.00000,163,0.00012,169,0.00022,446,0.00068,426,0.00040,0,0.00000,0,0.00000
Microbacterium testaceum,2033,S,0,0.00000,0,0.00000,0,0.00000,0,0.00000,0,0.00000,0,0.00000,0,0.00000,0,0.00000,163,0.00012,0,0.00000,0,0.00000,68,0.00006,0,0.00000,0,0.00000
Kribbella sp. NBC_00709,2975972,S,0,0.00000,0,0.00000,0,0.00000,0,0.00000,0,0.00000,0,0.00000,0,0.00000,0,0.00000,163,0.00012,90,0.00011,271,0.00041,384,0.00036,0,0.00000,0,0.00000
Streptomyces sp. R39,3238631,S,0,0.00000,0,0.00000,0,0.00000,0,0.00000,0,0.00000,0,0.00000,0,0.00000,0,0.00000,162,0.00012,156,0.00020,0,0.00000,143,0.00013,0,0.00000,0,0.00000
Streptomyces rapamycinicus,1226757,S,0,0.00000,0,0.00000,0,0.00000,0,0.00000,0,0.00000,0,0.00000,0,0.00000,0,0.00000,162,0.00012,101,0.00013,193,0.00029,144,0.00013,0,0.00000,0,0.00000
Streptomyces xiamenensis,408015,S,0,0.00000,0,0.00000,0,0.00000,0,0.00000,0,0.00000,0,0.00000,0,0.00000,0,0.00000,162,0.00012,0,0.00000,0,0.00000,220,0.00020,0,0.00000,0,0.00000
Micromonospora sp. LH3U1,3018339,S,0,0.00000,0,0.00000,0,0.00000,0,0.00000,0,0.00000,0,0.00000,0,0.00000,0,0.00000,162,0.00012,135,0.00017,78,0.00012,101,0.00009,0,0.00000,0,0.00000
Dactylosporangium sp. NBC_01737,2975959,S,0,0.00000,0,0.00000,0,0.00000,0,0.00000,0,0.00000,0,0.00000,0,0.00000,0,0.00000,162,0.00012,122,0.00016,949,0.00145,167,0.00016,0,0.00000,0,0.00000
Amycolatopsis rhabdoformis,1448059,S,0,0.00000,0,0.00000,0,0.00000,0,0.00000,0,0.00000,0,0.00000,0,0.00000,0,0.00000,162,0.00012,77,0.00010,173,0.00026,137,0.00013,0,0.00000,0,0.00000
Nocardioides sp. NBC_00368,2976000,S,0,0.00000,0,0.00000,0,0.00000,0,0.00000,0,0.00000,0,0.00000,0,0.00000,0,0.00000,162,0.00012,100,0.00013,117,0.00018,130,0.00012,0,0.00000,0,0.00000
Sphingomonas sp. LY54,3095343,S,0,0.00000,0,0.00000,0,0.00000,0,0.00000,0,0.00000,0,0.00000,0,0.00000,0,0.00000,162,0.00012,0,0.00000,404,0.00062,64,0.00006,0,0.00000,0,0.00000
Usitatibacter palustris,2732487,S,0,0.00000,0,0.00000,0,0.00000,0,0.00000,0,0.00000,0,0.00000,0,0.00000,0,0.00000,162,0.00012,128,0.00016,881,0.00134,108,0.00010,0,0.00000,0,0.00000
Streptomyces uncialis,1048205,S,0,0.00000,0,0.00000,0,0.00000,0,0.00000,0,0.00000,0,0.00000,0,0.00000,0,0.00000,161,0.00012,101,0.00013,0,0.00000,54,0.00005,0,0.00000,0,0.00000
Mycolicibacterium gilvum,1804,S,0,0.00000,0,0.00000,0,0.00000,0,0.00000,0,0.00000,0,0.00000,0,0.00000,0,0.00000,161,0.00012,123,0.00016,112,0.00017,137,0.00013,0,0.00000,0,0.00000
Actinoplanes sichuanensis,512349,S,0,0.00000,0,0.00000,0,0.00000,0,0.00000,0,0.00000,0,0.00000,0,0.00000,0,0.00000,161,0.00012,96,0.00012,81,0.00012,104,0.00010,0,0.00000,0,0.00000
Micromonospora sp. CCTCC AA 2012012,3111921,S,0,0.00000,0,0.00000,0,0.00000,0,0.00000,0,0.00000,0,0.00000,0,0.00000,0,0.00000,160,0.00011,146,0.00019,129,0.00020,165,0.00015,0,0.00000,0,0.00000
Micromonospora sp. B006,2201999,S,0,0.00000,0,0.00000,0,0.00000,0,0.00000,0,0.00000,0,0.00000,0,0.00000,0,0.00000,160,0.00011,0,0.00000,0,0.00000,118,0.00011,0,0.00000,0,0.00000
Streptomyces sp. MUM 178J,2791991,S,0,0.00000,0,0.00000,0,0.00000,0,0.00000,0,0.00000,0,0.00000,0,0.00000,0,0.00000,159,0.00011,66,0.00008,110,0.00017,90,0.00008,0,0.00000,0,0.00000
Streptomyces sp. CCM_MD2014,1561022,S,0,0.00000,0,0.00000,0,0.00000,0,0.00000,0,0.00000,0,0.00000,0,0.00000,0,0.00000,159,0.00011,0,0.00000,0,0.00000,164,0.00015,0,0.00000,0,0.00000
Acidipropionibacterium acidipropionici,1748,S,0,0.00000,0,0.00000,0,0.00000,0,0.00000,0,0.00000,0,0.00000,0,0.00000,0,0.00000,159,0.00011,65,0.00008,134,0.00020,95,0.00009,0,0.00000,0,0.00000
Streptomyces sp. MRC013,2898276,S,0,0.00000,0,0.00000,0,0.00000,0,0.00000,0,0.00000,0,0.00000,0,0.00000,0,0.00000,158,0.00011,0,0.00000,0,0.00000,0,0.00000,0,0.00000,0,0.00000
Streptomyces sp. CNQ-509,444103,S,0,0.00000,0,0.00000,0,0.00000,0,0.00000,0,0.00000,0,0.00000,0,0.00000,0,0.00000,158,0.00011,0,0.00000,0,0.00000,147,0.00014,0,0.00000,0,0.00000
Streptomyces tubercidicus,47759,S,0,0.00000,0,0.00000,0,0.00000,0,0.00000,0,0.00000,0,0.00000,0,0.00000,0,0.00000,158,0.00011,89,0.00011,143,0.00022,99,0.00009,0,0.00000,0,0.00000
Mycolicibacterium fallax,1793,S,0,0.00000,0,0.00000,0,0.00000,0,0.00000,0,0.00000,0,0.00000,0,0.00000,0,0.00000,158,0.00011,0,0.00000,94,0.00014,102,0.00009,0,0.00000,0,0.00000
Tsukamurella tyrosinosolvens,57704,S,0,0.00000,0,0.00000,0,0.00000,0,0.00000,0,0.00000,0,0.00000,0,0.00000,0,0.00000,158,0.00011,171,0.00022,0,0.00000,320,0.00030,0,0.00000,0,0.00000
Streptomyces sp. NBC_00370,2975728,S,0,0.00000,0,0.00000,0,0.00000,0,0.00000,0,0.00000,0,0.00000,0,0.00000,0,0.00000,157,0.00011,100,0.00013,107,0.00016,84,0.00008,0,0.00000,0,0.00000
Streptomyces sp. NBC_01471,2903879,S,0,0.00000,0,0.00000,0,0.00000,0,0.00000,0,0.00000,0,0.00000,0,0.00000,0,0.00000,157,0.00011,142,0.00018,0,0.00000,64,0.00006,0,0.00000,0,0.00000
Streptomyces vinaceus,1960,S,0,0.00000,0,0.00000,0,0.00000,0,0.00000,0,0.00000,0,0.00000,0,0.00000,0,0.00000,157,0.00011,189,0.00024,0,0.00000,0,0.00000,0,0.00000,0,0.00000
Micromonospora sp. WMMD712,3016096,S,0,0.00000,0,0.00000,0,0.00000,0,0.00000,0,0.00000,0,0.00000,0,0.00000,0,0.00000,157,0.00011,0,0.00000,0,0.00000,0,0.00000,0,0.00000,0,0.00000
Micromonospora echinaurantiaca,47857,S,0,0.00000,0,0.00000,0,0.00000,0,0.00000,0,0.00000,0,0.00000,0,0.00000,0,0.00000,156,0.00011,90,0.00011,174,0.00027,142,0.00013,0,0.00000,0,0.00000
Arsenicicoccus sp. oral taxon 190,1658671,S,0,0.00000,0,0.00000,0,0.00000,0,0.00000,0,0.00000,0,0.00000,0,0.00000,0,0.00000,156,0.00011,144,0.00018,127,0.00019,159,0.00015,0,0.00000,0,0.00000
Streptomyces sp. NBC_01754,2975930,S,0,0.00000,0,0.00000,0,0.00000,0,0.00000,0,0.00000,0,0.00000,0,0.00000,0,0.00000,155,0.00011,76,0.00010,0,0.00000,95,0.00009,0,0.00000,0,0.00000
Streptomyces sp. NL15-2K,376149,S,0,0.00000,0,0.00000,0,0.00000,0,0.00000,0,0.00000,0,0.00000,0,0.00000,0,0.00000,155,0.00011,66,0.00008,132,0.00020,156,0.00015,0,0.00000,0,0.00000
Nocardia terpenica,455432,S,0,0.00000,0,0.00000,0,0.00000,0,0.00000,0,0.00000,0,0.00000,0,0.00000,0,0.00000,155,0.00011,64,0.00008,147,0.00022,127,0.00012,0,0.00000,0,0.00000
Microbacterium sp. 10M-3C3,2483401,S,0,0.00000,0,0.00000,0,0.00000,0,0.00000,0,0.00000,0,0.00000,0,0.00000,0,0.00000,155,0.00011,0,0.00000,0,0.00000,65,0.00006,0,0.00000,0,0.00000
Pedococcus dokdonensis,443156,S,0,0.00000,0,0.00000,0,0.00000,0,0.00000,0,0.00000,0,0.00000,0,0.00000,0,0.00000,155,0.00011,113,0.00014,148,0.00023,124,0.00012,0,0.00000,0,0.00000
Nocardioides marmotae,2663857,S,0,0.00000,0,0.00000,0,0.00000,0,0.00000,0,0.00000,0,0.00000,0,0.00000,0,0.00000,155,0.00011,151,0.00019,0,0.00000,250,0.00023,0,0.00000,0,0.00000
Nocardioides ochotonae,2685869,S,0,0.00000,0,0.00000,0,0.00000,0,0.00000,0,0.00000,0,0.00000,0,0.00000,0,0.00000,155,0.00011,0,0.00000,0,0.00000,109,0.00010,0,0.00000,0,0.00000
Blastococcus saxobsidens,138336,S,0,0.00000,0,0.00000,0,0.00000,0,0.00000,0,0.00000,0,0.00000,0,0.00000,0,0.00000,155,0.00011,85,0.00011,130,0.00020,145,0.00013,0,0.00000,0,0.00000
Bradyrhizobium sp. CB3481,3039158,S,0,0.00000,0,0.00000,0,0.00000,0,0.00000,0,0.00000,0,0.00000,0,0.00000,0,0.00000,155,0.00011,104,0.00013,566,0.00086,362,0.00034,0,0.00000,0,0.00000
Streptomyces katrae,68223,S,0,0.00000,0,0.00000,0,0.00000,0,0.00000,0,0.00000,0,0.00000,0,0.00000,0,0.00000,154,0.00011,85,0.00011,0,0.00000,68,0.00006,0,0.00000,0,0.00000
Mycolicibacterium rufum,318424,S,0,0.00000,0,0.00000,0,0.00000,0,0.00000,0,0.00000,0,0.00000,0,0.00000,0,0.00000,154,0.00011,126,0.00016,111,0.00017,111,0.00010,0,0.00000,0,0.00000
Actinoplanes derwentensis,113562,S,0,0.00000,0,0.00000,0,0.00000,0,0.00000,0,0.00000,0,0.00000,0,0.00000,0,0.00000,154,0.00011,1236,0.00158,262,0.00040,101,0.00009,0,0.00000,0,0.00000
Mesorhizobium sp. AA22,1854057,S,0,0.00000,0,0.00000,0,0.00000,0,0.00000,0,0.00000,0,0.00000,0,0.00000,0,0.00000,154,0.00011,0,0.00000,0,0.00000,150,0.00014,0,0.00000,0,0.00000
Streptomyces sp. NBC_00440,2975741,S,0,0.00000,0,0.00000,0,0.00000,0,0.00000,0,0.00000,0,0.00000,0,0.00000,0,0.00000,153,0.00011,94,0.00012,0,0.00000,68,0.00006,0,0.00000,0,0.00000
Streptomyces sp. Go-475,2072505,S,0,0.00000,0,0.00000,0,0.00000,0,0.00000,0,0.00000,0,0.00000,0,0.00000,0,0.00000,152,0.00011,0,0.00000,0,0.00000,0,0.00000,0,0.00000,0,0.00000
Bradyrhizobium sediminis,2840469,S,0,0.00000,0,0.00000,0,0.00000,0,0.00000,0,0.00000,0,0.00000,0,0.00000,0,0.00000,152,0.00011,127,0.00016,633,0.00096,361,0.00034,0,0.00000,0,0.00000
Azospirillum brasilense,192,S,0,0.00000,0,0.00000,0,0.00000,0,0.00000,0,0.00000,0,0.00000,0,0.00000,0,0.00000,152,0.00011,0,0.00000,217,0.00033,145,0.00013,0,0.00000,0,0.00000
Rhodospirillum centenum,34018,S,0,0.00000,0,0.00000,0,0.00000,0,0.00000,0,0.00000,0,0.00000,0,0.00000,0,0.00000,152,0.00011,0,0.00000,165,0.00025,88,0.00008,0,0.00000,0,0.00000
Streptomyces sp. NBC_01304,2903818,S,0,0.00000,0,0.00000,0,0.00000,0,0.00000,0,0.00000,0,0.00000,0,0.00000,0,0.00000,151,0.00011,108,0.00014,142,0.00022,146,0.00014,0,0.00000,0,0.00000
Streptomyces sp. NBC_01435,2903865,S,0,0.00000,0,0.00000,0,0.00000,0,0.00000,0,0.00000,0,0.00000,0,0.00000,0,0.00000,151,0.00011,89,0.00011,0,0.00000,0,0.00000,0,0.00000,0,0.00000
Streptomyces graminofaciens,68212,S,0,0.00000,0,0.00000,0,0.00000,0,0.00000,0,0.00000,0,0.00000,0,0.00000,0,0.00000,151,0.00011,81,0.00010,117,0.00018,126,0.00012,0,0.00000,0,0.00000
Streptomyces chromofuscus,42881,S,0,0.00000,0,0.00000,0,0.00000,0,0.00000,0,0.00000,0,0.00000,0,0.00000,0,0.00000,151,0.00011,0,0.00000,117,0.00018,133,0.00012,0,0.00000,0,0.00000
Allosaccharopolyspora coralli,2665642,S,0,0.00000,0,0.00000,0,0.00000,0,0.00000,0,0.00000,0,0.00000,0,0.00000,0,0.00000,151,0.00011,0,0.00000,498,0.00076,141,0.00013,0,0.00000,0,0.00000
Marinovum algicola,42444,S,0,0.00000,0,0.00000,0,0.00000,0,0.00000,0,0.00000,0,0.00000,0,0.00000,0,0.00000,151,0.00011,0,0.00000,0,0.00000,131,0.00012,0,0.00000,0,0.00000
Streptomyces sp. NBC_01288,2903814,S,0,0.00000,0,0.00000,0,0.00000,0,0.00000,0,0.00000,0,0.00000,0,0.00000,0,0.00000,150,0.00011,104,0.00013,239,0.00036,132,0.00012,0,0.00000,0,0.00000
Streptomyces sp. R21,3238627,S,0,0.00000,0,0.00000,0,0.00000,0,0.00000,0,0.00000,0,0.00000,0,0.00000,0,0.00000,150,0.00011,129,0.00016,123,0.00019,137,0.00013,0,0.00000,0,0.00000
Streptomyces inhibens,2293571,S,0,0.00000,0,0.00000,0,0.00000,0,0.00000,0,0.00000,0,0.00000,0,0.00000,0,0.00000,150,0.00011,123,0.00016,171,0.00026,104,0.00010,0,0.00000,0,0.00000
Jatrophihabitans cynanchi,2944128,S,0,0.00000,0,0.00000,0,0.00000,0,0.00000,0,0.00000,0,0.00000,0,0.00000,0,0.00000,150,0.00011,72,0.00009,110,0.00017,89,0.00008,0,0.00000,0,0.00000
Streptomyces sp. R33,3238629,S,0,0.00000,0,0.00000,0,0.00000,0,0.00000,0,0.00000,0,0.00000,0,0.00000,0,0.00000,149,0.00011,0,0.00000,0,0.00000,0,0.00000,0,0.00000,0,0.00000
Streptomyces argyrophyllae,2726118,S,0,0.00000,0,0.00000,0,0.00000,0,0.00000,0,0.00000,0,0.00000,0,0.00000,0,0.00000,149,0.00011,0,0.00000,0,0.00000,156,0.00015,0,0.00000,0,0.00000
Arthrobacter agilis,37921,S,0,0.00000,0,0.00000,0,0.00000,0,0.00000,0,0.00000,0,0.00000,0,0.00000,0,0.00000,149,0.00011,78,0.00010,68,0.00010,66,0.00006,0,0.00000,0,0.00000
Kribbella sp. NBC_00662,2975969,S,0,0.00000,0,0.00000,0,0.00000,0,0.00000,0,0.00000,0,0.00000,0,0.00000,0,0.00000,149,0.00011,99,0.00013,345,0.00053,369,0.00034,0,0.00000,0,0.00000
Streptomyces sp. TG1A-60,3129111,S,0,0.00000,0,0.00000,0,0.00000,0,0.00000,0,0.00000,0,0.00000,0,0.00000,0,0.00000,148,0.00011,133,0.00017,0,0.00000,104,0.00010,0,0.00000,0,0.00000
Streptomyces lincolnensis,1915,S,0,0.00000,0,0.00000,0,0.00000,0,0.00000,0,0.00000,0,0.00000,0,0.00000,0,0.00000,148,0.00011,88,0.00011,0,0.00000,272,0.00025,0,0.00000,0,0.00000
Streptomyces leeuwenhoekii,1437453,S,0,0.00000,0,0.00000,0,0.00000,0,0.00000,0,0.00000,0,0.00000,0,0.00000,0,0.00000,148,0.00011,0,0.00000,0,0.00000,0,0.00000,0,0.00000,0,0.00000
Actinoplanes oblitus,3040509,S,0,0.00000,0,0.00000,0,0.00000,0,0.00000,0,0.00000,0,0.00000,0,0.00000,0,0.00000,148,0.00011,89,0.00011,92,0.00014,140,0.00013,0,0.00000,0,0.00000
Arthrobacter sp. ERGS1:01,1704044,S,0,0.00000,0,0.00000,0,0.00000,0,0.00000,0,0.00000,0,0.00000,0,0.00000,0,0.00000,148,0.00011,0,0.00000,0,0.00000,51,0.00005,0,0.00000,0,0.00000
Streptomyces albus,1888,S,0,0.00000,0,0.00000,0,0.00000,0,0.00000,0,0.00000,0,0.00000,0,0.00000,0,0.00000,147,0.00011,93,0.00012,116,0.00018,82,0.00008,0,0.00000,0,0.00000
Streptomyces avermitilis,33903,S,0,0.00000,0,0.00000,0,0.00000,0,0.00000,0,0.00000,0,0.00000,0,0.00000,0,0.00000,147,0.00011,0,0.00000,0,0.00000,146,0.00014,0,0.00000,0,0.00000
Streptomyces calvus,67282,S,0,0.00000,0,0.00000,0,0.00000,0,0.00000,0,0.00000,0,0.00000,0,0.00000,0,0.00000,147,0.00011,131,0.00017,0,0.00000,0,0.00000,0,0.00000,0,0.00000
Micromonospora sp. WMMA1947,3015163,S,0,0.00000,0,0.00000,0,0.00000,0,0.00000,0,0.00000,0,0.00000,0,0.00000,0,0.00000,147,0.00011,0,0.00000,0,0.00000,0,0.00000,0,0.00000,0,0.00000
Micromonospora sagamiensis,47875,S,0,0.00000,0,0.00000,0,0.00000,0,0.00000,0,0.00000,0,0.00000,0,0.00000,0,0.00000,147,0.00011,83,0.00011,91,0.00014,66,0.00006,0,0.00000,0,0.00000
Janibacter terrae,103817,S,0,0.00000,0,0.00000,0,0.00000,0,0.00000,0,0.00000,0,0.00000,0,0.00000,0,0.00000,147,0.00011,121,0.00015,0,0.00000,105,0.00010,0,0.00000,0,0.00000
Streptomyces sp. HUAS 14-6,2981135,S,0,0.00000,0,0.00000,0,0.00000,0,0.00000,0,0.00000,0,0.00000,0,0.00000,0,0.00000,146,0.00010,112,0.00014,0,0.00000,102,0.00009,0,0.00000,0,0.00000
Amycolatopsis sp. NBC_01480,2903562,S,0,0.00000,0,0.00000,0,0.00000,0,0.00000,0,0.00000,0,0.00000,0,0.00000,0,0.00000,146,0.00010,106,0.00014,147,0.00022,93,0.00009,0,0.00000,0,0.00000
Agromyces marinus,1389020,S,0,0.00000,0,0.00000,0,0.00000,0,0.00000,0,0.00000,0,0.00000,0,0.00000,0,0.00000,146,0.00010,0,0.00000,0,0.00000,69,0.00006,0,0.00000,0,0.00000
Streptomyces sp. TN58,234612,S,0,0.00000,0,0.00000,0,0.00000,0,0.00000,0,0.00000,0,0.00000,0,0.00000,0,0.00000,145,0.00010,0,0.00000,0,0.00000,0,0.00000,0,0.00000,0,0.00000
Streptomyces cynarae,2981134,S,0,0.00000,0,0.00000,0,0.00000,0,0.00000,0,0.00000,0,0.00000,0,0.00000,0,0.00000,145,0.00010,0,0.00000,163,0.00025,97,0.00009,0,0.00000,0,0.00000
Brevibacterium casei,33889,S,0,0.00000,0,0.00000,0,0.00000,0,0.00000,0,0.00000,0,0.00000,0,0.00000,0,0.00000,145,0.00010,0,0.00000,178,0.00027,133,0.00012,0,0.00000,0,0.00000
Streptomyces auratus,114687,S,0,0.00000,0,0.00000,0,0.00000,0,0.00000,0,0.00000,0,0.00000,0,0.00000,0,0.00000,144,0.00010,0,0.00000,366,0.00056,0,0.00000,0,0.00000,0,0.00000
Nocardia gipuzkoensis,2749991,S,0,0.00000,0,0.00000,0,0.00000,0,0.00000,0,0.00000,0,0.00000,0,0.00000,0,0.00000,144,0.00010,82,0.00010,146,0.00022,144,0.00013,0,0.00000,0,0.00000
Brevibacterium luteolum,199591,S,0,0.00000,0,0.00000,0,0.00000,0,0.00000,0,0.00000,0,0.00000,0,0.00000,0,0.00000,144,0.00010,0,0.00000,112,0.00017,0,0.00000,0,0.00000,0,0.00000
Streptomyces sp. NBC_00285,2975700,S,0,0.00000,0,0.00000,0,0.00000,0,0.00000,0,0.00000,0,0.00000,0,0.00000,0,0.00000,143,0.00010,98,0.00012,137,0.00021,88,0.00008,0,0.00000,0,0.00000
Streptomyces liliifuscus,2797636,S,0,0.00000,0,0.00000,0,0.00000,0,0.00000,0,0.00000,0,0.00000,0,0.00000,0,0.00000,143,0.00010,100,0.00013,732,0.00112,443,0.00041,0,0.00000,0,0.00000
Amycolatopsis sp. DSM 110486,2865832,S,0,0.00000,0,0.00000,0,0.00000,0,0.00000,0,0.00000,0,0.00000,0,0.00000,0,0.00000,143,0.00010,80,0.00010,103,0.00016,175,0.00016,0,0.00000,0,0.00000
Streptomyces griseoviridis,45398,S,0,0.00000,0,0.00000,0,0.00000,0,0.00000,0,0.00000,0,0.00000,0,0.00000,0,0.00000,142,0.00010,115,0.00015,131,0.00020,69,0.00006,0,0.00000,0,0.00000
Kitasatospora sp. YST-16,2998080,S,0,0.00000,0,0.00000,0,0.00000,0,0.00000,0,0.00000,0,0.00000,0,0.00000,0,0.00000,142,0.00010,0,0.00000,0,0.00000,117,0.00011,0,0.00000,0,0.00000
Prescottella equi,43767,S,0,0.00000,0,0.00000,0,0.00000,0,0.00000,0,0.00000,0,0.00000,0,0.00000,0,0.00000,142,0.00010,0,0.00000,95,0.00014,89,0.00008,0,0.00000,0,0.00000
Amycolatopsis sp. AA4,1896961,S,0,0.00000,0,0.00000,0,0.00000,0,0.00000,0,0.00000,0,0.00000,0,0.00000,0,0.00000,142,0.00010,57,0.00007,100,0.00015,100,0.00009,0,0.00000,0,0.00000
Amycolatopsis mongoliensis,715475,S,0,0.00000,0,0.00000,0,0.00000,0,0.00000,0,0.00000,0,0.00000,0,0.00000,0,0.00000,142,0.00010,122,0.00016,182,0.00028,181,0.00017,0,0.00000,0,0.00000
Ornithinimicrobium flavum,1288636,S,0,0.00000,0,0.00000,0,0.00000,0,0.00000,0,0.00000,0,0.00000,0,0.00000,0,0.00000,142,0.00010,94,0.00012,0,0.00000,0,0.00000,0,0.00000,0,0.00000
Raineyella sp. W15-4,3081651,S,0,0.00000,0,0.00000,0,0.00000,0,0.00000,0,0.00000,0,0.00000,0,0.00000,0,0.00000,142,0.00010,0,0.00000,109,0.00017,99,0.00009,0,0.00000,0,0.00000
Lysobacter sp. K5869,2820808,S,0,0.00000,0,0.00000,0,0.00000,0,0.00000,0,0.00000,0,0.00000,0,0.00000,0,0.00000,142,0.00010,0,0.00000,0,0.00000,0,0.00000,0,0.00000,0,0.00000
Streptomyces sp. GS7,2692234,S,0,0.00000,0,0.00000,0,0.00000,0,0.00000,0,0.00000,0,0.00000,0,0.00000,0,0.00000,141,0.00010,0,0.00000,0,0.00000,80,0.00007,0,0.00000,0,0.00000
Streptomyces sp. NBC_01460,2903875,S,0,0.00000,0,0.00000,0,0.00000,0,0.00000,0,0.00000,0,0.00000,0,0.00000,0,0.00000,141,0.00010,69,0.00009,0,0.00000,78,0.00007,0,0.00000,0,0.00000
Streptomyces sp. HUAS CB01,3053466,S,0,0.00000,0,0.00000,0,0.00000,0,0.00000,0,0.00000,0,0.00000,0,0.00000,0,0.00000,141,0.00010,87,0.00011,87,0.00013,72,0.00007,0,0.00000,0,0.00000
Rubrivivax gelatinosus,28068,S,0,0.00000,0,0.00000,0,0.00000,0,0.00000,0,0.00000,0,0.00000,0,0.00000,0,0.00000,141,0.00010,155,0.00020,253,0.00039,59,0.00005,0,0.00000,0,0.00000
Streptomyces sp. NBC_00162,2903629,S,0,0.00000,0,0.00000,0,0.00000,0,0.00000,0,0.00000,0,0.00000,0,0.00000,0,0.00000,140,0.00010,146,0.00019,117,0.00018,151,0.00014,0,0.00000,0,0.00000
Gordonia sp. KTR9,337191,S,0,0.00000,0,0.00000,0,0.00000,0,0.00000,0,0.00000,0,0.00000,0,0.00000,0,0.00000,140,0.00010,0,0.00000,0,0.00000,45,0.00004,0,0.00000,0,0.00000
Micromonospora sp. WMMC415,2675222,S,0,0.00000,0,0.00000,0,0.00000,0,0.00000,0,0.00000,0,0.00000,0,0.00000,0,0.00000,140,0.00010,115,0.00015,101,0.00015,115,0.00011,0,0.00000,0,0.00000
Streptomyces sp. SirexAA-E,862751,S,0,0.00000,0,0.00000,0,0.00000,0,0.00000,0,0.00000,0,0.00000,0,0.00000,0,0.00000,139,0.00010,97,0.00012,0,0.00000,102,0.00009,0,0.00000,0,0.00000
Rhodococcoides fascians,1828,S,0,0.00000,0,0.00000,0,0.00000,0,0.00000,0,0.00000,0,0.00000,0,0.00000,0,0.00000,139,0.00010,95,0.00012,94,0.00014,152,0.00014,0,0.00000,0,0.00000
Amycolatopsis sp. BJA-103,1911175,S,0,0.00000,0,0.00000,0,0.00000,0,0.00000,0,0.00000,0,0.00000,0,0.00000,0,0.00000,139,0.00010,65,0.00008,0,0.00000,77,0.00007,0,0.00000,0,0.00000
Prauserella marina,530584,S,0,0.00000,0,0.00000,0,0.00000,0,0.00000,0,0.00000,0,0.00000,0,0.00000,0,0.00000,139,0.00010,80,0.00010,106,0.00016,89,0.00008,0,0.00000,0,0.00000
Curtobacterium sp. MCPF17_052,2175655,S,0,0.00000,0,0.00000,0,0.00000,0,0.00000,0,0.00000,0,0.00000,0,0.00000,0,0.00000,139,0.00010,0,0.00000,0,0.00000,0,0.00000,0,0.00000,0,0.00000
Lysobacter firmicutimachus,1792846,S,0,0.00000,0,0.00000,0,0.00000,0,0.00000,0,0.00000,0,0.00000,0,0.00000,0,0.00000,139,0.00010,0,0.00000,0,0.00000,95,0.00009,0,0.00000,0,0.00000
Streptomyces sp. NBC_00224,2975685,S,0,0.00000,0,0.00000,0,0.00000,0,0.00000,0,0.00000,0,0.00000,0,0.00000,0,0.00000,138,0.00010,0,0.00000,226,0.00034,80,0.00007,0,0.00000,0,0.00000
Streptomyces phytohabitans,1150371,S,0,0.00000,0,0.00000,0,0.00000,0,0.00000,0,0.00000,0,0.00000,0,0.00000,0,0.00000,138,0.00010,105,0.00013,120,0.00018,125,0.00012,0,0.00000,0,0.00000
Streptomyces pratensis,1169025,S,0,0.00000,0,0.00000,0,0.00000,0,0.00000,0,0.00000,0,0.00000,0,0.00000,0,0.00000,138,0.00010,111,0.00014,0,0.00000,0,0.00000,0,0.00000,0,0.00000
Nocardioides sp. Arc9.136,2996826,S,0,0.00000,0,0.00000,0,0.00000,0,0.00000,0,0.00000,0,0.00000,0,0.00000,0,0.00000,138,0.00010,0,0.00000,199,0.00030,179,0.00017,0,0.00000,0,0.00000
Bradyrhizobium sp. NP1,3049772,S,0,0.00000,0,0.00000,0,0.00000,0,0.00000,0,0.00000,0,0.00000,0,0.00000,0,0.00000,138,0.00010,64,0.00008,329,0.00050,203,0.00019,0,0.00000,0,0.00000
Streptomyces sp. NBC_00536,2975769,S,0,0.00000,0,0.00000,0,0.00000,0,0.00000,0,0.00000,0,0.00000,0,0.00000,0,0.00000,137,0.00010,212,0.00027,0,0.00000,118,0.00011,0,0.00000,0,0.00000
Streptomyces sp. NBC_00289,2975703,S,0,0.00000,0,0.00000,0,0.00000,0,0.00000,0,0.00000,0,0.00000,0,0.00000,0,0.00000,137,0.00010,60,0.00008,0,0.00000,82,0.00008,0,0.00000,0,0.00000
Mycolicibacterium rhodesiae,36814,S,0,0.00000,0,0.00000,0,0.00000,0,0.00000,0,0.00000,0,0.00000,0,0.00000,0,0.00000,137,0.00010,198,0.00025,331,0.00050,372,0.00035,0,0.00000,0,0.00000
Micromonospora sp. NBC_00421,2975976,S,0,0.00000,0,0.00000,0,0.00000,0,0.00000,0,0.00000,0,0.00000,0,0.00000,0,0.00000,137,0.00010,0,0.00000,95,0.00014,59,0.00005,0,0.00000,0,0.00000
Dermacoccus nishinomiyaensis,1274,S,0,0.00000,0,0.00000,0,0.00000,0,0.00000,0,0.00000,0,0.00000,0,0.00000,0,0.00000,137,0.00010,0,0.00000,0,0.00000,74,0.00007,0,0.00000,0,0.00000
Streptomyces sp. NBC_01497,2903885,S,0,0.00000,0,0.00000,0,0.00000,0,0.00000,0,0.00000,0,0.00000,0,0.00000,0,0.00000,136,0.00010,92,0.00012,85,0.00013,92,0.00009,0,0.00000,0,0.00000
Streptomyces sp. NBC_01429,2903862,S,0,0.00000,0,0.00000,0,0.00000,0,0.00000,0,0.00000,0,0.00000,0,0.00000,0,0.00000,136,0.00010,74,0.00009,0,0.00000,56,0.00005,0,0.00000,0,0.00000
Streptomyces sp. NBC_00280,2975699,S,0,0.00000,0,0.00000,0,0.00000,0,0.00000,0,0.00000,0,0.00000,0,0.00000,0,0.00000,136,0.00010,391,0.00050,305,0.00046,528,0.00049,0,0.00000,0,0.00000
Streptomyces sp. 2323.1,1938841,S,0,0.00000,0,0.00000,0,0.00000,0,0.00000,0,0.00000,0,0.00000,0,0.00000,0,0.00000,136,0.00010,0,0.00000,396,0.00060,0,0.00000,0,0.00000,0,0.00000
Amycolatopsis keratiniphila,129921,S,0,0.00000,0,0.00000,0,0.00000,0,0.00000,0,0.00000,0,0.00000,0,0.00000,0,0.00000,136,0.00010,138,0.00018,136,0.00021,173,0.00016,0,0.00000,0,0.00000
Actinotalea sp. JY-7876,2758442,S,0,0.00000,0,0.00000,0,0.00000,0,0.00000,0,0.00000,0,0.00000,0,0.00000,0,0.00000,136,0.00010,0,0.00000,0,0.00000,113,0.00011,0,0.00000,0,0.00000
Halomontanus rarus,3034020,S,0,0.00000,0,0.00000,0,0.00000,0,0.00000,0,0.00000,0,0.00000,0,0.00000,0,0.00000,136,0.00010,0,0.00000,0,0.00000,0,0.00000,0,0.00000,0,0.00000
Streptomyces sp. NBC_01257,2903799,S,0,0.00000,0,0.00000,0,0.00000,0,0.00000,0,0.00000,0,0.00000,0,0.00000,0,0.00000,135,0.00010,74,0.00009,0,0.00000,66,0.00006,0,0.00000,0,0.00000
Nocardioides seonyuensis,2518371,S,0,0.00000,0,0.00000,0,0.00000,0,0.00000,0,0.00000,0,0.00000,0,0.00000,0,0.00000,135,0.00010,89,0.00011,113,0.00017,100,0.00009,0,0.00000,0,0.00000
Aurantimonas sp. HBX-1,2906072,S,0,0.00000,0,0.00000,0,0.00000,0,0.00000,0,0.00000,0,0.00000,0,0.00000,0,0.00000,135,0.00010,0,0.00000,136,0.00021,92,0.00009,0,0.00000,0,0.00000
Streptomyces sp. ITFR-16,3075198,S,0,0.00000,0,0.00000,0,0.00000,0,0.00000,0,0.00000,0,0.00000,0,0.00000,0,0.00000,134,0.00010,0,0.00000,0,0.00000,0,0.00000,0,0.00000,0,0.00000
Streptomyces sp. Tu 2975,2676871,S,0,0.00000,0,0.00000,0,0.00000,0,0.00000,0,0.00000,0,0.00000,0,0.00000,0,0.00000,134,0.00010,119,0.00015,127,0.00019,87,0.00008,0,0.00000,0,0.00000
Streptomyces sp. 71268,3002640,S,0,0.00000,0,0.00000,0,0.00000,0,0.00000,0,0.00000,0,0.00000,0,0.00000,0,0.00000,134,0.00010,0,0.00000,0,0.00000,0,0.00000,0,0.00000,0,0.00000
Streptomyces tuirus,68278,S,0,0.00000,0,0.00000,0,0.00000,0,0.00000,0,0.00000,0,0.00000,0,0.00000,0,0.00000,134,0.00010,0,0.00000,0,0.00000,0,0.00000,0,0.00000,0,0.00000
Mycobacterium sp. JS623,212767,S,0,0.00000,0,0.00000,0,0.00000,0,0.00000,0,0.00000,0,0.00000,0,0.00000,0,0.00000,134,0.00010,139,0.00018,410,0.00062,251,0.00023,0,0.00000,0,0.00000
Methylobacterium aquaticum,270351,S,0,0.00000,0,0.00000,0,0.00000,0,0.00000,0,0.00000,0,0.00000,0,0.00000,0,0.00000,134,0.00010,0,0.00000,244,0.00037,84,0.00008,0,0.00000,0,0.00000
Streptomyces sp. GMY02,1333528,S,0,0.00000,0,0.00000,0,0.00000,0,0.00000,0,0.00000,0,0.00000,0,0.00000,0,0.00000,133,0.00010,71,0.00009,0,0.00000,79,0.00007,0,0.00000,0,0.00000
Streptomyces sp. Q6,3118173,S,0,0.00000,0,0.00000,0,0.00000,0,0.00000,0,0.00000,0,0.00000,0,0.00000,0,0.00000,133,0.00010,0,0.00000,82,0.00012,75,0.00007,0,0.00000,0,0.00000
Streptomyces capitiformicae,2014920,S,0,0.00000,0,0.00000,0,0.00000,0,0.00000,0,0.00000,0,0.00000,0,0.00000,0,0.00000,133,0.00010,44,0.00006,61,0.00009,120,0.00011,0,0.00000,0,0.00000
Aeromicrobium erythreum,2041,S,0,0.00000,0,0.00000,0,0.00000,0,0.00000,0,0.00000,0,0.00000,0,0.00000,0,0.00000,133,0.00010,68,0.00009,87,0.00013,137,0.00013,0,0.00000,0,0.00000
Streptomyces sp. DSM 40750,2801030,S,0,0.00000,0,0.00000,0,0.00000,0,0.00000,0,0.00000,0,0.00000,0,0.00000,0,0.00000,132,0.00009,87,0.00011,0,0.00000,102,0.00009,0,0.00000,0,0.00000
Streptomyces dengpaensis,2049881,S,0,0.00000,0,0.00000,0,0.00000,0,0.00000,0,0.00000,0,0.00000,0,0.00000,0,0.00000,132,0.00009,146,0.00019,213,0.00032,94,0.00009,0,0.00000,0,0.00000
Mumia sp. ZJ1417,2708082,S,0,0.00000,0,0.00000,0,0.00000,0,0.00000,0,0.00000,0,0.00000,0,0.00000,0,0.00000,132,0.00009,46,0.00006,96,0.00015,170,0.00016,0,0.00000,0,0.00000
Nakamurella panacisegetis,1090615,S,0,0.00000,0,0.00000,0,0.00000,0,0.00000,0,0.00000,0,0.00000,0,0.00000,0,0.00000,132,0.00009,58,0.00007,61,0.00009,73,0.00007,0,0.00000,0,0.00000
Bradyrhizobium sp. BWA-3-5,3080013,S,0,0.00000,0,0.00000,0,0.00000,0,0.00000,0,0.00000,0,0.00000,0,0.00000,0,0.00000,132,0.00009,78,0.00010,462,0.00070,340,0.00032,0,0.00000,0,0.00000
Streptomyces sp. ITFR-21,3075199,S,0,0.00000,0,0.00000,0,0.00000,0,0.00000,0,0.00000,0,0.00000,0,0.00000,0,0.00000,131,0.00009,75,0.00010,95,0.00014,97,0.00009,0,0.00000,0,0.00000
Nocardia vinacea,96468,S,0,0.00000,0,0.00000,0,0.00000,0,0.00000,0,0.00000,0,0.00000,0,0.00000,0,0.00000,131,0.00009,49,0.00006,10160,0.01548,6826,0.00635,0,0.00000,0,0.00000
Micromonospora sp. NBC_01740,2975986,S,0,0.00000,0,0.00000,0,0.00000,0,0.00000,0,0.00000,0,0.00000,0,0.00000,0,0.00000,131,0.00009,101,0.00013,91,0.00014,127,0.00012,0,0.00000,0,0.00000
Micromonospora tulbaghiae,479978,S,0,0.00000,0,0.00000,0,0.00000,0,0.00000,0,0.00000,0,0.00000,0,0.00000,0,0.00000,131,0.00009,127,0.00016,0,0.00000,0,0.00000,0,0.00000,0,0.00000
Agromyces protaetiae,2509455,S,0,0.00000,0,0.00000,0,0.00000,0,0.00000,0,0.00000,0,0.00000,0,0.00000,0,0.00000,131,0.00009,0,0.00000,105,0.00016,68,0.00006,0,0.00000,0,0.00000
Frondihabitans sp. 762G35,1446794,S,0,0.00000,0,0.00000,0,0.00000,0,0.00000,0,0.00000,0,0.00000,0,0.00000,0,0.00000,131,0.00009,187,0.00024,0,0.00000,48,0.00004,0,0.00000,0,0.00000
Nocardioides sp. zg-1228,2763008,S,0,0.00000,0,0.00000,0,0.00000,0,0.00000,0,0.00000,0,0.00000,0,0.00000,0,0.00000,131,0.00009,0,0.00000,107,0.00016,171,0.00016,0,0.00000,0,0.00000
Nocardioides cynanchi,2558918,S,0,0.00000,0,0.00000,0,0.00000,0,0.00000,0,0.00000,0,0.00000,0,0.00000,0,0.00000,131,0.00009,81,0.00010,183,0.00028,234,0.00022,0,0.00000,0,0.00000
Kineococcus radiotolerans,131568,S,0,0.00000,0,0.00000,0,0.00000,0,0.00000,0,0.00000,0,0.00000,0,0.00000,0,0.00000,131,0.00009,73,0.00009,110,0.00017,139,0.00013,0,0.00000,0,0.00000
Bradyrhizobium sp. CIAT3101,439387,S,0,0.00000,0,0.00000,0,0.00000,0,0.00000,0,0.00000,0,0.00000,0,0.00000,0,0.00000,131,0.00009,75,0.00010,55,0.00008,69,0.00006,0,0.00000,0,0.00000
Streptomyces sp. 891-h,2720714,S,0,0.00000,0,0.00000,0,0.00000,0,0.00000,0,0.00000,0,0.00000,0,0.00000,0,0.00000,130,0.00009,67,0.00009,96,0.00015,100,0.00009,0,0.00000,0,0.00000
Streptomyces sp. RTd22,1841249,S,0,0.00000,0,0.00000,0,0.00000,0,0.00000,0,0.00000,0,0.00000,0,0.00000,0,0.00000,130,0.00009,117,0.00015,1052,0.00160,480,0.00045,0,0.00000,0,0.00000
Saccharomonospora azurea,40988,S,0,0.00000,0,0.00000,0,0.00000,0,0.00000,0,0.00000,0,0.00000,0,0.00000,0,0.00000,130,0.00009,63,0.00008,88,0.00013,106,0.00010,0,0.00000,0,0.00000
Nocardioides daphniae,402297,S,0,0.00000,0,0.00000,0,0.00000,0,0.00000,0,0.00000,0,0.00000,0,0.00000,0,0.00000,130,0.00009,96,0.00012,0,0.00000,136,0.00013,0,0.00000,0,0.00000
Pseudomonas fluorescens,294,S,0,0.00000,0,0.00000,0,0.00000,0,0.00000,0,0.00000,0,0.00000,0,0.00000,0,0.00000,130,0.00009,76,0.00010,261,0.00040,1036,0.00096,0,0.00000,0,0.00000
Usitatibacter rugosus,2732067,S,0,0.00000,0,0.00000,0,0.00000,0,0.00000,0,0.00000,0,0.00000,0,0.00000,0,0.00000,130,0.00009,89,0.00011,1068,0.00163,111,0.00010,0,0.00000,0,0.00000
Streptomyces sp. Je 1-332,3231270,S,0,0.00000,0,0.00000,0,0.00000,0,0.00000,0,0.00000,0,0.00000,0,0.00000,0,0.00000,129,0.00009,0,0.00000,84,0.00013,0,0.00000,0,0.00000,0,0.00000
Streptomyces roseicoloratus,2508722,S,0,0.00000,0,0.00000,0,0.00000,0,0.00000,0,0.00000,0,0.00000,0,0.00000,0,0.00000,129,0.00009,0,0.00000,0,0.00000,137,0.00013,0,0.00000,0,0.00000
Amycolatopsis sp. QT-25,3034022,S,0,0.00000,0,0.00000,0,0.00000,0,0.00000,0,0.00000,0,0.00000,0,0.00000,0,0.00000,129,0.00009,92,0.00012,84,0.00013,64,0.00006,0,0.00000,0,0.00000
Streptomyces sp. KMM 9044,2744474,S,0,0.00000,0,0.00000,0,0.00000,0,0.00000,0,0.00000,0,0.00000,0,0.00000,0,0.00000,128,0.00009,0,0.00000,0,0.00000,0,0.00000,0,0.00000,0,0.00000
Streptomyces acidiscabies,42234,S,0,0.00000,0,0.00000,0,0.00000,0,0.00000,0,0.00000,0,0.00000,0,0.00000,0,0.00000,128,0.00009,0,0.00000,805,0.00123,1540,0.00143,0,0.00000,0,0.00000
Streptomyces glaucescens,1907,S,0,0.00000,0,0.00000,0,0.00000,0,0.00000,0,0.00000,0,0.00000,0,0.00000,0,0.00000,128,0.00009,166,0.00021,157,0.00024,88,0.00008,0,0.00000,0,0.00000
Kocuria turfanensis,388357,S,0,0.00000,0,0.00000,0,0.00000,0,0.00000,0,0.00000,0,0.00000,0,0.00000,0,0.00000,128,0.00009,67,0.00009,95,0.00014,0,0.00000,0,0.00000,0,0.00000
Bradyrhizobium brasilense,1419277,S,0,0.00000,0,0.00000,0,0.00000,0,0.00000,0,0.00000,0,0.00000,0,0.00000,0,0.00000,128,0.00009,0,0.00000,248,0.00038,126,0.00012,0,0.00000,0,0.00000
Ralstonia solanacearum,305,S,0,0.00000,0,0.00000,0,0.00000,0,0.00000,0,0.00000,0,0.00000,0,0.00000,0,0.00000,128,0.00009,0,0.00000,126,0.00019,0,0.00000,0,0.00000,0,0.00000
Herbaspirillum robiniae,2014887,S,0,0.00000,0,0.00000,0,0.00000,0,0.00000,0,0.00000,0,0.00000,0,0.00000,0,0.00000,128,0.00009,0,0.00000,0,0.00000,55,0.00005,0,0.00000,0,0.00000
Streptomyces sp. NBC_00236,2903639,S,0,0.00000,0,0.00000,0,0.00000,0,0.00000,0,0.00000,0,0.00000,0,0.00000,0,0.00000,127,0.00009,0,0.00000,0,0.00000,0,0.00000,0,0.00000,0,0.00000
Streptomyces sp. BPTC-684,3043734,S,0,0.00000,0,0.00000,0,0.00000,0,0.00000,0,0.00000,0,0.00000,0,0.00000,0,0.00000,127,0.00009,130,0.00017,364,0.00055,0,0.00000,0,0.00000,0,0.00000
Micromonospora narathiwatensis,299146,S,0,0.00000,0,0.00000,0,0.00000,0,0.00000,0,0.00000,0,0.00000,0,0.00000,0,0.00000,127,0.00009,91,0.00012,73,0.00011,80,0.00007,0,0.00000,0,0.00000
Nocardioides sp. TF02-7,2917724,S,0,0.00000,0,0.00000,0,0.00000,0,0.00000,0,0.00000,0,0.00000,0,0.00000,0,0.00000,127,0.00009,101,0.00013,183,0.00028,284,0.00026,0,0.00000,0,0.00000
Nocardioides anomalus,2712223,S,0,0.00000,0,0.00000,0,0.00000,0,0.00000,0,0.00000,0,0.00000,0,0.00000,0,0.00000,127,0.00009,105,0.00013,477,0.00073,299,0.00028,0,0.00000,0,0.00000
Aeromicrobium marinum,219314,S,0,0.00000,0,0.00000,0,0.00000,0,0.00000,0,0.00000,0,0.00000,0,0.00000,0,0.00000,127,0.00009,58,0.00007,59,0.00009,148,0.00014,0,0.00000,0,0.00000
Roseomonas gilardii,257708,S,0,0.00000,0,0.00000,0,0.00000,0,0.00000,0,0.00000,0,0.00000,0,0.00000,0,0.00000,127,0.00009,0,0.00000,182,0.00028,73,0.00007,0,0.00000,0,0.00000
Mycolicibacterium rutilum,370526,S,0,0.00000,0,0.00000,0,0.00000,0,0.00000,0,0.00000,0,0.00000,0,0.00000,0,0.00000,126,0.00009,98,0.00012,170,0.00026,143,0.00013,0,0.00000,0,0.00000
Arthrobacter sp. CJ23,2972479,S,0,0.00000,0,0.00000,0,0.00000,0,0.00000,0,0.00000,0,0.00000,0,0.00000,0,0.00000,126,0.00009,0,0.00000,127,0.00019,90,0.00008,0,0.00000,0,0.00000
Nocardioides coralli,2872154,S,0,0.00000,0,0.00000,0,0.00000,0,0.00000,0,0.00000,0,0.00000,0,0.00000,0,0.00000,126,0.00009,61,0.00008,157,0.00024,179,0.00017,0,0.00000,0,0.00000
Streptomyces sp. NBC_01320,2903824,S,0,0.00000,0,0.00000,0,0.00000,0,0.00000,0,0.00000,0,0.00000,0,0.00000,0,0.00000,125,0.00009,0,0.00000,0,0.00000,0,0.00000,0,0.00000,0,0.00000
Streptomyces cadmiisoli,2184053,S,0,0.00000,0,0.00000,0,0.00000,0,0.00000,0,0.00000,0,0.00000,0,0.00000,0,0.00000,125,0.00009,82,0.00010,0,0.00000,62,0.00006,0,0.00000,0,0.00000
Saccharomonospora viridis,1852,S,0,0.00000,0,0.00000,0,0.00000,0,0.00000,0,0.00000,0,0.00000,0,0.00000,0,0.00000,125,0.00009,63,0.00008,71,0.00011,86,0.00008,0,0.00000,0,0.00000
Arthrobacter sp. K5,2839623,S,0,0.00000,0,0.00000,0,0.00000,0,0.00000,0,0.00000,0,0.00000,0,0.00000,0,0.00000,125,0.00009,147,0.00019,284,0.00043,635,0.00059,0,0.00000,0,0.00000
Streptomyces sp. NBC_01216,2903778,S,0,0.00000,0,0.00000,0,0.00000,0,0.00000,0,0.00000,0,0.00000,0,0.00000,0,0.00000,124,0.00009,116,0.00015,134,0.00020,70,0.00007,0,0.00000,0,0.00000
Streptomyces sp. NBC_01217,2903779,S,0,0.00000,0,0.00000,0,0.00000,0,0.00000,0,0.00000,0,0.00000,0,0.00000,0,0.00000,124,0.00009,0,0.00000,0,0.00000,87,0.00008,0,0.00000,0,0.00000
Verrucosispora sp. WMMC514,3015156,S,0,0.00000,0,0.00000,0,0.00000,0,0.00000,0,0.00000,0,0.00000,0,0.00000,0,0.00000,124,0.00009,117,0.00015,0,0.00000,77,0.00007,0,0.00000,0,0.00000
Kocuria rosea,1275,S,0,0.00000,0,0.00000,0,0.00000,0,0.00000,0,0.00000,0,0.00000,0,0.00000,0,0.00000,124,0.00009,152,0.00019,0,0.00000,134,0.00012,0,0.00000,0,0.00000
Streptomyces pristinaespiralis,38300,S,0,0.00000,0,0.00000,0,0.00000,0,0.00000,0,0.00000,0,0.00000,0,0.00000,0,0.00000,123,0.00009,84,0.00011,0,0.00000,99,0.00009,0,0.00000,0,0.00000
Mycobacterium adipatum,1682113,S,0,0.00000,0,0.00000,0,0.00000,0,0.00000,0,0.00000,0,0.00000,0,0.00000,0,0.00000,123,0.00009,130,0.00017,111,0.00017,142,0.00013,0,0.00000,0,0.00000
Micrococcus sp. 2A,3142261,S,0,0.00000,0,0.00000,0,0.00000,0,0.00000,0,0.00000,0,0.00000,0,0.00000,0,0.00000,123,0.00009,0,0.00000,0,0.00000,0,0.00000,0,0.00000,0,0.00000
Microlunatus sagamiharensis,546874,S,0,0.00000,0,0.00000,0,0.00000,0,0.00000,0,0.00000,0,0.00000,0,0.00000,0,0.00000,123,0.00009,51,0.00007,70,0.00011,120,0.00011,0,0.00000,0,0.00000
Conexibacter sp. S30A1,2937800,S,0,0.00000,0,0.00000,0,0.00000,0,0.00000,0,0.00000,0,0.00000,0,0.00000,0,0.00000,123,0.00009,70,0.00009,343,0.00052,562,0.00052,0,0.00000,0,0.00000
Halomonas sp. LR3S48,2982694,S,0,0.00000,0,0.00000,0,0.00000,0,0.00000,0,0.00000,0,0.00000,0,0.00000,0,0.00000,123,0.00009,0,0.00000,0,0.00000,0,0.00000,0,0.00000,0,0.00000
Xylophilus rhododendri,2697032,S,0,0.00000,0,0.00000,0,0.00000,0,0.00000,0,0.00000,0,0.00000,0,0.00000,0,0.00000,123,0.00009,0,0.00000,165,0.00025,43,0.00004,0,0.00000,0,0.00000
Streptomyces sp. N50,3081765,S,0,0.00000,0,0.00000,0,0.00000,0,0.00000,0,0.00000,0,0.00000,0,0.00000,0,0.00000,122,0.00009,0,0.00000,0,0.00000,86,0.00008,0,0.00000,0,0.00000
Streptomyces gardneri,66892,S,0,0.00000,0,0.00000,0,0.00000,0,0.00000,0,0.00000,0,0.00000,0,0.00000,0,0.00000,122,0.00009,0,0.00000,140,0.00021,0,0.00000,0,0.00000,0,0.00000
Streptomyces sp. A2-16,2781734,S,0,0.00000,0,0.00000,0,0.00000,0,0.00000,0,0.00000,0,0.00000,0,0.00000,0,0.00000,121,0.00009,0,0.00000,0,0.00000,139,0.00013,0,0.00000,0,0.00000
Streptomyces sp. M92,2944250,S,0,0.00000,0,0.00000,0,0.00000,0,0.00000,0,0.00000,0,0.00000,0,0.00000,0,0.00000,121,0.00009,94,0.00012,0,0.00000,0,0.00000,0,0.00000,0,0.00000
Streptomyces davaonensis,348043,S,0,0.00000,0,0.00000,0,0.00000,0,0.00000,0,0.00000,0,0.00000,0,0.00000,0,0.00000,121,0.00009,0,0.00000,0,0.00000,137,0.00013,0,0.00000,0,0.00000
Nocardioides okcheonensis,2894081,S,0,0.00000,0,0.00000,0,0.00000,0,0.00000,0,0.00000,0,0.00000,0,0.00000,0,0.00000,121,0.00009,101,0.00013,147,0.00022,169,0.00016,0,0.00000,0,0.00000
Propioniciclava sp. MC1595,2760308,S,0,0.00000,0,0.00000,0,0.00000,0,0.00000,0,0.00000,0,0.00000,0,0.00000,0,0.00000,121,0.00009,96,0.00012,0,0.00000,118,0.00011,0,0.00000,0,0.00000
Frankia sp. QA3,710111,S,0,0.00000,0,0.00000,0,0.00000,0,0.00000,0,0.00000,0,0.00000,0,0.00000,0,0.00000,121,0.00009,70,0.00009,64,0.00010,59,0.00005,0,0.00000,0,0.00000
Conexibacter sp. DBS9H8,2937801,S,0,0.00000,0,0.00000,0,0.00000,0,0.00000,0,0.00000,0,0.00000,0,0.00000,0,0.00000,121,0.00009,53,0.00007,292,0.00044,401,0.00037,0,0.00000,0,0.00000
Variovorax sp. HW608,1034889,S,0,0.00000,0,0.00000,0,0.00000,0,0.00000,0,0.00000,0,0.00000,0,0.00000,0,0.00000,121,0.00009,65,0.00008,202,0.00031,64,0.00006,0,0.00000,0,0.00000
Streptomyces sp. NBC_00690,2975808,S,0,0.00000,0,0.00000,0,0.00000,0,0.00000,0,0.00000,0,0.00000,0,0.00000,0,0.00000,120,0.00009,0,0.00000,58,0.00009,61,0.00006,0,0.00000,0,0.00000
Streptomyces sp. WAC 01529,2203205,S,0,0.00000,0,0.00000,0,0.00000,0,0.00000,0,0.00000,0,0.00000,0,0.00000,0,0.00000,120,0.00009,89,0.00011,0,0.00000,0,0.00000,0,0.00000,0,0.00000
Streptomyces sp. NBC_00454,2975747,S,0,0.00000,0,0.00000,0,0.00000,0,0.00000,0,0.00000,0,0.00000,0,0.00000,0,0.00000,120,0.00009,0,0.00000,0,0.00000,0,0.00000,0,0.00000,0,0.00000
Kitasatospora sp. NA04385,2742135,S,0,0.00000,0,0.00000,0,0.00000,0,0.00000,0,0.00000,0,0.00000,0,0.00000,0,0.00000,120,0.00009,209,0.00027,0,0.00000,115,0.00011,0,0.00000,0,0.00000
Rhodococcus sp. WAY2,2663121,S,0,0.00000,0,0.00000,0,0.00000,0,0.00000,0,0.00000,0,0.00000,0,0.00000,0,0.00000,120,0.00009,0,0.00000,0,0.00000,88,0.00008,0,0.00000,0,0.00000
Corynebacterium provencense,1737425,S,0,0.00000,0,0.00000,0,0.00000,0,0.00000,0,0.00000,0,0.00000,0,0.00000,0,0.00000,120,0.00009,0,0.00000,0,0.00000,0,0.00000,0,0.00000,0,0.00000
Janibacter indicus,857417,S,0,0.00000,0,0.00000,0,0.00000,0,0.00000,0,0.00000,0,0.00000,0,0.00000,0,0.00000,120,0.00009,0,0.00000,0,0.00000,150,0.00014,0,0.00000,0,0.00000
Nocardioides sp. Kera G14,2884264,S,0,0.00000,0,0.00000,0,0.00000,0,0.00000,0,0.00000,0,0.00000,0,0.00000,0,0.00000,120,0.00009,0,0.00000,67,0.00010,85,0.00008,0,0.00000,0,0.00000
Mesorhizobium sp. AR10,2865839,S,0,0.00000,0,0.00000,0,0.00000,0,0.00000,0,0.00000,0,0.00000,0,0.00000,0,0.00000,120,0.00009,0,0.00000,91,0.00014,142,0.00013,0,0.00000,0,0.00000
Streptomyces sp. NBC_00691,2903671,S,0,0.00000,0,0.00000,0,0.00000,0,0.00000,0,0.00000,0,0.00000,0,0.00000,0,0.00000,119,0.00009,0,0.00000,0,0.00000,73,0.00007,0,0.00000,0,0.00000
Streptomyces akebiae,2865673,S,0,0.00000,0,0.00000,0,0.00000,0,0.00000,0,0.00000,0,0.00000,0,0.00000,0,0.00000,119,0.00009,179,0.00023,0,0.00000,126,0.00012,0,0.00000,0,0.00000
Micromonospora halotolerans,709879,S,0,0.00000,0,0.00000,0,0.00000,0,0.00000,0,0.00000,0,0.00000,0,0.00000,0,0.00000,119,0.00009,0,0.00000,102,0.00016,135,0.00013,0,0.00000,0,0.00000
Propioniciclava coleopterorum,2714937,S,0,0.00000,0,0.00000,0,0.00000,0,0.00000,0,0.00000,0,0.00000,0,0.00000,0,0.00000,119,0.00009,132,0.00017,162,0.00025,204,0.00019,0,0.00000,0,0.00000
Planctomyces sp. SH-PL62,1636152,S,0,0.00000,0,0.00000,0,0.00000,0,0.00000,0,0.00000,0,0.00000,0,0.00000,0,0.00000,119,0.00009,56,0.00007,287,0.00044,203,0.00019,0,0.00000,0,0.00000
Streptomyces sp. NBC_00513,2975763,S,0,0.00000,0,0.00000,0,0.00000,0,0.00000,0,0.00000,0,0.00000,0,0.00000,0,0.00000,118,0.00008,0,0.00000,0,0.00000,81,0.00008,0,0.00000,0,0.00000
Streptomyces drozdowiczii,202862,S,0,0.00000,0,0.00000,0,0.00000,0,0.00000,0,0.00000,0,0.00000,0,0.00000,0,0.00000,118,0.00008,0,0.00000,0,0.00000,0,0.00000,0,0.00000,0,0.00000
Ensifer adhaerens,106592,S,0,0.00000,0,0.00000,0,0.00000,0,0.00000,0,0.00000,0,0.00000,0,0.00000,0,0.00000,118,0.00008,132,0.00017,219,0.00033,115,0.00011,0,0.00000,0,0.00000
Streptomyces sp. NBC_00670,2975804,S,0,0.00000,0,0.00000,0,0.00000,0,0.00000,0,0.00000,0,0.00000,0,0.00000,0,0.00000,117,0.00008,0,0.00000,0,0.00000,0,0.00000,0,0.00000,0,0.00000
Streptomyces sp. NBC_00459,2975749,S,0,0.00000,0,0.00000,0,0.00000,0,0.00000,0,0.00000,0,0.00000,0,0.00000,0,0.00000,117,0.00008,161,0.00021,275,0.00042,396,0.00037,0,0.00000,0,0.00000
Nocardia yunnanensis,2382165,S,0,0.00000,0,0.00000,0,0.00000,0,0.00000,0,0.00000,0,0.00000,0,0.00000,0,0.00000,117,0.00008,90,0.00011,53,0.00008,52,0.00005,0,0.00000,0,0.00000
Micromonospora sp. FIMYZ51,3051832,S,0,0.00000,0,0.00000,0,0.00000,0,0.00000,0,0.00000,0,0.00000,0,0.00000,0,0.00000,117,0.00008,58,0.00007,50,0.00008,61,0.00006,0,0.00000,0,0.00000
Micromonospora endophytica,515350,S,0,0.00000,0,0.00000,0,0.00000,0,0.00000,0,0.00000,0,0.00000,0,0.00000,0,0.00000,117,0.00008,90,0.00011,111,0.00017,61,0.00006,0,0.00000,0,0.00000
Solwaraspora sp. WMMD791,3016086,S,0,0.00000,0,0.00000,0,0.00000,0,0.00000,0,0.00000,0,0.00000,0,0.00000,0,0.00000,117,0.00008,118,0.00015,103,0.00016,85,0.00008,0,0.00000,0,0.00000
Aeromicrobium chenweiae,2079793,S,0,0.00000,0,0.00000,0,0.00000,0,0.00000,0,0.00000,0,0.00000,0,0.00000,0,0.00000,117,0.00008,0,0.00000,106,0.00016,122,0.00011,0,0.00000,0,0.00000
Chitinimonas koreensis,356302,S,0,0.00000,0,0.00000,0,0.00000,0,0.00000,0,0.00000,0,0.00000,0,0.00000,0,0.00000,117,0.00008,0,0.00000,293,0.00045,33,0.00003,0,0.00000,0,0.00000
Streptomyces sp. FXJ1.172,710705,S,0,0.00000,0,0.00000,0,0.00000,0,0.00000,0,0.00000,0,0.00000,0,0.00000,0,0.00000,116,0.00008,0,0.00000,0,0.00000,82,0.00008,0,0.00000,0,0.00000
Streptomyces lavendulae,1914,S,0,0.00000,0,0.00000,0,0.00000,0,0.00000,0,0.00000,0,0.00000,0,0.00000,0,0.00000,116,0.00008,0,0.00000,0,0.00000,0,0.00000,0,0.00000,0,0.00000
Mycolicibacter heraklionensis,512402,S,0,0.00000,0,0.00000,0,0.00000,0,0.00000,0,0.00000,0,0.00000,0,0.00000,0,0.00000,116,0.00008,103,0.00013,407,0.00062,7100,0.00661,0,0.00000,0,0.00000
Plantactinospora sp. ZYX-F-223,3144103,S,0,0.00000,0,0.00000,0,0.00000,0,0.00000,0,0.00000,0,0.00000,0,0.00000,0,0.00000,116,0.00008,138,0.00018,160,0.00024,185,0.00017,0,0.00000,0,0.00000
Frankia casuarinae,106370,S,0,0.00000,0,0.00000,0,0.00000,0,0.00000,0,0.00000,0,0.00000,0,0.00000,0,0.00000,116,0.00008,51,0.00007,66,0.00010,76,0.00007,0,0.00000,0,0.00000
Streptomyces sp. QHH-9511,2684468,S,0,0.00000,0,0.00000,0,0.00000,0,0.00000,0,0.00000,0,0.00000,0,0.00000,0,0.00000,115,0.00008,0,0.00000,97,0.00015,0,0.00000,0,0.00000,0,0.00000
Streptomyces sp. NBC_01298,2903817,S,0,0.00000,0,0.00000,0,0.00000,0,0.00000,0,0.00000,0,0.00000,0,0.00000,0,0.00000,115,0.00008,90,0.00011,0,0.00000,291,0.00027,0,0.00000,0,0.00000
Streptomyces sp. SS7,3108485,S,0,0.00000,0,0.00000,0,0.00000,0,0.00000,0,0.00000,0,0.00000,0,0.00000,0,0.00000,115,0.00008,124,0.00016,107,0.00016,144,0.00013,0,0.00000,0,0.00000
Streptomyces sp. Mut1,3033811,S,0,0.00000,0,0.00000,0,0.00000,0,0.00000,0,0.00000,0,0.00000,0,0.00000,0,0.00000,115,0.00008,0,0.00000,0,0.00000,0,0.00000,0,0.00000,0,0.00000
Streptomyces sp. f51,1827742,S,0,0.00000,0,0.00000,0,0.00000,0,0.00000,0,0.00000,0,0.00000,0,0.00000,0,0.00000,115,0.00008,124,0.00016,0,0.00000,0,0.00000,0,0.00000,0,0.00000
Embleya sp. NBC_00896,2975961,S,0,0.00000,0,0.00000,0,0.00000,0,0.00000,0,0.00000,0,0.00000,0,0.00000,0,0.00000,115,0.00008,39,0.00005,29,0.00004,67,0.00006,0,0.00000,0,0.00000
Tsukamurella pulmonis,47312,S,0,0.00000,0,0.00000,0,0.00000,0,0.00000,0,0.00000,0,0.00000,0,0.00000,0,0.00000,115,0.00008,85,0.00011,62,0.00009,108,0.00010,0,0.00000,0,0.00000
Methylobacterium currus,2051553,S,0,0.00000,0,0.00000,0,0.00000,0,0.00000,0,0.00000,0,0.00000,0,0.00000,0,0.00000,115,0.00008,0,0.00000,0,0.00000,124,0.00012,0,0.00000,0,0.00000
Dyella thiooxydans,445710,S,0,0.00000,0,0.00000,0,0.00000,0,0.00000,0,0.00000,0,0.00000,0,0.00000,0,0.00000,115,0.00008,0,0.00000,65,0.00010,107,0.00010,0,0.00000,0,0.00000
Streptomyces sp. NBC_01478,2903882,S,0,0.00000,0,0.00000,0,0.00000,0,0.00000,0,0.00000,0,0.00000,0,0.00000,0,0.00000,114,0.00008,62,0.00008,0,0.00000,91,0.00008,0,0.00000,0,0.00000
Streptomyces sp. HM190,2695266,S,0,0.00000,0,0.00000,0,0.00000,0,0.00000,0,0.00000,0,0.00000,0,0.00000,0,0.00000,114,0.00008,106,0.00014,0,0.00000,0,0.00000,0,0.00000,0,0.00000
Streptomyces sp. DG1A-41,3125779,S,0,0.00000,0,0.00000,0,0.00000,0,0.00000,0,0.00000,0,0.00000,0,0.00000,0,0.00000,114,0.00008,0,0.00000,0,0.00000,0,0.00000,0,0.00000,0,0.00000
Streptomyces tirandamycinicus,2174846,S,0,0.00000,0,0.00000,0,0.00000,0,0.00000,0,0.00000,0,0.00000,0,0.00000,0,0.00000,114,0.00008,83,0.00011,0,0.00000,0,0.00000,0,0.00000,0,0.00000
Phycicoccus sp. HDW14,2714941,S,0,0.00000,0,0.00000,0,0.00000,0,0.00000,0,0.00000,0,0.00000,0,0.00000,0,0.00000,114,0.00008,109,0.00014,0,0.00000,119,0.00011,0,0.00000,0,0.00000
Thiobacillus denitrificans,36861,S,0,0.00000,0,0.00000,0,0.00000,0,0.00000,0,0.00000,0,0.00000,0,0.00000,0,0.00000,114,0.00008,0,0.00000,255,0.00039,30,0.00003,0,0.00000,0,0.00000
Streptomyces sp. SN-593,659352,S,0,0.00000,0,0.00000,0,0.00000,0,0.00000,0,0.00000,0,0.00000,0,0.00000,0,0.00000,113,0.00008,0,0.00000,0,0.00000,100,0.00009,0,0.00000,0,0.00000
Streptomyces sp. NBC_01276,2903808,S,0,0.00000,0,0.00000,0,0.00000,0,0.00000,0,0.00000,0,0.00000,0,0.00000,0,0.00000,113,0.00008,0,0.00000,117,0.00018,73,0.00007,0,0.00000,0,0.00000
Ruania suaedae,2897774,S,0,0.00000,0,0.00000,0,0.00000,0,0.00000,0,0.00000,0,0.00000,0,0.00000,0,0.00000,113,0.00008,92,0.00012,58,0.00009,79,0.00007,0,0.00000,0,0.00000
Niastella koreensis,354356,S,0,0.00000,0,0.00000,0,0.00000,0,0.00000,0,0.00000,0,0.00000,0,0.00000,0,0.00000,113,0.00008,77,0.00010,151,0.00023,123,0.00011,0,0.00000,0,0.00000
Streptomyces sp. CdTB01,1725411,S,0,0.00000,0,0.00000,0,0.00000,0,0.00000,0,0.00000,0,0.00000,0,0.00000,0,0.00000,112,0.00008,0,0.00000,0,0.00000,88,0.00008,0,0.00000,0,0.00000
Streptomyces tendae,1932,S,0,0.00000,0,0.00000,0,0.00000,0,0.00000,0,0.00000,0,0.00000,0,0.00000,0,0.00000,112,0.00008,0,0.00000,0,0.00000,88,0.00008,0,0.00000,0,0.00000
Mycolicibacterium parafortuitum,39692,S,0,0.00000,0,0.00000,0,0.00000,0,0.00000,0,0.00000,0,0.00000,0,0.00000,0,0.00000,112,0.00008,68,0.00009,66,0.00010,79,0.00007,0,0.00000,0,0.00000
Nocardia tengchongensis,2055889,S,0,0.00000,0,0.00000,0,0.00000,0,0.00000,0,0.00000,0,0.00000,0,0.00000,0,0.00000,112,0.00008,35,0.00004,64,0.00010,37,0.00003,0,0.00000,0,0.00000
Amycolatopsis mediterranei,33910,S,0,0.00000,0,0.00000,0,0.00000,0,0.00000,0,0.00000,0,0.00000,0,0.00000,0,0.00000,112,0.00008,73,0.00009,143,0.00022,143,0.00013,0,0.00000,0,0.00000
Janibacter limosus,53458,S,0,0.00000,0,0.00000,0,0.00000,0,0.00000,0,0.00000,0,0.00000,0,0.00000,0,0.00000,112,0.00008,70,0.00009,0,0.00000,117,0.00011,0,0.00000,0,0.00000
Nocardioides campestrisoli,2736757,S,0,0.00000,0,0.00000,0,0.00000,0,0.00000,0,0.00000,0,0.00000,0,0.00000,0,0.00000,112,0.00008,69,0.00009,106,0.00016,118,0.00011,0,0.00000,0,0.00000
Blastochloris tepida,2233851,S,0,0.00000,0,0.00000,0,0.00000,0,0.00000,0,0.00000,0,0.00000,0,0.00000,0,0.00000,112,0.00008,0,0.00000,314,0.00048,103,0.00010,0,0.00000,0,0.00000
Thalassobaculum sp. OXR-137,3100173,S,0,0.00000,0,0.00000,0,0.00000,0,0.00000,0,0.00000,0,0.00000,0,0.00000,0,0.00000,112,0.00008,0,0.00000,212,0.00032,78,0.00007,0,0.00000,0,0.00000
Nocardia salmonicida,53431,S,0,0.00000,0,0.00000,0,0.00000,0,0.00000,0,0.00000,0,0.00000,0,0.00000,0,0.00000,111,0.00008,94,0.00012,85,0.00013,720,0.00067,0,0.00000,0,0.00000
Rhodococcus sp. SGAir0479,2567884,S,0,0.00000,0,0.00000,0,0.00000,0,0.00000,0,0.00000,0,0.00000,0,0.00000,0,0.00000,111,0.00008,76,0.00010,111,0.00017,74,0.00007,0,0.00000,0,0.00000
Nocardioides sp. InS609-2,2760705,S,0,0.00000,0,0.00000,0,0.00000,0,0.00000,0,0.00000,0,0.00000,0,0.00000,0,0.00000,111,0.00008,89,0.00011,182,0.00028,191,0.00018,0,0.00000,0,0.00000
Nocardioides sp. CF8,110319,S,0,0.00000,0,0.00000,0,0.00000,0,0.00000,0,0.00000,0,0.00000,0,0.00000,0,0.00000,111,0.00008,53,0.00007,161,0.00025,156,0.00015,0,0.00000,0,0.00000
Streptomyces sp. NBC_00400,2975737,S,0,0.00000,0,0.00000,0,0.00000,0,0.00000,0,0.00000,0,0.00000,0,0.00000,0,0.00000,110,0.00008,104,0.00013,0,0.00000,0,0.00000,0,0.00000,0,0.00000
Streptomyces sp. NBC_00299,2975705,S,0,0.00000,0,0.00000,0,0.00000,0,0.00000,0,0.00000,0,0.00000,0,0.00000,0,0.00000,110,0.00008,0,0.00000,0,0.00000,128,0.00012,0,0.00000,0,0.00000
Streptomyces sp. CG4,408783,S,0,0.00000,0,0.00000,0,0.00000,0,0.00000,0,0.00000,0,0.00000,0,0.00000,0,0.00000,110,0.00008,168,0.00021,0,0.00000,82,0.00008,0,0.00000,0,0.00000
Streptomyces pactum,68249,S,0,0.00000,0,0.00000,0,0.00000,0,0.00000,0,0.00000,0,0.00000,0,0.00000,0,0.00000,110,0.00008,0,0.00000,0,0.00000,0,0.00000,0,0.00000,0,0.00000
Rhodococcus sp. W8901,2742603,S,0,0.00000,0,0.00000,0,0.00000,0,0.00000,0,0.00000,0,0.00000,0,0.00000,0,0.00000,110,0.00008,92,0.00012,63,0.00010,100,0.00009,0,0.00000,0,0.00000
Gordonia sp. X0973,2742602,S,0,0.00000,0,0.00000,0,0.00000,0,0.00000,0,0.00000,0,0.00000,0,0.00000,0,0.00000,110,0.00008,0,0.00000,0,0.00000,164,0.00015,0,0.00000,0,0.00000
Streptomyces sp. HUAS 15-9,2981136,S,0,0.00000,0,0.00000,0,0.00000,0,0.00000,0,0.00000,0,0.00000,0,0.00000,0,0.00000,109,0.00008,0,0.00000,0,0.00000,69,0.00006,0,0.00000,0,0.00000
Streptomyces sp. HUAS MG91,3156398,S,0,0.00000,0,0.00000,0,0.00000,0,0.00000,0,0.00000,0,0.00000,0,0.00000,0,0.00000,109,0.00008,71,0.00009,99,0.00015,66,0.00006,0,0.00000,0,0.00000
Mycolicibacterium crocinum,388459,S,0,0.00000,0,0.00000,0,0.00000,0,0.00000,0,0.00000,0,0.00000,0,0.00000,0,0.00000,109,0.00008,0,0.00000,0,0.00000,99,0.00009,0,0.00000,0,0.00000
Mycobacterium sp. DL,3145017,S,0,0.00000,0,0.00000,0,0.00000,0,0.00000,0,0.00000,0,0.00000,0,0.00000,0,0.00000,109,0.00008,67,0.00009,83,0.00013,97,0.00009,0,0.00000,0,0.00000
Mycobacterium sp. SMC-4,2857059,S,0,0.00000,0,0.00000,0,0.00000,0,0.00000,0,0.00000,0,0.00000,0,0.00000,0,0.00000,109,0.00008,0,0.00000,0,0.00000,108,0.00010,0,0.00000,0,0.00000
Frankia alni,1859,S,0,0.00000,0,0.00000,0,0.00000,0,0.00000,0,0.00000,0,0.00000,0,0.00000,0,0.00000,109,0.00008,80,0.00010,103,0.00016,81,0.00008,0,0.00000,0,0.00000
Achromobacter veterisilvae,2069367,S,0,0.00000,0,0.00000,0,0.00000,0,0.00000,0,0.00000,0,0.00000,0,0.00000,0,0.00000,109,0.00008,0,0.00000,0,0.00000,1477,0.00137,0,0.00000,0,0.00000
Streptomyces clavifer,68188,S,0,0.00000,0,0.00000,0,0.00000,0,0.00000,0,0.00000,0,0.00000,0,0.00000,0,0.00000,108,0.00008,0,0.00000,0,0.00000,80,0.00007,0,0.00000,0,0.00000
Mycolicibacterium fortuitum,1766,S,0,0.00000,0,0.00000,0,0.00000,0,0.00000,0,0.00000,0,0.00000,0,0.00000,0,0.00000,108,0.00008,0,0.00000,120,0.00018,133,0.00012,0,0.00000,0,0.00000
Mycobacterium sp. ELW1,1547487,S,0,0.00000,0,0.00000,0,0.00000,0,0.00000,0,0.00000,0,0.00000,0,0.00000,0,0.00000,108,0.00008,0,0.00000,0,0.00000,111,0.00010,0,0.00000,0,0.00000
Salinispora tropica,168695,S,0,0.00000,0,0.00000,0,0.00000,0,0.00000,0,0.00000,0,0.00000,0,0.00000,0,0.00000,108,0.00008,57,0.00007,44,0.00007,62,0.00006,0,0.00000,0,0.00000
Pseudonocardia sp. HH130630-07,1690815,S,0,0.00000,0,0.00000,0,0.00000,0,0.00000,0,0.00000,0,0.00000,0,0.00000,0,0.00000,108,0.00008,173,0.00022,189,0.00029,295,0.00027,0,0.00000,0,0.00000
Arthrobacter sp. NEB 688,904039,S,0,0.00000,0,0.00000,0,0.00000,0,0.00000,0,0.00000,0,0.00000,0,0.00000,0,0.00000,108,0.00008,0,0.00000,0,0.00000,122,0.00011,0,0.00000,0,0.00000
Cellulomonas sp. NTE-D12,2962632,S,0,0.00000,0,0.00000,0,0.00000,0,0.00000,0,0.00000,0,0.00000,0,0.00000,0,0.00000,108,0.00008,0,0.00000,0,0.00000,58,0.00005,0,0.00000,0,0.00000
Stella humosa,94,S,0,0.00000,0,0.00000,0,0.00000,0,0.00000,0,0.00000,0,0.00000,0,0.00000,0,0.00000,108,0.00008,78,0.00010,192,0.00029,98,0.00009,0,0.00000,0,0.00000
Microvirgula aerodenitrificans,57480,S,0,0.00000,0,0.00000,0,0.00000,0,0.00000,0,0.00000,0,0.00000,0,0.00000,0,0.00000,108,0.00008,0,0.00000,0,0.00000,27,0.00003,0,0.00000,0,0.00000
Streptomyces sp. WMMC500,3015154,S,0,0.00000,0,0.00000,0,0.00000,0,0.00000,0,0.00000,0,0.00000,0,0.00000,0,0.00000,107,0.00008,68,0.00009,77,0.00012,116,0.00011,0,0.00000,0,0.00000
Streptomyces sp. NBC_00467,2975752,S,0,0.00000,0,0.00000,0,0.00000,0,0.00000,0,0.00000,0,0.00000,0,0.00000,0,0.00000,107,0.00008,0,0.00000,0,0.00000,0,0.00000,0,0.00000,0,0.00000
Streptomyces sp. NBC_00503,2903659,S,0,0.00000,0,0.00000,0,0.00000,0,0.00000,0,0.00000,0,0.00000,0,0.00000,0,0.00000,107,0.00008,0,0.00000,0,0.00000,0,0.00000,0,0.00000,0,0.00000
Micromonospora sp. WMMA2032,2039870,S,0,0.00000,0,0.00000,0,0.00000,0,0.00000,0,0.00000,0,0.00000,0,0.00000,0,0.00000,107,0.00008,0,0.00000,0,0.00000,0,0.00000,0,0.00000,0,0.00000
Amycolatopsis coloradensis,76021,S,0,0.00000,0,0.00000,0,0.00000,0,0.00000,0,0.00000,0,0.00000,0,0.00000,0,0.00000,107,0.00008,123,0.00016,0,0.00000,0,0.00000,0,0.00000,0,0.00000
Yimella sp. cx-51,2770551,S,0,0.00000,0,0.00000,0,0.00000,0,0.00000,0,0.00000,0,0.00000,0,0.00000,0,0.00000,107,0.00008,0,0.00000,62,0.00009,52,0.00005,0,0.00000,0,0.00000
Pengzhenrongella sicca,2819238,S,0,0.00000,0,0.00000,0,0.00000,0,0.00000,0,0.00000,0,0.00000,0,0.00000,0,0.00000,107,0.00008,77,0.00010,128,0.00019,74,0.00007,0,0.00000,0,0.00000
Kytococcus sedentarius,1276,S,0,0.00000,0,0.00000,0,0.00000,0,0.00000,0,0.00000,0,0.00000,0,0.00000,0,0.00000,107,0.00008,93,0.00012,0,0.00000,108,0.00010,0,0.00000,0,0.00000
Nocardioides piscis,2714938,S,0,0.00000,0,0.00000,0,0.00000,0,0.00000,0,0.00000,0,0.00000,0,0.00000,0,0.00000,107,0.00008,48,0.00006,153,0.00023,101,0.00009,0,0.00000,0,0.00000
Ilumatobacter coccineus,467094,S,0,0.00000,0,0.00000,0,0.00000,0,0.00000,0,0.00000,0,0.00000,0,0.00000,0,0.00000,107,0.00008,56,0.00007,116,0.00018,121,0.00011,0,0.00000,0,0.00000
Streptomyces sp. NBC_01803,2975946,S,0,0.00000,0,0.00000,0,0.00000,0,0.00000,0,0.00000,0,0.00000,0,0.00000,0,0.00000,106,0.00008,68,0.00009,79,0.00012,61,0.00006,0,0.00000,0,0.00000
Streptomyces alfalfae,1642299,S,0,0.00000,0,0.00000,0,0.00000,0,0.00000,0,0.00000,0,0.00000,0,0.00000,0,0.00000,106,0.00008,0,0.00000,100,0.00015,0,0.00000,0,0.00000,0,0.00000
Micromonospora terminaliae,1914461,S,0,0.00000,0,0.00000,0,0.00000,0,0.00000,0,0.00000,0,0.00000,0,0.00000,0,0.00000,106,0.00008,96,0.00012,125,0.00019,154,0.00014,0,0.00000,0,0.00000
Saccharomonospora cyanea,40989,S,0,0.00000,0,0.00000,0,0.00000,0,0.00000,0,0.00000,0,0.00000,0,0.00000,0,0.00000,106,0.00008,95,0.00012,115,0.00018,99,0.00009,0,0.00000,0,0.00000
Cutibacterium granulosum,33011,S,0,0.00000,0,0.00000,0,0.00000,0,0.00000,0,0.00000,0,0.00000,0,0.00000,0,0.00000,106,0.00008,0,0.00000,0,0.00000,84,0.00008,0,0.00000,0,0.00000
Luteimonas fraxinea,2901869,S,0,0.00000,0,0.00000,0,0.00000,0,0.00000,0,0.00000,0,0.00000,0,0.00000,0,0.00000,106,0.00008,0,0.00000,102,0.00016,65,0.00006,0,0.00000,0,0.00000
Pseudoxanthomonas suwonensis,314722,S,0,0.00000,0,0.00000,0,0.00000,0,0.00000,0,0.00000,0,0.00000,0,0.00000,0,0.00000,106,0.00008,0,0.00000,177,0.00027,233,0.00022,0,0.00000,0,0.00000
Geomonas nitrogeniifigens,2847991,S,0,0.00000,0,0.00000,0,0.00000,0,0.00000,0,0.00000,0,0.00000,0,0.00000,0,0.00000,106,0.00008,0,0.00000,96,0.00015,0,0.00000,0,0.00000,0,0.00000
Nocardia yamanashiensis,209247,S,0,0.00000,0,0.00000,0,0.00000,0,0.00000,0,0.00000,0,0.00000,0,0.00000,0,0.00000,105,0.00008,85,0.00011,60,0.00009,86,0.00008,0,0.00000,0,0.00000
Corynebacterium vitaeruminis,38305,S,0,0.00000,0,0.00000,0,0.00000,0,0.00000,0,0.00000,0,0.00000,0,0.00000,0,0.00000,105,0.00008,0,0.00000,0,0.00000,0,0.00000,0,0.00000,0,0.00000
Allobranchiibius sp. GilTou73,2904523,S,0,0.00000,0,0.00000,0,0.00000,0,0.00000,0,0.00000,0,0.00000,0,0.00000,0,0.00000,105,0.00008,59,0.00008,0,0.00000,54,0.00005,0,0.00000,0,0.00000
Nocardioides sp. BP30,3036374,S,0,0.00000,0,0.00000,0,0.00000,0,0.00000,0,0.00000,0,0.00000,0,0.00000,0,0.00000,105,0.00008,67,0.00009,85,0.00013,98,0.00009,0,0.00000,0,0.00000
Nocardioides sp. cx-173,2898796,S,0,0.00000,0,0.00000,0,0.00000,0,0.00000,0,0.00000,0,0.00000,0,0.00000,0,0.00000,105,0.00008,84,0.00011,181,0.00028,191,0.00018,0,0.00000,0,0.00000
Xanthomonas translucens,343,S,0,0.00000,0,0.00000,0,0.00000,0,0.00000,0,0.00000,0,0.00000,0,0.00000,0,0.00000,105,0.00008,0,0.00000,129,0.00020,219,0.00020,0,0.00000,0,0.00000
Streptomyces sp. NBC_01808,2975947,S,0,0.00000,0,0.00000,0,0.00000,0,0.00000,0,0.00000,0,0.00000,0,0.00000,0,0.00000,104,0.00007,0,0.00000,0,0.00000,0,0.00000,0,0.00000,0,0.00000
Cellulomonas fimi,1708,S,0,0.00000,0,0.00000,0,0.00000,0,0.00000,0,0.00000,0,0.00000,0,0.00000,0,0.00000,104,0.00007,0,0.00000,108,0.00016,135,0.00013,0,0.00000,0,0.00000
Intrasporangium calvum,53358,S,0,0.00000,0,0.00000,0,0.00000,0,0.00000,0,0.00000,0,0.00000,0,0.00000,0,0.00000,104,0.00007,47,0.00006,40,0.00006,101,0.00009,0,0.00000,0,0.00000
Streptomyces sp. Rer75,2750011,S,0,0.00000,0,0.00000,0,0.00000,0,0.00000,0,0.00000,0,0.00000,0,0.00000,0,0.00000,103,0.00007,0,0.00000,393,0.00060,304,0.00028,0,0.00000,0,0.00000
Streptomyces sp. C8S0,2585716,S,0,0.00000,0,0.00000,0,0.00000,0,0.00000,0,0.00000,0,0.00000,0,0.00000,0,0.00000,103,0.00007,0,0.00000,0,0.00000,0,0.00000,0,0.00000,0,0.00000
Arthrobacter sp. QXT-31,1357915,S,0,0.00000,0,0.00000,0,0.00000,0,0.00000,0,0.00000,0,0.00000,0,0.00000,0,0.00000,103,0.00007,149,0.00019,291,0.00044,786,0.00073,0,0.00000,0,0.00000
Cellulomonas sp. NS3,2973977,S,0,0.00000,0,0.00000,0,0.00000,0,0.00000,0,0.00000,0,0.00000,0,0.00000,0,0.00000,103,0.00007,0,0.00000,131,0.00020,74,0.00007,0,0.00000,0,0.00000
Rhizobacter sp. AJA081-3,2753607,S,0,0.00000,0,0.00000,0,0.00000,0,0.00000,0,0.00000,0,0.00000,0,0.00000,0,0.00000,103,0.00007,188,0.00024,227,0.00035,93,0.00009,0,0.00000,0,0.00000
Streptomyces sp. NBC_01317,2903822,S,0,0.00000,0,0.00000,0,0.00000,0,0.00000,0,0.00000,0,0.00000,0,0.00000,0,0.00000,102,0.00007,88,0.00011,88,0.00013,54,0.00005,0,0.00000,0,0.00000
Streptomyces sp. YPW6,2840373,S,0,0.00000,0,0.00000,0,0.00000,0,0.00000,0,0.00000,0,0.00000,0,0.00000,0,0.00000,102,0.00007,0,0.00000,0,0.00000,0,0.00000,0,0.00000,0,0.00000
Streptomyces vilmorinianum,3051092,S,0,0.00000,0,0.00000,0,0.00000,0,0.00000,0,0.00000,0,0.00000,0,0.00000,0,0.00000,102,0.00007,0,0.00000,0,0.00000,74,0.00007,0,0.00000,0,0.00000
Streptomyces roseochromogenus,285450,S,0,0.00000,0,0.00000,0,0.00000,0,0.00000,0,0.00000,0,0.00000,0,0.00000,0,0.00000,102,0.00007,0,0.00000,0,0.00000,0,0.00000,0,0.00000,0,0.00000
Mycolicibacterium chitae,1792,S,0,0.00000,0,0.00000,0,0.00000,0,0.00000,0,0.00000,0,0.00000,0,0.00000,0,0.00000,102,0.00007,0,0.00000,126,0.00019,84,0.00008,0,0.00000,0,0.00000
Amycolatopsis sp. NBC_01488,2903563,S,0,0.00000,0,0.00000,0,0.00000,0,0.00000,0,0.00000,0,0.00000,0,0.00000,0,0.00000,102,0.00007,67,0.00009,162,0.00025,182,0.00017,0,0.00000,0,0.00000
Amycolatopsis sp. WQ 127309,2932773,S,0,0.00000,0,0.00000,0,0.00000,0,0.00000,0,0.00000,0,0.00000,0,0.00000,0,0.00000,102,0.00007,112,0.00014,0,0.00000,297,0.00028,0,0.00000,0,0.00000
Micrococcus porci,2856555,S,0,0.00000,0,0.00000,0,0.00000,0,0.00000,0,0.00000,0,0.00000,0,0.00000,0,0.00000,102,0.00007,0,0.00000,0,0.00000,109,0.00010,0,0.00000,0,0.00000
Promicromonospora sp. Populi,3239420,S,0,0.00000,0,0.00000,0,0.00000,0,0.00000,0,0.00000,0,0.00000,0,0.00000,0,0.00000,102,0.00007,63,0.00008,64,0.00010,41,0.00004,0,0.00000,0,0.00000
Nocardioides panacisoli,627624,S,0,0.00000,0,0.00000,0,0.00000,0,0.00000,0,0.00000,0,0.00000,0,0.00000,0,0.00000,102,0.00007,58,0.00007,93,0.00014,90,0.00008,0,0.00000,0,0.00000
Guyparkeria halophila,47960,S,0,0.00000,0,0.00000,0,0.00000,0,0.00000,0,0.00000,0,0.00000,0,0.00000,0,0.00000,102,0.00007,0,0.00000,136,0.00021,0,0.00000,0,0.00000,0,0.00000
Nocardiopsis akebiae,2831968,S,0,0.00000,0,0.00000,0,0.00000,0,0.00000,0,0.00000,0,0.00000,0,0.00000,0,0.00000,101,0.00007,0,0.00000,0,0.00000,0,0.00000,0,0.00000,0,0.00000
Streptomyces sp. HUAS ZL42,3231715,S,0,0.00000,0,0.00000,0,0.00000,0,0.00000,0,0.00000,0,0.00000,0,0.00000,0,0.00000,101,0.00007,101,0.00013,158,0.00024,119,0.00011,0,0.00000,0,0.00000
Mycolicibacterium phlei,1771,S,0,0.00000,0,0.00000,0,0.00000,0,0.00000,0,0.00000,0,0.00000,0,0.00000,0,0.00000,101,0.00007,104,0.00013,84,0.00013,127,0.00012,0,0.00000,0,0.00000
Amycolatopsis sp. cg9,3238801,S,0,0.00000,0,0.00000,0,0.00000,0,0.00000,0,0.00000,0,0.00000,0,0.00000,0,0.00000,101,0.00007,51,0.00007,115,0.00018,194,0.00018,0,0.00000,0,0.00000
Saccharopolyspora sp. SCSIO 74807,3118084,S,0,0.00000,0,0.00000,0,0.00000,0,0.00000,0,0.00000,0,0.00000,0,0.00000,0,0.00000,101,0.00007,43,0.00005,721,0.00110,179,0.00017,0,0.00000,0,0.00000
Saccharopolyspora sp. ASAGF58,2719023,S,0,0.00000,0,0.00000,0,0.00000,0,0.00000,0,0.00000,0,0.00000,0,0.00000,0,0.00000,101,0.00007,70,0.00009,263,0.00040,137,0.00013,0,0.00000,0,0.00000
Cryobacterium sp. SO2,1897060,S,0,0.00000,0,0.00000,0,0.00000,0,0.00000,0,0.00000,0,0.00000,0,0.00000,0,0.00000,101,0.00007,0,0.00000,0,0.00000,0,0.00000,0,0.00000,0,0.00000
Nakamurella sp. A5-74,3158264,S,0,0.00000,0,0.00000,0,0.00000,0,0.00000,0,0.00000,0,0.00000,0,0.00000,0,0.00000,101,0.00007,48,0.00006,30,0.00005,52,0.00005,0,0.00000,0,0.00000
Haliangium ochraceum,80816,S,0,0.00000,0,0.00000,0,0.00000,0,0.00000,0,0.00000,0,0.00000,0,0.00000,0,0.00000,101,0.00007,52,0.00007,274,0.00042,80,0.00007,0,0.00000,0,0.00000
Streptomyces roseirectus,2768066,S,0,0.00000,0,0.00000,0,0.00000,0,0.00000,0,0.00000,0,0.00000,0,0.00000,0,0.00000,100,0.00007,0,0.00000,98,0.00015,55,0.00005,0,0.00000,0,0.00000
Rhodococcus antarcticus,2987751,S,0,0.00000,0,0.00000,0,0.00000,0,0.00000,0,0.00000,0,0.00000,0,0.00000,0,0.00000,100,0.00007,42,0.00005,57,0.00009,79,0.00007,0,0.00000,0,0.00000
Amycolatopsis sp. FU40,2914159,S,0,0.00000,0,0.00000,0,0.00000,0,0.00000,0,0.00000,0,0.00000,0,0.00000,0,0.00000,100,0.00007,52,0.00007,148,0.00023,72,0.00007,0,0.00000,0,0.00000
Amycolatopsis sp. FBCC-B4732,3079339,S,0,0.00000,0,0.00000,0,0.00000,0,0.00000,0,0.00000,0,0.00000,0,0.00000,0,0.00000,100,0.00007,63,0.00008,149,0.00023,113,0.00011,0,0.00000,0,0.00000
Cellulomonas chengniuliangii,2968084,S,0,0.00000,0,0.00000,0,0.00000,0,0.00000,0,0.00000,0,0.00000,0,0.00000,0,0.00000,100,0.00007,73,0.00009,0,0.00000,0,0.00000,0,0.00000,0,0.00000
Phycicoccus endophyticus,1690220,S,0,0.00000,0,0.00000,0,0.00000,0,0.00000,0,0.00000,0,0.00000,0,0.00000,0,0.00000,100,0.00007,59,0.00008,72,0.00011,69,0.00006,0,0.00000,0,0.00000
Frankia sp. ArI3,1858,S,0,0.00000,0,0.00000,0,0.00000,0,0.00000,0,0.00000,0,0.00000,0,0.00000,0,0.00000,100,0.00007,37,0.00005,57,0.00009,51,0.00005,0,0.00000,0,0.00000
Massilia violaceinigra,2045208,S,0,0.00000,0,0.00000,0,0.00000,0,0.00000,0,0.00000,0,0.00000,0,0.00000,0,0.00000,100,0.00007,0,0.00000,94,0.00014,141,0.00013,0,0.00000,0,0.00000
Mycobacterium sp. ITM-2016-00317,2099694,S,0,0.00000,0,0.00000,0,0.00000,0,0.00000,0,0.00000,0,0.00000,0,0.00000,0,0.00000,99,0.00007,0,0.00000,130,0.00020,80,0.00007,0,0.00000,0,0.00000
Mycolicibacter terrae,1788,S,0,0.00000,0,0.00000,0,0.00000,0,0.00000,0,0.00000,0,0.00000,0,0.00000,0,0.00000,99,0.00007,0,0.00000,100,0.00015,724,0.00067,0,0.00000,0,0.00000
Cryobacterium soli,2220095,S,0,0.00000,0,0.00000,0,0.00000,0,0.00000,0,0.00000,0,0.00000,0,0.00000,0,0.00000,99,0.00007,0,0.00000,0,0.00000,0,0.00000,0,0.00000,0,0.00000
Cellulomonas shaoxiangyii,2566013,S,0,0.00000,0,0.00000,0,0.00000,0,0.00000,0,0.00000,0,0.00000,0,0.00000,0,0.00000,99,0.00007,73,0.00009,0,0.00000,0,0.00000,0,0.00000,0,0.00000
Nocardioides humi,449461,S,0,0.00000,0,0.00000,0,0.00000,0,0.00000,0,0.00000,0,0.00000,0,0.00000,0,0.00000,99,0.00007,54,0.00007,158,0.00024,176,0.00016,0,0.00000,0,0.00000
Cutibacterium avidum,33010,S,0,0.00000,0,0.00000,0,0.00000,0,0.00000,0,0.00000,0,0.00000,0,0.00000,0,0.00000,99,0.00007,0,0.00000,0,0.00000,96,0.00009,0,0.00000,0,0.00000
Flaviflexus salsibiostraticola,1282737,S,0,0.00000,0,0.00000,0,0.00000,0,0.00000,0,0.00000,0,0.00000,0,0.00000,0,0.00000,99,0.00007,0,0.00000,0,0.00000,71,0.00007,0,0.00000,0,0.00000
Rhodanobacter denitrificans,666685,S,0,0.00000,0,0.00000,0,0.00000,0,0.00000,0,0.00000,0,0.00000,0,0.00000,0,0.00000,99,0.00007,0,0.00000,85,0.00013,745,0.00069,0,0.00000,0,0.00000
Nocardia sp. PE-7,3058426,S,0,0.00000,0,0.00000,0,0.00000,0,0.00000,0,0.00000,0,0.00000,0,0.00000,0,0.00000,98,0.00007,0,0.00000,0,0.00000,141,0.00013,0,0.00000,0,0.00000
Nocardia wallacei,480035,S,0,0.00000,0,0.00000,0,0.00000,0,0.00000,0,0.00000,0,0.00000,0,0.00000,0,0.00000,98,0.00007,53,0.00007,101,0.00015,93,0.00009,0,0.00000,0,0.00000
Nocardioides aquaticus,160826,S,0,0.00000,0,0.00000,0,0.00000,0,0.00000,0,0.00000,0,0.00000,0,0.00000,0,0.00000,98,0.00007,0,0.00000,133,0.00020,113,0.00011,0,0.00000,0,0.00000
Aeromicrobium sp. Leaf245,1736306,S,0,0.00000,0,0.00000,0,0.00000,0,0.00000,0,0.00000,0,0.00000,0,0.00000,0,0.00000,98,0.00007,0,0.00000,85,0.00013,176,0.00016,0,0.00000,0,0.00000
Bradyrhizobium sp. Ash2021,2954771,S,0,0.00000,0,0.00000,0,0.00000,0,0.00000,0,0.00000,0,0.00000,0,0.00000,0,0.00000,98,0.00007,72,0.00009,456,0.00069,276,0.00026,0,0.00000,0,0.00000
Massilia sp. METH4,3123041,S,0,0.00000,0,0.00000,0,0.00000,0,0.00000,0,0.00000,0,0.00000,0,0.00000,0,0.00000,98,0.00007,0,0.00000,114,0.00017,54,0.00005,0,0.00000,0,0.00000
Aquirufa nivalisilvae,2516557,S,0,0.00000,0,0.00000,0,0.00000,0,0.00000,0,0.00000,0,0.00000,0,0.00000,0,0.00000,98,0.00007,0,0.00000,314,0.00048,60,0.00006,0,0.00000,0,0.00000
Streptomyces sp. NBC_01426,2975866,S,0,0.00000,0,0.00000,0,0.00000,0,0.00000,0,0.00000,0,0.00000,0,0.00000,0,0.00000,97,0.00007,0,0.00000,132,0.00020,0,0.00000,0,0.00000,0,0.00000
Actinoalloteichus hymeniacidonis,340345,S,0,0.00000,0,0.00000,0,0.00000,0,0.00000,0,0.00000,0,0.00000,0,0.00000,0,0.00000,97,0.00007,49,0.00006,71,0.00011,64,0.00006,0,0.00000,0,0.00000
Janibacter sp. DB-40,3028808,S,0,0.00000,0,0.00000,0,0.00000,0,0.00000,0,0.00000,0,0.00000,0,0.00000,0,0.00000,97,0.00007,0,0.00000,0,0.00000,55,0.00005,0,0.00000,0,0.00000
Bradyrhizobium daqingense,993502,S,0,0.00000,0,0.00000,0,0.00000,0,0.00000,0,0.00000,0,0.00000,0,0.00000,0,0.00000,97,0.00007,0,0.00000,123,0.00019,0,0.00000,0,0.00000,0,0.00000
Azospirillum thermophilum,2202148,S,0,0.00000,0,0.00000,0,0.00000,0,0.00000,0,0.00000,0,0.00000,0,0.00000,0,0.00000,97,0.00007,0,0.00000,215,0.00033,63,0.00006,0,0.00000,0,0.00000
Mitsuaria sp. 7,1658665,S,0,0.00000,0,0.00000,0,0.00000,0,0.00000,0,0.00000,0,0.00000,0,0.00000,0,0.00000,97,0.00007,80,0.00010,192,0.00029,45,0.00004,0,0.00000,0,0.00000
Niveibacterium sp. SC-1,3135646,S,0,0.00000,0,0.00000,0,0.00000,0,0.00000,0,0.00000,0,0.00000,0,0.00000,0,0.00000,97,0.00007,0,0.00000,104,0.00016,21,0.00002,0,0.00000,0,0.00000
Streptomyces sp. NBC_00414,2975739,S,0,0.00000,0,0.00000,0,0.00000,0,0.00000,0,0.00000,0,0.00000,0,0.00000,0,0.00000,96,0.00007,0,0.00000,91,0.00014,78,0.00007,0,0.00000,0,0.00000
Plantactinospora sp. BC1,2108470,S,0,0.00000,0,0.00000,0,0.00000,0,0.00000,0,0.00000,0,0.00000,0,0.00000,0,0.00000,96,0.00007,0,0.00000,0,0.00000,0,0.00000,0,0.00000,0,0.00000
Solwaraspora sp. WMMD937,3016090,S,0,0.00000,0,0.00000,0,0.00000,0,0.00000,0,0.00000,0,0.00000,0,0.00000,0,0.00000,96,0.00007,0,0.00000,0,0.00000,106,0.00010,0,0.00000,0,0.00000
Acidothermus cellulolyticus,28049,S,0,0.00000,0,0.00000,0,0.00000,0,0.00000,0,0.00000,0,0.00000,0,0.00000,0,0.00000,96,0.00007,46,0.00006,32,0.00005,30,0.00003,0,0.00000,0,0.00000
Leptolyngbya sp. 7M,2812896,S,0,0.00000,0,0.00000,0,0.00000,0,0.00000,0,0.00000,0,0.00000,0,0.00000,0,0.00000,96,0.00007,0,0.00000,541,0.00082,119,0.00011,0,0.00000,0,0.00000
Lysobacter oculi,2698682,S,0,0.00000,0,0.00000,0,0.00000,0,0.00000,0,0.00000,0,0.00000,0,0.00000,0,0.00000,96,0.00007,0,0.00000,0,0.00000,57,0.00005,0,0.00000,0,0.00000
Aquibium microcysteis,675281,S,0,0.00000,0,0.00000,0,0.00000,0,0.00000,0,0.00000,0,0.00000,0,0.00000,0,0.00000,95,0.00007,0,0.00000,208,0.00032,93,0.00009,0,0.00000,0,0.00000
Streptomyces sp. NBC_00663,2975801,S,0,0.00000,0,0.00000,0,0.00000,0,0.00000,0,0.00000,0,0.00000,0,0.00000,0,0.00000,94,0.00007,0,0.00000,153,0.00023,168,0.00016,0,0.00000,0,0.00000
Streptomyces sp. BB1-1-1,3074430,S,0,0.00000,0,0.00000,0,0.00000,0,0.00000,0,0.00000,0,0.00000,0,0.00000,0,0.00000,94,0.00007,163,0.00021,0,0.00000,0,0.00000,0,0.00000,0,0.00000
Streptomyces genisteinicus,2768068,S,0,0.00000,0,0.00000,0,0.00000,0,0.00000,0,0.00000,0,0.00000,0,0.00000,0,0.00000,94,0.00007,0,0.00000,93,0.00014,88,0.00008,0,0.00000,0,0.00000
Mycolicibacterium fluoranthenivorans,258505,S,0,0.00000,0,0.00000,0,0.00000,0,0.00000,0,0.00000,0,0.00000,0,0.00000,0,0.00000,94,0.00007,66,0.00008,178,0.00027,139,0.00013,0,0.00000,0,0.00000
Mycolicibacterium doricum,126673,S,0,0.00000,0,0.00000,0,0.00000,0,0.00000,0,0.00000,0,0.00000,0,0.00000,0,0.00000,94,0.00007,67,0.00009,0,0.00000,67,0.00006,0,0.00000,0,0.00000
Occultella kanbiaonis,2675754,S,0,0.00000,0,0.00000,0,0.00000,0,0.00000,0,0.00000,0,0.00000,0,0.00000,0,0.00000,94,0.00007,47,0.00006,75,0.00011,59,0.00005,0,0.00000,0,0.00000
Solicola gregarius,2908642,S,0,0.00000,0,0.00000,0,0.00000,0,0.00000,0,0.00000,0,0.00000,0,0.00000,0,0.00000,94,0.00007,68,0.00009,125,0.00019,226,0.00021,0,0.00000,0,0.00000
Propioniciclava soli,2775081,S,0,0.00000,0,0.00000,0,0.00000,0,0.00000,0,0.00000,0,0.00000,0,0.00000,0,0.00000,94,0.00007,102,0.00013,0,0.00000,118,0.00011,0,0.00000,0,0.00000
Nakamurella sp. PAMC28650,2762325,S,0,0.00000,0,0.00000,0,0.00000,0,0.00000,0,0.00000,0,0.00000,0,0.00000,0,0.00000,94,0.00007,77,0.00010,39,0.00006,51,0.00005,0,0.00000,0,0.00000
Azospirillum thiophilum,528244,S,0,0.00000,0,0.00000,0,0.00000,0,0.00000,0,0.00000,0,0.00000,0,0.00000,0,0.00000,94,0.00007,0,0.00000,77,0.00012,0,0.00000,0,0.00000,0,0.00000
Cereibacter sphaeroides,1063,S,0,0.00000,0,0.00000,0,0.00000,0,0.00000,0,0.00000,0,0.00000,0,0.00000,0,0.00000,94,0.00007,0,0.00000,67,0.00010,90,0.00008,0,0.00000,0,0.00000
Streptomyces camelliae,3004093,S,0,0.00000,0,0.00000,0,0.00000,0,0.00000,0,0.00000,0,0.00000,0,0.00000,0,0.00000,93,0.00007,127,0.00016,0,0.00000,125,0.00012,0,0.00000,0,0.00000
Mycolicibacterium aichiense,1799,S,0,0.00000,0,0.00000,0,0.00000,0,0.00000,0,0.00000,0,0.00000,0,0.00000,0,0.00000,93,0.00007,0,0.00000,0,0.00000,79,0.00007,0,0.00000,0,0.00000
Agromyces archimandritae,2781962,S,0,0.00000,0,0.00000,0,0.00000,0,0.00000,0,0.00000,0,0.00000,0,0.00000,0,0.00000,93,0.00007,0,0.00000,0,0.00000,49,0.00005,0,0.00000,0,0.00000
Nocardioides sambongensis,2589074,S,0,0.00000,0,0.00000,0,0.00000,0,0.00000,0,0.00000,0,0.00000,0,0.00000,0,0.00000,93,0.00007,0,0.00000,120,0.00018,151,0.00014,0,0.00000,0,0.00000
Nocardioides pantholopis,2483798,S,0,0.00000,0,0.00000,0,0.00000,0,0.00000,0,0.00000,0,0.00000,0,0.00000,0,0.00000,93,0.00007,65,0.00008,160,0.00024,169,0.00016,0,0.00000,0,0.00000
Sphingosinicella sp. BN140058,1892855,S,0,0.00000,0,0.00000,0,0.00000,0,0.00000,0,0.00000,0,0.00000,0,0.00000,0,0.00000,93,0.00007,0,0.00000,170,0.00026,43,0.00004,0,0.00000,0,0.00000
Myxococcus stipitatus,83455,S,0,0.00000,0,0.00000,0,0.00000,0,0.00000,0,0.00000,0,0.00000,0,0.00000,0,0.00000,93,0.00007,0,0.00000,113,0.00017,52,0.00005,0,0.00000,0,0.00000
Streptomyces sp. ST1015,1848900,S,0,0.00000,0,0.00000,0,0.00000,0,0.00000,0,0.00000,0,0.00000,0,0.00000,0,0.00000,92,0.00007,71,0.00009,94,0.00014,83,0.00008,0,0.00000,0,0.00000
Mycolicibacterium moriokaense,39691,S,0,0.00000,0,0.00000,0,0.00000,0,0.00000,0,0.00000,0,0.00000,0,0.00000,0,0.00000,92,0.00007,62,0.00008,87,0.00013,127,0.00012,0,0.00000,0,0.00000
Gordonia phthalatica,1136941,S,0,0.00000,0,0.00000,0,0.00000,0,0.00000,0,0.00000,0,0.00000,0,0.00000,0,0.00000,92,0.00007,0,0.00000,0,0.00000,94,0.00009,0,0.00000,0,0.00000
Nocardioides renjunii,3095075,S,0,0.00000,0,0.00000,0,0.00000,0,0.00000,0,0.00000,0,0.00000,0,0.00000,0,0.00000,92,0.00007,0,0.00000,155,0.00024,143,0.00013,0,0.00000,0,0.00000
Singulisphaera acidiphila,466153,S,0,0.00000,0,0.00000,0,0.00000,0,0.00000,0,0.00000,0,0.00000,0,0.00000,0,0.00000,92,0.00007,47,0.00006,271,0.00041,288,0.00027,0,0.00000,0,0.00000
Anaeromyxobacter oryzae,2918170,S,0,0.00000,0,0.00000,0,0.00000,0,0.00000,0,0.00000,0,0.00000,0,0.00000,0,0.00000,92,0.00007,36,0.00005,207,0.00032,105,0.00010,0,0.00000,0,0.00000
Tomitella fengzijianii,2597660,S,0,0.00000,0,0.00000,0,0.00000,0,0.00000,0,0.00000,0,0.00000,0,0.00000,0,0.00000,91,0.00007,0,0.00000,64,0.00010,50,0.00005,0,0.00000,0,0.00000
Verrucosispora sp. WMMD573,3015149,S,0,0.00000,0,0.00000,0,0.00000,0,0.00000,0,0.00000,0,0.00000,0,0.00000,0,0.00000,91,0.00007,56,0.00007,67,0.00010,85,0.00008,0,0.00000,0,0.00000
Saccharomonospora glauca,40990,S,0,0.00000,0,0.00000,0,0.00000,0,0.00000,0,0.00000,0,0.00000,0,0.00000,0,0.00000,91,0.00007,52,0.00007,121,0.00018,139,0.00013,0,0.00000,0,0.00000
Rathayibacter sp. SW19,3144168,S,0,0.00000,0,0.00000,0,0.00000,0,0.00000,0,0.00000,0,0.00000,0,0.00000,0,0.00000,91,0.00007,56,0.00007,0,0.00000,65,0.00006,0,0.00000,0,0.00000
Arthrobacter sp. EM1,3043847,S,0,0.00000,0,0.00000,0,0.00000,0,0.00000,0,0.00000,0,0.00000,0,0.00000,0,0.00000,91,0.00007,0,0.00000,0,0.00000,0,0.00000,0,0.00000,0,0.00000
Nocardioides yefusunii,2500546,S,0,0.00000,0,0.00000,0,0.00000,0,0.00000,0,0.00000,0,0.00000,0,0.00000,0,0.00000,91,0.00007,63,0.00008,98,0.00015,85,0.00008,0,0.00000,0,0.00000
Rhodopseudomonas sp. P2A-2r,2991972,S,0,0.00000,0,0.00000,0,0.00000,0,0.00000,0,0.00000,0,0.00000,0,0.00000,0,0.00000,91,0.00007,75,0.00010,218,0.00033,149,0.00014,0,0.00000,0,0.00000
Vulgatibacter incomptus,1391653,S,0,0.00000,0,0.00000,0,0.00000,0,0.00000,0,0.00000,0,0.00000,0,0.00000,0,0.00000,91,0.00007,0,0.00000,135,0.00021,53,0.00005,0,0.00000,0,0.00000
Mycolicibacillus koreensis,1069220,S,0,0.00000,0,0.00000,0,0.00000,0,0.00000,0,0.00000,0,0.00000,0,0.00000,0,0.00000,90,0.00006,74,0.00009,0,0.00000,52,0.00005,0,0.00000,0,0.00000
Nitratireductor thuwali,2267699,S,0,0.00000,0,0.00000,0,0.00000,0,0.00000,0,0.00000,0,0.00000,0,0.00000,0,0.00000,90,0.00006,0,0.00000,153,0.00023,92,0.00009,0,0.00000,0,0.00000
Caldimonas brevitalea,413882,S,0,0.00000,0,0.00000,0,0.00000,0,0.00000,0,0.00000,0,0.00000,0,0.00000,0,0.00000,90,0.00006,0,0.00000,73,0.00011,35,0.00003,0,0.00000,0,0.00000
Streptomyces sp. NBC_01351,2903833,S,0,0.00000,0,0.00000,0,0.00000,0,0.00000,0,0.00000,0,0.00000,0,0.00000,0,0.00000,89,0.00006,0,0.00000,99,0.00015,87,0.00008,0,0.00000,0,0.00000
Streptomyces liangshanensis,2717324,S,0,0.00000,0,0.00000,0,0.00000,0,0.00000,0,0.00000,0,0.00000,0,0.00000,0,0.00000,89,0.00006,162,0.00021,126,0.00019,124,0.00012,0,0.00000,0,0.00000
Streptomyces aquilus,2548456,S,0,0.00000,0,0.00000,0,0.00000,0,0.00000,0,0.00000,0,0.00000,0,0.00000,0,0.00000,89,0.00006,0,0.00000,0,0.00000,125,0.00012,0,0.00000,0,0.00000
Mycolicibacterium smegmatis,1772,S,0,0.00000,0,0.00000,0,0.00000,0,0.00000,0,0.00000,0,0.00000,0,0.00000,0,0.00000,89,0.00006,82,0.00010,89,0.00014,113,0.00011,0,0.00000,0,0.00000
Mycolicibacterium gadium,1794,S,0,0.00000,0,0.00000,0,0.00000,0,0.00000,0,0.00000,0,0.00000,0,0.00000,0,0.00000,89,0.00006,116,0.00015,202,0.00031,172,0.00016,0,0.00000,0,0.00000
Nocardioides euryhalodurans,2518370,S,0,0.00000,0,0.00000,0,0.00000,0,0.00000,0,0.00000,0,0.00000,0,0.00000,0,0.00000,89,0.00006,0,0.00000,202,0.00031,211,0.00020,0,0.00000,0,0.00000
Phreatobacter stygius,1940610,S,0,0.00000,0,0.00000,0,0.00000,0,0.00000,0,0.00000,0,0.00000,0,0.00000,0,0.00000,89,0.00006,0,0.00000,182,0.00028,112,0.00010,0,0.00000,0,0.00000
Caulobacter vibrioides,155892,S,0,0.00000,0,0.00000,0,0.00000,0,0.00000,0,0.00000,0,0.00000,0,0.00000,0,0.00000,89,0.00006,0,0.00000,0,0.00000,64,0.00006,0,0.00000,0,0.00000
Streptomyces sp. NBC_00582,2975783,S,0,0.00000,0,0.00000,0,0.00000,0,0.00000,0,0.00000,0,0.00000,0,0.00000,0,0.00000,88,0.00006,0,0.00000,0,0.00000,69,0.00006,0,0.00000,0,0.00000
Streptomyces changanensis,2964669,S,0,0.00000,0,0.00000,0,0.00000,0,0.00000,0,0.00000,0,0.00000,0,0.00000,0,0.00000,88,0.00006,0,0.00000,0,0.00000,0,0.00000,0,0.00000,0,0.00000
Mycolicibacterium mageritense,53462,S,0,0.00000,0,0.00000,0,0.00000,0,0.00000,0,0.00000,0,0.00000,0,0.00000,0,0.00000,88,0.00006,90,0.00011,82,0.00012,79,0.00007,0,0.00000,0,0.00000
Rhodococcus sp. MTM3W5.2,1805827,S,0,0.00000,0,0.00000,0,0.00000,0,0.00000,0,0.00000,0,0.00000,0,0.00000,0,0.00000,88,0.00006,55,0.00007,96,0.00015,257,0.00024,0,0.00000,0,0.00000
Actinocatenispora sera,390989,S,0,0.00000,0,0.00000,0,0.00000,0,0.00000,0,0.00000,0,0.00000,0,0.00000,0,0.00000,88,0.00006,75,0.00010,61,0.00009,134,0.00012,0,0.00000,0,0.00000
Saccharomonospora xinjiangensis,75294,S,0,0.00000,0,0.00000,0,0.00000,0,0.00000,0,0.00000,0,0.00000,0,0.00000,0,0.00000,88,0.00006,48,0.00006,36,0.00005,82,0.00008,0,0.00000,0,0.00000
Cellulomonas sp. C5510,2871170,S,0,0.00000,0,0.00000,0,0.00000,0,0.00000,0,0.00000,0,0.00000,0,0.00000,0,0.00000,88,0.00006,0,0.00000,0,0.00000,72,0.00007,0,0.00000,0,0.00000
Cellulomonas taurus,2729175,S,0,0.00000,0,0.00000,0,0.00000,0,0.00000,0,0.00000,0,0.00000,0,0.00000,0,0.00000,88,0.00006,80,0.00010,0,0.00000,0,0.00000,0,0.00000,0,0.00000
Microlunatus phosphovorus,29405,S,0,0.00000,0,0.00000,0,0.00000,0,0.00000,0,0.00000,0,0.00000,0,0.00000,0,0.00000,88,0.00006,33,0.00004,76,0.00012,92,0.00009,0,0.00000,0,0.00000
Sphingomonas profundi,2681549,S,0,0.00000,0,0.00000,0,0.00000,0,0.00000,0,0.00000,0,0.00000,0,0.00000,0,0.00000,88,0.00006,0,0.00000,142,0.00022,0,0.00000,0,0.00000,0,0.00000
Nitrogeniibacter mangrovi,2016596,S,0,0.00000,0,0.00000,0,0.00000,0,0.00000,0,0.00000,0,0.00000,0,0.00000,0,0.00000,88,0.00006,0,0.00000,127,0.00019,20,0.00002,0,0.00000,0,0.00000
Mycolicibacterium madagascariense,212765,S,0,0.00000,0,0.00000,0,0.00000,0,0.00000,0,0.00000,0,0.00000,0,0.00000,0,0.00000,87,0.00006,62,0.00008,72,0.00011,91,0.00008,0,0.00000,0,0.00000
Cellulomonas sp. H30R-01,2704467,S,0,0.00000,0,0.00000,0,0.00000,0,0.00000,0,0.00000,0,0.00000,0,0.00000,0,0.00000,87,0.00006,0,0.00000,0,0.00000,79,0.00007,0,0.00000,0,0.00000
Nocardioides aromaticivorans,200618,S,0,0.00000,0,0.00000,0,0.00000,0,0.00000,0,0.00000,0,0.00000,0,0.00000,0,0.00000,87,0.00006,55,0.00007,245,0.00037,121,0.00011,0,0.00000,0,0.00000
Salinarimonas sp.,2766526,S,0,0.00000,0,0.00000,0,0.00000,0,0.00000,0,0.00000,0,0.00000,0,0.00000,0,0.00000,87,0.00006,0,0.00000,256,0.00039,94,0.00009,0,0.00000,0,0.00000
Archangium violaceum,83451,S,0,0.00000,0,0.00000,0,0.00000,0,0.00000,0,0.00000,0,0.00000,0,0.00000,0,0.00000,87,0.00006,117,0.00015,271,0.00041,143,0.00013,0,0.00000,0,0.00000
Mycolicibacterium brumae,85968,S,0,0.00000,0,0.00000,0,0.00000,0,0.00000,0,0.00000,0,0.00000,0,0.00000,0,0.00000,86,0.00006,0,0.00000,0,0.00000,118,0.00011,0,0.00000,0,0.00000
Corynebacterium sphenisci,191493,S,0,0.00000,0,0.00000,0,0.00000,0,0.00000,0,0.00000,0,0.00000,0,0.00000,0,0.00000,86,0.00006,0,0.00000,0,0.00000,130,0.00012,0,0.00000,0,0.00000
Gordonia iterans,1004901,S,0,0.00000,0,0.00000,0,0.00000,0,0.00000,0,0.00000,0,0.00000,0,0.00000,0,0.00000,86,0.00006,0,0.00000,0,0.00000,65,0.00006,0,0.00000,0,0.00000
Amycolatopsis sp. EV170708-02-1,2919322,S,0,0.00000,0,0.00000,0,0.00000,0,0.00000,0,0.00000,0,0.00000,0,0.00000,0,0.00000,86,0.00006,0,0.00000,0,0.00000,87,0.00008,0,0.00000,0,0.00000
Arthrobacter sp. PAMC25564,2565366,S,0,0.00000,0,0.00000,0,0.00000,0,0.00000,0,0.00000,0,0.00000,0,0.00000,0,0.00000,86,0.00006,0,0.00000,0,0.00000,84,0.00008,0,0.00000,0,0.00000
Blastococcus sp. HT6-30,3144843,S,0,0.00000,0,0.00000,0,0.00000,0,0.00000,0,0.00000,0,0.00000,0,0.00000,0,0.00000,86,0.00006,0,0.00000,129,0.00020,149,0.00014,0,0.00000,0,0.00000
uncultured Pseudodesulfovibrio sp.,2035858,S,0,0.00000,0,0.00000,0,0.00000,0,0.00000,0,0.00000,0,0.00000,0,0.00000,0,0.00000,86,0.00006,0,0.00000,0,0.00000,0,0.00000,0,0.00000,0,0.00000
Micromonospora auratinigra,261654,S,0,0.00000,0,0.00000,0,0.00000,0,0.00000,0,0.00000,0,0.00000,0,0.00000,0,0.00000,85,0.00006,0,0.00000,0,0.00000,0,0.00000,0,0.00000,0,0.00000
Nocardioides marmorisolisilvae,1542737,S,0,0.00000,0,0.00000,0,0.00000,0,0.00000,0,0.00000,0,0.00000,0,0.00000,0,0.00000,85,0.00006,59,0.00008,137,0.00021,164,0.00015,0,0.00000,0,0.00000
Nocardioides marinisabuli,419476,S,0,0.00000,0,0.00000,0,0.00000,0,0.00000,0,0.00000,0,0.00000,0,0.00000,0,0.00000,85,0.00006,114,0.00015,177,0.00027,122,0.00011,0,0.00000,0,0.00000
Serinicoccus profundi,1078471,S,0,0.00000,0,0.00000,0,0.00000,0,0.00000,0,0.00000,0,0.00000,0,0.00000,0,0.00000,84,0.00006,88,0.00011,0,0.00000,90,0.00008,0,0.00000,0,0.00000
Schaalia odontolytica,1660,S,0,0.00000,0,0.00000,0,0.00000,0,0.00000,0,0.00000,0,0.00000,0,0.00000,0,0.00000,84,0.00006,53,0.00007,0,0.00000,45,0.00004,0,0.00000,0,0.00000
Egicoccus halophilus,1670830,S,0,0.00000,0,0.00000,0,0.00000,0,0.00000,0,0.00000,0,0.00000,0,0.00000,0,0.00000,84,0.00006,69,0.00009,157,0.00024,165,0.00015,0,0.00000,0,0.00000
Acuticoccus sp. I52.16.1,2928472,S,0,0.00000,0,0.00000,0,0.00000,0,0.00000,0,0.00000,0,0.00000,0,0.00000,0,0.00000,84,0.00006,0,0.00000,151,0.00023,44,0.00004,0,0.00000,0,0.00000
Pseudoduganella lutea,321985,S,0,0.00000,0,0.00000,0,0.00000,0,0.00000,0,0.00000,0,0.00000,0,0.00000,0,0.00000,84,0.00006,0,0.00000,0,0.00000,45,0.00004,0,0.00000,0,0.00000
Streptomyces sp. Je 1-369,2966192,S,0,0.00000,0,0.00000,0,0.00000,0,0.00000,0,0.00000,0,0.00000,0,0.00000,0,0.00000,83,0.00006,0,0.00000,0,0.00000,0,0.00000,0,0.00000,0,0.00000
Micromonospora ferruginea,2749844,S,0,0.00000,0,0.00000,0,0.00000,0,0.00000,0,0.00000,0,0.00000,0,0.00000,0,0.00000,83,0.00006,0,0.00000,0,0.00000,0,0.00000,0,0.00000,0,0.00000
Dactylosporangium vinaceum,53362,S,0,0.00000,0,0.00000,0,0.00000,0,0.00000,0,0.00000,0,0.00000,0,0.00000,0,0.00000,83,0.00006,51,0.00007,152,0.00023,91,0.00008,0,0.00000,0,0.00000
Arthrobacter sp. PM3,2017685,S,0,0.00000,0,0.00000,0,0.00000,0,0.00000,0,0.00000,0,0.00000,0,0.00000,0,0.00000,83,0.00006,0,0.00000,0,0.00000,55,0.00005,0,0.00000,0,0.00000
Nostocoides sp. HKS02,1813880,S,0,0.00000,0,0.00000,0,0.00000,0,0.00000,0,0.00000,0,0.00000,0,0.00000,0,0.00000,83,0.00006,57,0.00007,0,0.00000,72,0.00007,0,0.00000,0,0.00000
Mumia sp. Pv4-285,3234852,S,0,0.00000,0,0.00000,0,0.00000,0,0.00000,0,0.00000,0,0.00000,0,0.00000,0,0.00000,83,0.00006,0,0.00000,103,0.00016,156,0.00015,0,0.00000,0,0.00000
Immundisolibacter cernigliae,1810504,S,0,0.00000,0,0.00000,0,0.00000,0,0.00000,0,0.00000,0,0.00000,0,0.00000,0,0.00000,83,0.00006,0,0.00000,274,0.00042,31,0.00003,0,0.00000,0,0.00000
Leptothrix cholodnii,34029,S,0,0.00000,0,0.00000,0,0.00000,0,0.00000,0,0.00000,0,0.00000,0,0.00000,0,0.00000,83,0.00006,0,0.00000,191,0.00029,44,0.00004,0,0.00000,0,0.00000
Streptomyces sp. 3214.6,1882757,S,0,0.00000,0,0.00000,0,0.00000,0,0.00000,0,0.00000,0,0.00000,0,0.00000,0,0.00000,82,0.00006,0,0.00000,0,0.00000,81,0.00008,0,0.00000,0,0.00000
Paenibacillus albicereus,2726185,S,0,0.00000,0,0.00000,0,0.00000,0,0.00000,0,0.00000,0,0.00000,0,0.00000,0,0.00000,82,0.00006,0,0.00000,0,0.00000,0,0.00000,0,0.00000,0,0.00000
Mycobacterium sp. ITM-2016-00318,2099693,S,0,0.00000,0,0.00000,0,0.00000,0,0.00000,0,0.00000,0,0.00000,0,0.00000,0,0.00000,81,0.00006,75,0.00010,101,0.00015,107,0.00010,0,0.00000,0,0.00000
Arthrobacter sp. MMS18-M83,2996261,S,0,0.00000,0,0.00000,0,0.00000,0,0.00000,0,0.00000,0,0.00000,0,0.00000,0,0.00000,81,0.00006,0,0.00000,0,0.00000,0,0.00000,0,0.00000,0,0.00000
Terrabacter sp. C0L_2,3108389,S,0,0.00000,0,0.00000,0,0.00000,0,0.00000,0,0.00000,0,0.00000,0,0.00000,0,0.00000,81,0.00006,56,0.00007,78,0.00012,86,0.00008,0,0.00000,0,0.00000
Nocardioides sp. B-3,2895565,S,0,0.00000,0,0.00000,0,0.00000,0,0.00000,0,0.00000,0,0.00000,0,0.00000,0,0.00000,81,0.00006,28,0.00004,95,0.00014,152,0.00014,0,0.00000,0,0.00000
Streptomyces sp. HUAS YS2,3081768,S,0,0.00000,0,0.00000,0,0.00000,0,0.00000,0,0.00000,0,0.00000,0,0.00000,0,0.00000,80,0.00006,81,0.00010,113,0.00017,67,0.00006,0,0.00000,0,0.00000
Micromonospora sp. WMMD812,3015152,S,0,0.00000,0,0.00000,0,0.00000,0,0.00000,0,0.00000,0,0.00000,0,0.00000,0,0.00000,80,0.00006,0,0.00000,131,0.00020,111,0.00010,0,0.00000,0,0.00000
Amycolatopsis sp. TNS106,2861750,S,0,0.00000,0,0.00000,0,0.00000,0,0.00000,0,0.00000,0,0.00000,0,0.00000,0,0.00000,80,0.00006,65,0.00008,0,0.00000,87,0.00008,0,0.00000,0,0.00000
Cellulomonas sp. ATA003,3073064,S,0,0.00000,0,0.00000,0,0.00000,0,0.00000,0,0.00000,0,0.00000,0,0.00000,0,0.00000,80,0.00006,0,0.00000,113,0.00017,73,0.00007,0,0.00000,0,0.00000
Nocardioides dongkuii,2760089,S,0,0.00000,0,0.00000,0,0.00000,0,0.00000,0,0.00000,0,0.00000,0,0.00000,0,0.00000,80,0.00006,66,0.00008,233,0.00035,253,0.00024,0,0.00000,0,0.00000
Brooklawnia propionicigenes,3041175,S,0,0.00000,0,0.00000,0,0.00000,0,0.00000,0,0.00000,0,0.00000,0,0.00000,0,0.00000,80,0.00006,69,0.00009,0,0.00000,0,0.00000,0,0.00000,0,0.00000
Mesorhizobium opportunistum,593909,S,0,0.00000,0,0.00000,0,0.00000,0,0.00000,0,0.00000,0,0.00000,0,0.00000,0,0.00000,80,0.00006,0,0.00000,191,0.00029,146,0.00014,0,0.00000,0,0.00000
Rhizobium ruizarguesonis,2081791,S,0,0.00000,0,0.00000,0,0.00000,0,0.00000,0,0.00000,0,0.00000,0,0.00000,0,0.00000,80,0.00006,0,0.00000,106,0.00016,73,0.00007,0,0.00000,0,0.00000
Lysobacter sp. KIS68-7,2904252,S,0,0.00000,0,0.00000,0,0.00000,0,0.00000,0,0.00000,0,0.00000,0,0.00000,0,0.00000,80,0.00006,0,0.00000,104,0.00016,37,0.00003,0,0.00000,0,0.00000
Streptomyces sp. NBC_00683,2903670,S,0,0.00000,0,0.00000,0,0.00000,0,0.00000,0,0.00000,0,0.00000,0,0.00000,0,0.00000,79,0.00006,0,0.00000,0,0.00000,48,0.00004,0,0.00000,0,0.00000
Streptomyces sp. QH1-20,3240934,S,0,0.00000,0,0.00000,0,0.00000,0,0.00000,0,0.00000,0,0.00000,0,0.00000,0,0.00000,79,0.00006,0,0.00000,0,0.00000,0,0.00000,0,0.00000,0,0.00000
Mycolicibacterium celeriflavum,1249101,S,0,0.00000,0,0.00000,0,0.00000,0,0.00000,0,0.00000,0,0.00000,0,0.00000,0,0.00000,79,0.00006,53,0.00007,111,0.00017,124,0.00012,0,0.00000,0,0.00000
Mycolicibacterium poriferae,39694,S,0,0.00000,0,0.00000,0,0.00000,0,0.00000,0,0.00000,0,0.00000,0,0.00000,0,0.00000,79,0.00006,0,0.00000,121,0.00018,87,0.00008,0,0.00000,0,0.00000
Mycolicibacterium insubricum,444597,S,0,0.00000,0,0.00000,0,0.00000,0,0.00000,0,0.00000,0,0.00000,0,0.00000,0,0.00000,79,0.00006,0,0.00000,95,0.00014,90,0.00008,0,0.00000,0,0.00000
Nocardia sp. NBC_01327,2903593,S,0,0.00000,0,0.00000,0,0.00000,0,0.00000,0,0.00000,0,0.00000,0,0.00000,0,0.00000,79,0.00006,26,0.00003,38,0.00006,57,0.00005,0,0.00000,0,0.00000
Corynebacterium frankenforstense,1230998,S,0,0.00000,0,0.00000,0,0.00000,0,0.00000,0,0.00000,0,0.00000,0,0.00000,0,0.00000,79,0.00006,0,0.00000,0,0.00000,0,0.00000,0,0.00000,0,0.00000
Tsukamurella paurometabola,2061,S,0,0.00000,0,0.00000,0,0.00000,0,0.00000,0,0.00000,0,0.00000,0,0.00000,0,0.00000,79,0.00006,0,0.00000,75,0.00011,123,0.00011,0,0.00000,0,0.00000
Auraticoccus monumenti,675864,S,0,0.00000,0,0.00000,0,0.00000,0,0.00000,0,0.00000,0,0.00000,0,0.00000,0,0.00000,79,0.00006,39,0.00005,0,0.00000,75,0.00007,0,0.00000,0,0.00000
Mesorhizobium amorphae,71433,S,0,0.00000,0,0.00000,0,0.00000,0,0.00000,0,0.00000,0,0.00000,0,0.00000,0,0.00000,79,0.00006,0,0.00000,136,0.00021,242,0.00023,0,0.00000,0,0.00000
Bosea sp. 685,3080057,S,0,0.00000,0,0.00000,0,0.00000,0,0.00000,0,0.00000,0,0.00000,0,0.00000,0,0.00000,79,0.00006,0,0.00000,69,0.00011,88,0.00008,0,0.00000,0,0.00000
Breoghania sp. L-A4,2304600,S,0,0.00000,0,0.00000,0,0.00000,0,0.00000,0,0.00000,0,0.00000,0,0.00000,0,0.00000,79,0.00006,0,0.00000,120,0.00018,0,0.00000,0,0.00000,0,0.00000
Ornithinimicrobium faecis,2934158,S,0,0.00000,0,0.00000,0,0.00000,0,0.00000,0,0.00000,0,0.00000,0,0.00000,0,0.00000,78,0.00006,50,0.00006,0,0.00000,62,0.00006,0,0.00000,0,0.00000
Hypericibacter terrae,2602015,S,0,0.00000,0,0.00000,0,0.00000,0,0.00000,0,0.00000,0,0.00000,0,0.00000,0,0.00000,78,0.00006,65,0.00008,166,0.00025,104,0.00010,0,0.00000,0,0.00000
Phenylobacterium montanum,2823693,S,0,0.00000,0,0.00000,0,0.00000,0,0.00000,0,0.00000,0,0.00000,0,0.00000,0,0.00000,78,0.00006,77,0.00010,80,0.00012,41,0.00004,0,0.00000,0,0.00000
Lysobacter lycopersici,1324796,S,0,0.00000,0,0.00000,0,0.00000,0,0.00000,0,0.00000,0,0.00000,0,0.00000,0,0.00000,78,0.00006,0,0.00000,0,0.00000,47,0.00004,0,0.00000,0,0.00000
Streptomyces sp. NBC_00234,2903638,S,0,0.00000,0,0.00000,0,0.00000,0,0.00000,0,0.00000,0,0.00000,0,0.00000,0,0.00000,77,0.00006,71,0.00009,0,0.00000,51,0.00005,0,0.00000,0,0.00000
Streptomyces sp. NBC_00820,2975842,S,0,0.00000,0,0.00000,0,0.00000,0,0.00000,0,0.00000,0,0.00000,0,0.00000,0,0.00000,77,0.00006,0,0.00000,101,0.00015,59,0.00005,0,0.00000,0,0.00000
Micromonospora ureilytica,709868,S,0,0.00000,0,0.00000,0,0.00000,0,0.00000,0,0.00000,0,0.00000,0,0.00000,0,0.00000,77,0.00006,57,0.00007,0,0.00000,89,0.00008,0,0.00000,0,0.00000
Clavibacter michiganensis,28447,S,0,0.00000,0,0.00000,0,0.00000,0,0.00000,0,0.00000,0,0.00000,0,0.00000,0,0.00000,77,0.00006,56,0.00007,0,0.00000,0,0.00000,0,0.00000,0,0.00000
Ornithinimicrobium cryptoxanthini,2934161,S,0,0.00000,0,0.00000,0,0.00000,0,0.00000,0,0.00000,0,0.00000,0,0.00000,0,0.00000,77,0.00006,35,0.00004,38,0.00006,78,0.00007,0,0.00000,0,0.00000
Nocardioides houyundeii,2045452,S,0,0.00000,0,0.00000,0,0.00000,0,0.00000,0,0.00000,0,0.00000,0,0.00000,0,0.00000,77,0.00006,71,0.00009,80,0.00012,113,0.00011,0,0.00000,0,0.00000
Micropruina glycogenica,75385,S,0,0.00000,0,0.00000,0,0.00000,0,0.00000,0,0.00000,0,0.00000,0,0.00000,0,0.00000,77,0.00006,57,0.00007,50,0.00008,57,0.00005,0,0.00000,0,0.00000
Methylobacterium sp. WL1,2603276,S,0,0.00000,0,0.00000,0,0.00000,0,0.00000,0,0.00000,0,0.00000,0,0.00000,0,0.00000,77,0.00006,0,0.00000,0,0.00000,48,0.00004,0,0.00000,0,0.00000
Frigoriglobus tundricola,2774151,S,0,0.00000,0,0.00000,0,0.00000,0,0.00000,0,0.00000,0,0.00000,0,0.00000,0,0.00000,77,0.00006,50,0.00006,269,0.00041,181,0.00017,0,0.00000,0,0.00000
Gordonia malaquae,410332,S,0,0.00000,0,0.00000,0,0.00000,0,0.00000,0,0.00000,0,0.00000,0,0.00000,0,0.00000,76,0.00005,53,0.00007,0,0.00000,119,0.00011,0,0.00000,0,0.00000
Sanguibacter sp. 4.1,3030830,S,0,0.00000,0,0.00000,0,0.00000,0,0.00000,0,0.00000,0,0.00000,0,0.00000,0,0.00000,76,0.00005,63,0.00008,0,0.00000,39,0.00004,0,0.00000,0,0.00000
Nocardioides sp. JQ2195,2592334,S,0,0.00000,0,0.00000,0,0.00000,0,0.00000,0,0.00000,0,0.00000,0,0.00000,0,0.00000,76,0.00005,54,0.00007,146,0.00022,90,0.00008,0,0.00000,0,0.00000
Hartmannibacter diazotrophicus,1482074,S,0,0.00000,0,0.00000,0,0.00000,0,0.00000,0,0.00000,0,0.00000,0,0.00000,0,0.00000,76,0.00005,0,0.00000,136,0.00021,47,0.00004,0,0.00000,0,0.00000
Mycolicibacterium neoaurum,1795,S,0,0.00000,0,0.00000,0,0.00000,0,0.00000,0,0.00000,0,0.00000,0,0.00000,0,0.00000,75,0.00005,87,0.00011,94,0.00014,86,0.00008,0,0.00000,0,0.00000
Corynebacterium humireducens,1223514,S,0,0.00000,0,0.00000,0,0.00000,0,0.00000,0,0.00000,0,0.00000,0,0.00000,0,0.00000,75,0.00005,0,0.00000,0,0.00000,0,0.00000,0,0.00000,0,0.00000
Gordonia bronchialis,2054,S,0,0.00000,0,0.00000,0,0.00000,0,0.00000,0,0.00000,0,0.00000,0,0.00000,0,0.00000,75,0.00005,92,0.00012,57,0.00009,50,0.00005,0,0.00000,0,0.00000
Microbacterium azadirachtae,582680,S,0,0.00000,0,0.00000,0,0.00000,0,0.00000,0,0.00000,0,0.00000,0,0.00000,0,0.00000,75,0.00005,0,0.00000,0,0.00000,97,0.00009,0,0.00000,0,0.00000
Sinomonas sp. R1AF57,2020377,S,0,0.00000,0,0.00000,0,0.00000,0,0.00000,0,0.00000,0,0.00000,0,0.00000,0,0.00000,75,0.00005,0,0.00000,0,0.00000,26,0.00002,0,0.00000,0,0.00000
Aeromicrobium sp. A1-2,2107713,S,0,0.00000,0,0.00000,0,0.00000,0,0.00000,0,0.00000,0,0.00000,0,0.00000,0,0.00000,75,0.00005,29,0.00004,53,0.00008,113,0.00011,0,0.00000,0,0.00000
Egibacter rhizosphaerae,1670831,S,0,0.00000,0,0.00000,0,0.00000,0,0.00000,0,0.00000,0,0.00000,0,0.00000,0,0.00000,75,0.00005,30,0.00004,100,0.00015,115,0.00011,0,0.00000,0,0.00000
Pseudogemmatithrix spongiicola,3062599,S,0,0.00000,0,0.00000,0,0.00000,0,0.00000,0,0.00000,0,0.00000,0,0.00000,0,0.00000,75,0.00005,49,0.00006,218,0.00033,89,0.00008,0,0.00000,0,0.00000
Anaeromyxobacter paludicola,2918171,S,0,0.00000,0,0.00000,0,0.00000,0,0.00000,0,0.00000,0,0.00000,0,0.00000,0,0.00000,75,0.00005,0,0.00000,313,0.00048,65,0.00006,0,0.00000,0,0.00000
Streptomyces sp. NBC_01341,2903831,S,0,0.00000,0,0.00000,0,0.00000,0,0.00000,0,0.00000,0,0.00000,0,0.00000,0,0.00000,74,0.00005,0,0.00000,0,0.00000,53,0.00005,0,0.00000,0,0.00000
Georgenia yuyongxinii,2589797,S,0,0.00000,0,0.00000,0,0.00000,0,0.00000,0,0.00000,0,0.00000,0,0.00000,0,0.00000,74,0.00005,70,0.00009,115,0.00018,86,0.00008,0,0.00000,0,0.00000
Chenggangzhangella methanolivorans,1437009,S,0,0.00000,0,0.00000,0,0.00000,0,0.00000,0,0.00000,0,0.00000,0,0.00000,0,0.00000,74,0.00005,54,0.00007,187,0.00028,52,0.00005,0,0.00000,0,0.00000
Lysobacter maris,1605891,S,0,0.00000,0,0.00000,0,0.00000,0,0.00000,0,0.00000,0,0.00000,0,0.00000,0,0.00000,74,0.00005,0,0.00000,0,0.00000,0,0.00000,0,0.00000,0,0.00000
Geothrix sp. 21YS21S-4,3068889,S,0,0.00000,0,0.00000,0,0.00000,0,0.00000,0,0.00000,0,0.00000,0,0.00000,0,0.00000,74,0.00005,0,0.00000,79,0.00012,22,0.00002,0,0.00000,0,0.00000
Rhodococcus sp. X156,2499145,S,0,0.00000,0,0.00000,0,0.00000,0,0.00000,0,0.00000,0,0.00000,0,0.00000,0,0.00000,73,0.00005,0,0.00000,95,0.00014,126,0.00012,0,0.00000,0,0.00000
Pseudonocardia sp. AL041005-10,445576,S,0,0.00000,0,0.00000,0,0.00000,0,0.00000,0,0.00000,0,0.00000,0,0.00000,0,0.00000,73,0.00005,99,0.00013,158,0.00024,245,0.00023,0,0.00000,0,0.00000
Janibacter sp. CX7,2963431,S,0,0.00000,0,0.00000,0,0.00000,0,0.00000,0,0.00000,0,0.00000,0,0.00000,0,0.00000,73,0.00005,0,0.00000,102,0.00016,0,0.00000,0,0.00000,0,0.00000
Tessaracoccus defluvii,1285901,S,0,0.00000,0,0.00000,0,0.00000,0,0.00000,0,0.00000,0,0.00000,0,0.00000,0,0.00000,73,0.00005,0,0.00000,87,0.00013,61,0.00006,0,0.00000,0,0.00000
Nitratireductor mangrovi,2599600,S,0,0.00000,0,0.00000,0,0.00000,0,0.00000,0,0.00000,0,0.00000,0,0.00000,0,0.00000,73,0.00005,0,0.00000,135,0.00021,94,0.00009,0,0.00000,0,0.00000
Roseitalea porphyridii,1852022,S,0,0.00000,0,0.00000,0,0.00000,0,0.00000,0,0.00000,0,0.00000,0,0.00000,0,0.00000,73,0.00005,0,0.00000,135,0.00021,73,0.00007,0,0.00000,0,0.00000
Lysobacter luteus,2822368,S,0,0.00000,0,0.00000,0,0.00000,0,0.00000,0,0.00000,0,0.00000,0,0.00000,0,0.00000,73,0.00005,0,0.00000,0,0.00000,38,0.00004,0,0.00000,0,0.00000
Cystobacter fuscus,43,S,0,0.00000,0,0.00000,0,0.00000,0,0.00000,0,0.00000,0,0.00000,0,0.00000,0,0.00000,73,0.00005,0,0.00000,163,0.00025,38,0.00004,0,0.00000,0,0.00000
Nocardia sp. CS682,1047172,S,0,0.00000,0,0.00000,0,0.00000,0,0.00000,0,0.00000,0,0.00000,0,0.00000,0,0.00000,72,0.00005,43,0.00005,119,0.00018,63,0.00006,0,0.00000,0,0.00000
Nocardia sputorum,2984338,S,0,0.00000,0,0.00000,0,0.00000,0,0.00000,0,0.00000,0,0.00000,0,0.00000,0,0.00000,72,0.00005,0,0.00000,80,0.00012,59,0.00005,0,0.00000,0,0.00000
Tomitella gaofuii,2760083,S,0,0.00000,0,0.00000,0,0.00000,0,0.00000,0,0.00000,0,0.00000,0,0.00000,0,0.00000,72,0.00005,0,0.00000,0,0.00000,47,0.00004,0,0.00000,0,0.00000
Sinomonas cyclohexanicum,322009,S,0,0.00000,0,0.00000,0,0.00000,0,0.00000,0,0.00000,0,0.00000,0,0.00000,0,0.00000,72,0.00005,58,0.00007,0,0.00000,36,0.00003,0,0.00000,0,0.00000
Cellulomonas gilvus,11,S,0,0.00000,0,0.00000,0,0.00000,0,0.00000,0,0.00000,0,0.00000,0,0.00000,0,0.00000,72,0.00005,0,0.00000,0,0.00000,120,0.00011,0,0.00000,0,0.00000
Georgenia wutianyii,2585135,S,0,0.00000,0,0.00000,0,0.00000,0,0.00000,0,0.00000,0,0.00000,0,0.00000,0,0.00000,72,0.00005,64,0.00008,88,0.00013,118,0.00011,0,0.00000,0,0.00000
Arachnia propionica,1750,S,0,0.00000,0,0.00000,0,0.00000,0,0.00000,0,0.00000,0,0.00000,0,0.00000,0,0.00000,72,0.00005,23,0.00003,38,0.00006,30,0.00003,0,0.00000,0,0.00000
Pararoseomonas sp. SCSIO 73927,3114537,S,0,0.00000,0,0.00000,0,0.00000,0,0.00000,0,0.00000,0,0.00000,0,0.00000,0,0.00000,72,0.00005,0,0.00000,108,0.00016,43,0.00004,0,0.00000,0,0.00000
Streptomyces finlayi,67296,S,0,0.00000,0,0.00000,0,0.00000,0,0.00000,0,0.00000,0,0.00000,0,0.00000,0,0.00000,71,0.00005,65,0.00008,155,0.00024,109,0.00010,0,0.00000,0,0.00000
Gordonia sp. NB41Y,875808,S,0,0.00000,0,0.00000,0,0.00000,0,0.00000,0,0.00000,0,0.00000,0,0.00000,0,0.00000,71,0.00005,0,0.00000,49,0.00007,42,0.00004,0,0.00000,0,0.00000
Skermania piniformis,39122,S,0,0.00000,0,0.00000,0,0.00000,0,0.00000,0,0.00000,0,0.00000,0,0.00000,0,0.00000,71,0.00005,69,0.00009,56,0.00009,53,0.00005,0,0.00000,0,0.00000
Microbacterium sp. PM5,2014534,S,0,0.00000,0,0.00000,0,0.00000,0,0.00000,0,0.00000,0,0.00000,0,0.00000,0,0.00000,71,0.00005,0,0.00000,0,0.00000,0,0.00000,0,0.00000,0,0.00000
Mycolicibacillus parakoreensis,1069221,S,0,0.00000,0,0.00000,0,0.00000,0,0.00000,0,0.00000,0,0.00000,0,0.00000,0,0.00000,70,0.00005,0,0.00000,0,0.00000,71,0.00007,0,0.00000,0,0.00000
Nocardia arthritidis,228602,S,0,0.00000,0,0.00000,0,0.00000,0,0.00000,0,0.00000,0,0.00000,0,0.00000,0,0.00000,70,0.00005,34,0.00004,75,0.00011,38,0.00004,0,0.00000,0,0.00000
Aeromicrobium yanjiei,2662028,S,0,0.00000,0,0.00000,0,0.00000,0,0.00000,0,0.00000,0,0.00000,0,0.00000,0,0.00000,70,0.00005,0,0.00000,136,0.00021,118,0.00011,0,0.00000,0,0.00000
Bradyrhizobium sp. WD16,1521768,S,0,0.00000,0,0.00000,0,0.00000,0,0.00000,0,0.00000,0,0.00000,0,0.00000,0,0.00000,70,0.00005,0,0.00000,215,0.00033,84,0.00008,0,0.00000,0,0.00000
Lysobacter sp. FW306-1B-D06B,3140250,S,0,0.00000,0,0.00000,0,0.00000,0,0.00000,0,0.00000,0,0.00000,0,0.00000,0,0.00000,70,0.00005,0,0.00000,92,0.00014,68,0.00006,0,0.00000,0,0.00000
Sulfurifustis variabilis,1675686,S,0,0.00000,0,0.00000,0,0.00000,0,0.00000,0,0.00000,0,0.00000,0,0.00000,0,0.00000,70,0.00005,20,0.00003,162,0.00025,38,0.00004,0,0.00000,0,0.00000
Nitrospira tepida,2973512,S,0,0.00000,0,0.00000,0,0.00000,0,0.00000,0,0.00000,0,0.00000,0,0.00000,0,0.00000,70,0.00005,31,0.00004,244,0.00037,117,0.00011,0,0.00000,0,0.00000
Mycolicibacterium baixiangningiae,2761578,S,0,0.00000,0,0.00000,0,0.00000,0,0.00000,0,0.00000,0,0.00000,0,0.00000,0,0.00000,69,0.00005,37,0.00005,52,0.00008,63,0.00006,0,0.00000,0,0.00000
Nocardia sp. NBC_00565,2975993,S,0,0.00000,0,0.00000,0,0.00000,0,0.00000,0,0.00000,0,0.00000,0,0.00000,0,0.00000,69,0.00005,51,0.00007,1261,0.00192,145,0.00013,0,0.00000,0,0.00000
Rhodococcus sp. ABRD24,2507582,S,0,0.00000,0,0.00000,0,0.00000,0,0.00000,0,0.00000,0,0.00000,0,0.00000,0,0.00000,69,0.00005,44,0.00006,0,0.00000,53,0.00005,0,0.00000,0,0.00000
Agromyces sp. G08B096,3156399,S,0,0.00000,0,0.00000,0,0.00000,0,0.00000,0,0.00000,0,0.00000,0,0.00000,0,0.00000,69,0.00005,0,0.00000,0,0.00000,79,0.00007,0,0.00000,0,0.00000
Microlunatus elymi,2596828,S,0,0.00000,0,0.00000,0,0.00000,0,0.00000,0,0.00000,0,0.00000,0,0.00000,0,0.00000,69,0.00005,40,0.00005,48,0.00007,50,0.00005,0,0.00000,0,0.00000
Blastochloris viridis,1079,S,0,0.00000,0,0.00000,0,0.00000,0,0.00000,0,0.00000,0,0.00000,0,0.00000,0,0.00000,69,0.00005,0,0.00000,209,0.00032,57,0.00005,0,0.00000,0,0.00000
Lysobacter solisilvae,2763317,S,0,0.00000,0,0.00000,0,0.00000,0,0.00000,0,0.00000,0,0.00000,0,0.00000,0,0.00000,69,0.00005,0,0.00000,0,0.00000,49,0.00005,0,0.00000,0,0.00000
Urbifossiella limnaea,2528023,S,0,0.00000,0,0.00000,0,0.00000,0,0.00000,0,0.00000,0,0.00000,0,0.00000,0,0.00000,69,0.00005,61,0.00008,253,0.00039,124,0.00012,0,0.00000,0,0.00000
Streptomyces sp. NBC_01335,2903828,S,0,0.00000,0,0.00000,0,0.00000,0,0.00000,0,0.00000,0,0.00000,0,0.00000,0,0.00000,68,0.00005,112,0.00014,0,0.00000,0,0.00000,0,0.00000,0,0.00000
Streptomyces armeniacus,83291,S,0,0.00000,0,0.00000,0,0.00000,0,0.00000,0,0.00000,0,0.00000,0,0.00000,0,0.00000,68,0.00005,45,0.00006,76,0.00012,105,0.00010,0,0.00000,0,0.00000
Mycolicibacterium holsaticum,152142,S,0,0.00000,0,0.00000,0,0.00000,0,0.00000,0,0.00000,0,0.00000,0,0.00000,0,0.00000,68,0.00005,59,0.00008,224,0.00034,142,0.00013,0,0.00000,0,0.00000
Mycolicibacterium duvalii,39688,S,0,0.00000,0,0.00000,0,0.00000,0,0.00000,0,0.00000,0,0.00000,0,0.00000,0,0.00000,68,0.00005,52,0.00007,79,0.00012,63,0.00006,0,0.00000,0,0.00000
Mycobacterium branderi,43348,S,0,0.00000,0,0.00000,0,0.00000,0,0.00000,0,0.00000,0,0.00000,0,0.00000,0,0.00000,68,0.00005,31,0.00004,50,0.00008,56,0.00005,0,0.00000,0,0.00000
Micromonospora sp. WMMD998,3016092,S,0,0.00000,0,0.00000,0,0.00000,0,0.00000,0,0.00000,0,0.00000,0,0.00000,0,0.00000,68,0.00005,0,0.00000,0,0.00000,0,0.00000,0,0.00000,0,0.00000
Amycolatopsis japonica,208439,S,0,0.00000,0,0.00000,0,0.00000,0,0.00000,0,0.00000,0,0.00000,0,0.00000,0,0.00000,68,0.00005,0,0.00000,0,0.00000,71,0.00007,0,0.00000,0,0.00000
Janibacter sp. A1S7,3115209,S,0,0.00000,0,0.00000,0,0.00000,0,0.00000,0,0.00000,0,0.00000,0,0.00000,0,0.00000,68,0.00005,34,0.00004,0,0.00000,29,0.00003,0,0.00000,0,0.00000
Mycolicibacterium sp. HK-90,3056937,S,0,0.00000,0,0.00000,0,0.00000,0,0.00000,0,0.00000,0,0.00000,0,0.00000,0,0.00000,67,0.00005,54,0.00007,71,0.00011,53,0.00005,0,0.00000,0,0.00000
Mycobacterium sp. IDR2000157661,2867005,S,0,0.00000,0,0.00000,0,0.00000,0,0.00000,0,0.00000,0,0.00000,0,0.00000,0,0.00000,67,0.00005,0,0.00000,114,0.00017,73,0.00007,0,0.00000,0,0.00000
Salinibacterium sp. dk2585,2603292,S,0,0.00000,0,0.00000,0,0.00000,0,0.00000,0,0.00000,0,0.00000,0,0.00000,0,0.00000,67,0.00005,0,0.00000,0,0.00000,0,0.00000,0,0.00000,0,0.00000
Naasia aerilata,1162966,S,0,0.00000,0,0.00000,0,0.00000,0,0.00000,0,0.00000,0,0.00000,0,0.00000,0,0.00000,67,0.00005,80,0.00010,0,0.00000,0,0.00000,0,0.00000,0,0.00000
Micrococcus terreus,574650,S,0,0.00000,0,0.00000,0,0.00000,0,0.00000,0,0.00000,0,0.00000,0,0.00000,0,0.00000,67,0.00005,0,0.00000,0,0.00000,0,0.00000,0,0.00000,0,0.00000
Aureimonas mangrovi,2758041,S,0,0.00000,0,0.00000,0,0.00000,0,0.00000,0,0.00000,0,0.00000,0,0.00000,0,0.00000,67,0.00005,0,0.00000,71,0.00011,50,0.00005,0,0.00000,0,0.00000
Rhodovastum atsumiense,504468,S,0,0.00000,0,0.00000,0,0.00000,0,0.00000,0,0.00000,0,0.00000,0,0.00000,0,0.00000,67,0.00005,82,0.00010,74,0.00011,61,0.00006,0,0.00000,0,0.00000
Lysobacter arenosi,2795387,S,0,0.00000,0,0.00000,0,0.00000,0,0.00000,0,0.00000,0,0.00000,0,0.00000,0,0.00000,67,0.00005,0,0.00000,1316,0.00200,139,0.00013,0,0.00000,0,0.00000
Streptomyces sp. NBC_01283,2903812,S,0,0.00000,0,0.00000,0,0.00000,0,0.00000,0,0.00000,0,0.00000,0,0.00000,0,0.00000,66,0.00005,0,0.00000,101,0.00015,69,0.00006,0,0.00000,0,0.00000
Ornithinimicrobium pratense,2593973,S,0,0.00000,0,0.00000,0,0.00000,0,0.00000,0,0.00000,0,0.00000,0,0.00000,0,0.00000,66,0.00005,36,0.00005,0,0.00000,50,0.00005,0,0.00000,0,0.00000
Rhizobium sullae,50338,S,0,0.00000,0,0.00000,0,0.00000,0,0.00000,0,0.00000,0,0.00000,0,0.00000,0,0.00000,66,0.00005,0,0.00000,47,0.00007,33,0.00003,0,0.00000,0,0.00000
Caulobacter segnis,88688,S,0,0.00000,0,0.00000,0,0.00000,0,0.00000,0,0.00000,0,0.00000,0,0.00000,0,0.00000,66,0.00005,0,0.00000,181,0.00028,104,0.00010,0,0.00000,0,0.00000
Opitutus sp. GAS368,1882749,S,0,0.00000,0,0.00000,0,0.00000,0,0.00000,0,0.00000,0,0.00000,0,0.00000,0,0.00000,66,0.00005,59,0.00008,134,0.00020,147,0.00014,0,0.00000,0,0.00000
Streptomyces cathayae,3031124,S,0,0.00000,0,0.00000,0,0.00000,0,0.00000,0,0.00000,0,0.00000,0,0.00000,0,0.00000,65,0.00005,72,0.00009,86,0.00013,86,0.00008,0,0.00000,0,0.00000
Mycolicibacterium anyangense,1431246,S,0,0.00000,0,0.00000,0,0.00000,0,0.00000,0,0.00000,0,0.00000,0,0.00000,0,0.00000,65,0.00005,52,0.00007,53,0.00008,44,0.00004,0,0.00000,0,0.00000
Nocardia nova,37330,S,0,0.00000,0,0.00000,0,0.00000,0,0.00000,0,0.00000,0,0.00000,0,0.00000,0,0.00000,65,0.00005,0,0.00000,39,0.00006,51,0.00005,0,0.00000,0,0.00000
Gordonia pseudamarae,2831662,S,0,0.00000,0,0.00000,0,0.00000,0,0.00000,0,0.00000,0,0.00000,0,0.00000,0,0.00000,65,0.00005,74,0.00009,0,0.00000,43,0.00004,0,0.00000,0,0.00000
Microbacterium sp. zg-B96,3049069,S,0,0.00000,0,0.00000,0,0.00000,0,0.00000,0,0.00000,0,0.00000,0,0.00000,0,0.00000,65,0.00005,0,0.00000,0,0.00000,0,0.00000,0,0.00000,0,0.00000
Paeniglutamicibacter sp. Y32M11,2853258,S,0,0.00000,0,0.00000,0,0.00000,0,0.00000,0,0.00000,0,0.00000,0,0.00000,0,0.00000,65,0.00005,0,0.00000,0,0.00000,45,0.00004,0,0.00000,0,0.00000
Cellulomonas flavigena,1711,S,0,0.00000,0,0.00000,0,0.00000,0,0.00000,0,0.00000,0,0.00000,0,0.00000,0,0.00000,65,0.00005,0,0.00000,0,0.00000,0,0.00000,0,0.00000,0,0.00000
Saxibacter everestensis,2909229,S,0,0.00000,0,0.00000,0,0.00000,0,0.00000,0,0.00000,0,0.00000,0,0.00000,0,0.00000,65,0.00005,27,0.00003,0,0.00000,23,0.00002,0,0.00000,0,0.00000
Xylanimonas protaetiae,2509457,S,0,0.00000,0,0.00000,0,0.00000,0,0.00000,0,0.00000,0,0.00000,0,0.00000,0,0.00000,65,0.00005,0,0.00000,0,0.00000,84,0.00008,0,0.00000,0,0.00000
Streptomyces incarnatus,665007,S,0,0.00000,0,0.00000,0,0.00000,0,0.00000,0,0.00000,0,0.00000,0,0.00000,0,0.00000,64,0.00005,0,0.00000,0,0.00000,0,0.00000,0,0.00000,0,0.00000
Mycolicibacterium monacense,85693,S,0,0.00000,0,0.00000,0,0.00000,0,0.00000,0,0.00000,0,0.00000,0,0.00000,0,0.00000,64,0.00005,0,0.00000,124,0.00019,58,0.00005,0,0.00000,0,0.00000
Mycobacterium saskatchewanense,220927,S,0,0.00000,0,0.00000,0,0.00000,0,0.00000,0,0.00000,0,0.00000,0,0.00000,0,0.00000,64,0.00005,30,0.00004,37,0.00006,52,0.00005,0,0.00000,0,0.00000
Mycobacteroides chelonae,1774,S,0,0.00000,0,0.00000,0,0.00000,0,0.00000,0,0.00000,0,0.00000,0,0.00000,0,0.00000,64,0.00005,72,0.00009,0,0.00000,44,0.00004,0,0.00000,0,0.00000
Nocardia seriolae,37332,S,0,0.00000,0,0.00000,0,0.00000,0,0.00000,0,0.00000,0,0.00000,0,0.00000,0,0.00000,64,0.00005,49,0.00006,49,0.00007,64,0.00006,0,0.00000,0,0.00000
Microbacterium sp. JZ37,2654193,S,0,0.00000,0,0.00000,0,0.00000,0,0.00000,0,0.00000,0,0.00000,0,0.00000,0,0.00000,64,0.00005,0,0.00000,0,0.00000,52,0.00005,0,0.00000,0,0.00000
Microbacterium elymi,2909587,S,0,0.00000,0,0.00000,0,0.00000,0,0.00000,0,0.00000,0,0.00000,0,0.00000,0,0.00000,64,0.00005,0,0.00000,79,0.00012,57,0.00005,0,0.00000,0,0.00000
Cellulomonas sp. Y8,2591145,S,0,0.00000,0,0.00000,0,0.00000,0,0.00000,0,0.00000,0,0.00000,0,0.00000,0,0.00000,64,0.00005,0,0.00000,0,0.00000,109,0.00010,0,0.00000,0,0.00000
Pseudactinotalea sp. HY158,2654547,S,0,0.00000,0,0.00000,0,0.00000,0,0.00000,0,0.00000,0,0.00000,0,0.00000,0,0.00000,64,0.00005,36,0.00005,50,0.00008,0,0.00000,0,0.00000,0,0.00000
Sphingosinicella flava,2771430,S,0,0.00000,0,0.00000,0,0.00000,0,0.00000,0,0.00000,0,0.00000,0,0.00000,0,0.00000,64,0.00005,0,0.00000,98,0.00015,0,0.00000,0,0.00000,0,0.00000
Luteimonas sp. S4-F44,2925842,S,0,0.00000,0,0.00000,0,0.00000,0,0.00000,0,0.00000,0,0.00000,0,0.00000,0,0.00000,64,0.00005,0,0.00000,0,0.00000,42,0.00004,0,0.00000,0,0.00000
Embleya sp. NBC_00888,2975960,S,0,0.00000,0,0.00000,0,0.00000,0,0.00000,0,0.00000,0,0.00000,0,0.00000,0,0.00000,63,0.00005,49,0.00006,36,0.00005,50,0.00005,0,0.00000,0,0.00000
Microterricola viridarii,412690,S,0,0.00000,0,0.00000,0,0.00000,0,0.00000,0,0.00000,0,0.00000,0,0.00000,0,0.00000,63,0.00005,0,0.00000,128,0.00019,65,0.00006,0,0.00000,0,0.00000
Brevibacterium sp. SMBL_HHYL_HB1,2777556,S,0,0.00000,0,0.00000,0,0.00000,0,0.00000,0,0.00000,0,0.00000,0,0.00000,0,0.00000,63,0.00005,0,0.00000,0,0.00000,0,0.00000,0,0.00000,0,0.00000
Raineyella sp. LH-20,3081204,S,0,0.00000,0,0.00000,0,0.00000,0,0.00000,0,0.00000,0,0.00000,0,0.00000,0,0.00000,63,0.00005,0,0.00000,0,0.00000,103,0.00010,0,0.00000,0,0.00000
Bradyrhizobium sp. ORS 285,115808,S,0,0.00000,0,0.00000,0,0.00000,0,0.00000,0,0.00000,0,0.00000,0,0.00000,0,0.00000,63,0.00005,0,0.00000,125,0.00019,49,0.00005,0,0.00000,0,0.00000
Bradyrhizobium sp. CCBAU 51753,1325100,S,0,0.00000,0,0.00000,0,0.00000,0,0.00000,0,0.00000,0,0.00000,0,0.00000,0,0.00000,63,0.00005,0,0.00000,213,0.00032,120,0.00011,0,0.00000,0,0.00000
Mycolicibacterium sp. ND9-15,3042320,S,0,0.00000,0,0.00000,0,0.00000,0,0.00000,0,0.00000,0,0.00000,0,0.00000,0,0.00000,62,0.00004,43,0.00005,77,0.00012,56,0.00005,0,0.00000,0,0.00000
Mycobacteroides abscessus,36809,S,0,0.00000,0,0.00000,0,0.00000,0,0.00000,0,0.00000,0,0.00000,0,0.00000,0,0.00000,62,0.00004,55,0.00007,52,0.00008,92,0.00009,0,0.00000,0,0.00000
Rhodococcus triatomae,300028,S,0,0.00000,0,0.00000,0,0.00000,0,0.00000,0,0.00000,0,0.00000,0,0.00000,0,0.00000,62,0.00004,0,0.00000,0,0.00000,0,0.00000,0,0.00000,0,0.00000
Gordonia mangrovi,2665643,S,0,0.00000,0,0.00000,0,0.00000,0,0.00000,0,0.00000,0,0.00000,0,0.00000,0,0.00000,62,0.00004,0,0.00000,41,0.00006,26,0.00002,0,0.00000,0,0.00000
Aeromicrobium sp. HA,3009077,S,0,0.00000,0,0.00000,0,0.00000,0,0.00000,0,0.00000,0,0.00000,0,0.00000,0,0.00000,62,0.00004,58,0.00007,0,0.00000,214,0.00020,0,0.00000,0,0.00000
Bradyrhizobium sp. BTAi1,288000,S,0,0.00000,0,0.00000,0,0.00000,0,0.00000,0,0.00000,0,0.00000,0,0.00000,0,0.00000,62,0.00004,0,0.00000,127,0.00019,73,0.00007,0,0.00000,0,0.00000
Variibacter gotjawalensis,1333996,S,0,0.00000,0,0.00000,0,0.00000,0,0.00000,0,0.00000,0,0.00000,0,0.00000,0,0.00000,62,0.00004,33,0.00004,184,0.00028,55,0.00005,0,0.00000,0,0.00000
Mesorhizobium sp. DCY119,2108445,S,0,0.00000,0,0.00000,0,0.00000,0,0.00000,0,0.00000,0,0.00000,0,0.00000,0,0.00000,62,0.00004,0,0.00000,119,0.00018,123,0.00011,0,0.00000,0,0.00000
Nitrospirillum viridazoti,3144925,S,0,0.00000,0,0.00000,0,0.00000,0,0.00000,0,0.00000,0,0.00000,0,0.00000,0,0.00000,62,0.00004,0,0.00000,93,0.00014,37,0.00003,0,0.00000,0,0.00000
Brachybacterium kimchii,2942909,S,0,0.00000,0,0.00000,0,0.00000,0,0.00000,0,0.00000,0,0.00000,0,0.00000,0,0.00000,61,0.00004,0,0.00000,0,0.00000,0,0.00000,0,0.00000,0,0.00000
Sphingomonas sp. NIBR02145,3014784,S,0,0.00000,0,0.00000,0,0.00000,0,0.00000,0,0.00000,0,0.00000,0,0.00000,0,0.00000,61,0.00004,0,0.00000,126,0.00019,103,0.00010,0,0.00000,0,0.00000
Mycolicibacterium thermoresistibile,1797,S,0,0.00000,0,0.00000,0,0.00000,0,0.00000,0,0.00000,0,0.00000,0,0.00000,0,0.00000,60,0.00004,0,0.00000,71,0.00011,64,0.00006,0,0.00000,0,0.00000
Nocardia otitidiscaviarum,1823,S,0,0.00000,0,0.00000,0,0.00000,0,0.00000,0,0.00000,0,0.00000,0,0.00000,0,0.00000,60,0.00004,37,0.00005,41,0.00006,54,0.00005,0,0.00000,0,0.00000
Rhodococcus coprophilus,38310,S,0,0.00000,0,0.00000,0,0.00000,0,0.00000,0,0.00000,0,0.00000,0,0.00000,0,0.00000,60,0.00004,41,0.00005,0,0.00000,34,0.00003,0,0.00000,0,0.00000
Amycolatopsis sp. cg13,3238807,S,0,0.00000,0,0.00000,0,0.00000,0,0.00000,0,0.00000,0,0.00000,0,0.00000,0,0.00000,60,0.00004,0,0.00000,72,0.00011,50,0.00005,0,0.00000,0,0.00000
Leucobacter allii,2932247,S,0,0.00000,0,0.00000,0,0.00000,0,0.00000,0,0.00000,0,0.00000,0,0.00000,0,0.00000,60,0.00004,0,0.00000,81,0.00012,54,0.00005,0,0.00000,0,0.00000
Aeromicrobium senzhongii,2663859,S,0,0.00000,0,0.00000,0,0.00000,0,0.00000,0,0.00000,0,0.00000,0,0.00000,0,0.00000,60,0.00004,0,0.00000,0,0.00000,156,0.00015,0,0.00000,0,0.00000
Actinopolyspora erythraea,414996,S,0,0.00000,0,0.00000,0,0.00000,0,0.00000,0,0.00000,0,0.00000,0,0.00000,0,0.00000,60,0.00004,60,0.00008,106,0.00016,47,0.00004,0,0.00000,0,0.00000
Mycolicibacterium sediminis,1286180,S,0,0.00000,0,0.00000,0,0.00000,0,0.00000,0,0.00000,0,0.00000,0,0.00000,0,0.00000,59,0.00004,0,0.00000,0,0.00000,73,0.00007,0,0.00000,0,0.00000
Verrucosispora sp. NA02020,2742132,S,0,0.00000,0,0.00000,0,0.00000,0,0.00000,0,0.00000,0,0.00000,0,0.00000,0,0.00000,59,0.00004,52,0.00007,0,0.00000,83,0.00008,0,0.00000,0,0.00000
Verrucosispora sp. WMMA2044,3016419,S,0,0.00000,0,0.00000,0,0.00000,0,0.00000,0,0.00000,0,0.00000,0,0.00000,0,0.00000,59,0.00004,0,0.00000,0,0.00000,0,0.00000,0,0.00000,0,0.00000
Microbacterium cremeum,2782169,S,0,0.00000,0,0.00000,0,0.00000,0,0.00000,0,0.00000,0,0.00000,0,0.00000,0,0.00000,59,0.00004,0,0.00000,0,0.00000,61,0.00006,0,0.00000,0,0.00000
Serinicoccus hydrothermalis,1758689,S,0,0.00000,0,0.00000,0,0.00000,0,0.00000,0,0.00000,0,0.00000,0,0.00000,0,0.00000,59,0.00004,0,0.00000,0,0.00000,92,0.00009,0,0.00000,0,0.00000
Isoptericola sp. AK164,3024246,S,0,0.00000,0,0.00000,0,0.00000,0,0.00000,0,0.00000,0,0.00000,0,0.00000,0,0.00000,59,0.00004,0,0.00000,81,0.00012,60,0.00006,0,0.00000,0,0.00000
Luteipulveratus mongoliensis,571913,S,0,0.00000,0,0.00000,0,0.00000,0,0.00000,0,0.00000,0,0.00000,0,0.00000,0,0.00000,59,0.00004,45,0.00006,79,0.00012,78,0.00007,0,0.00000,0,0.00000
Nocardioides sp. WS12,2486272,S,0,0.00000,0,0.00000,0,0.00000,0,0.00000,0,0.00000,0,0.00000,0,0.00000,0,0.00000,59,0.00004,0,0.00000,128,0.00019,97,0.00009,0,0.00000,0,0.00000
Euzebya pacifica,1608957,S,0,0.00000,0,0.00000,0,0.00000,0,0.00000,0,0.00000,0,0.00000,0,0.00000,0,0.00000,59,0.00004,23,0.00003,51,0.00008,121,0.00011,0,0.00000,0,0.00000
Marichromatium purpuratum,37487,S,0,0.00000,0,0.00000,0,0.00000,0,0.00000,0,0.00000,0,0.00000,0,0.00000,0,0.00000,59,0.00004,0,0.00000,53,0.00008,23,0.00002,0,0.00000,0,0.00000
Mycolicibacterium alvei,67081,S,0,0.00000,0,0.00000,0,0.00000,0,0.00000,0,0.00000,0,0.00000,0,0.00000,0,0.00000,58,0.00004,237,0.00030,0,0.00000,218,0.00020,0,0.00000,0,0.00000
Corynebacterium guangdongense,1783348,S,0,0.00000,0,0.00000,0,0.00000,0,0.00000,0,0.00000,0,0.00000,0,0.00000,0,0.00000,58,0.00004,0,0.00000,0,0.00000,125,0.00012,0,0.00000,0,0.00000
Gordonia sp. PP30,2935861,S,0,0.00000,0,0.00000,0,0.00000,0,0.00000,0,0.00000,0,0.00000,0,0.00000,0,0.00000,58,0.00004,0,0.00000,87,0.00013,60,0.00006,0,0.00000,0,0.00000
Dietzia psychralcaliphila,139021,S,0,0.00000,0,0.00000,0,0.00000,0,0.00000,0,0.00000,0,0.00000,0,0.00000,0,0.00000,58,0.00004,0,0.00000,0,0.00000,71,0.00007,0,0.00000,0,0.00000
Microbacterium terricola,344163,S,0,0.00000,0,0.00000,0,0.00000,0,0.00000,0,0.00000,0,0.00000,0,0.00000,0,0.00000,58,0.00004,0,0.00000,0,0.00000,41,0.00004,0,0.00000,0,0.00000
Agromyces intestinalis,2592652,S,0,0.00000,0,0.00000,0,0.00000,0,0.00000,0,0.00000,0,0.00000,0,0.00000,0,0.00000,58,0.00004,0,0.00000,0,0.00000,53,0.00005,0,0.00000,0,0.00000
Micrococcus lylae,1273,S,0,0.00000,0,0.00000,0,0.00000,0,0.00000,0,0.00000,0,0.00000,0,0.00000,0,0.00000,58,0.00004,0,0.00000,0,0.00000,139,0.00013,0,0.00000,0,0.00000
Aquisphaera giovannonii,406548,S,0,0.00000,0,0.00000,0,0.00000,0,0.00000,0,0.00000,0,0.00000,0,0.00000,0,0.00000,58,0.00004,36,0.00005,258,0.00039,153,0.00014,0,0.00000,0,0.00000
Anaeromyxobacter sp. Fw109-5,404589,S,0,0.00000,0,0.00000,0,0.00000,0,0.00000,0,0.00000,0,0.00000,0,0.00000,0,0.00000,58,0.00004,0,0.00000,229,0.00035,72,0.00007,0,0.00000,0,0.00000
Prescottella sp. R16,3064529,S,0,0.00000,0,0.00000,0,0.00000,0,0.00000,0,0.00000,0,0.00000,0,0.00000,0,0.00000,57,0.00004,0,0.00000,0,0.00000,55,0.00005,0,0.00000,0,0.00000
Cellulomonas sp. S1-8,2904790,S,0,0.00000,0,0.00000,0,0.00000,0,0.00000,0,0.00000,0,0.00000,0,0.00000,0,0.00000,57,0.00004,58,0.00007,0,0.00000,47,0.00004,0,0.00000,0,0.00000
Cellulomonas fengjieae,2819978,S,0,0.00000,0,0.00000,0,0.00000,0,0.00000,0,0.00000,0,0.00000,0,0.00000,0,0.00000,57,0.00004,0,0.00000,0,0.00000,74,0.00007,0,0.00000,0,0.00000
Ornithinimicrobium avium,2283195,S,0,0.00000,0,0.00000,0,0.00000,0,0.00000,0,0.00000,0,0.00000,0,0.00000,0,0.00000,57,0.00004,41,0.00005,85,0.00013,38,0.00004,0,0.00000,0,0.00000
Bradyrhizobium prioriisuperbiae,2854389,S,0,0.00000,0,0.00000,0,0.00000,0,0.00000,0,0.00000,0,0.00000,0,0.00000,0,0.00000,57,0.00004,34,0.00004,189,0.00029,81,0.00008,0,0.00000,0,0.00000
Mycobacterium parmense,185642,S,0,0.00000,0,0.00000,0,0.00000,0,0.00000,0,0.00000,0,0.00000,0,0.00000,0,0.00000,56,0.00004,32,0.00004,84,0.00013,64,0.00006,0,0.00000,0,0.00000
Leifsonia shinshuensis,150026,S,0,0.00000,0,0.00000,0,0.00000,0,0.00000,0,0.00000,0,0.00000,0,0.00000,0,0.00000,56,0.00004,0,0.00000,0,0.00000,66,0.00006,0,0.00000,0,0.00000
Aeromicrobium wangtongii,2969247,S,0,0.00000,0,0.00000,0,0.00000,0,0.00000,0,0.00000,0,0.00000,0,0.00000,0,0.00000,56,0.00004,51,0.00007,59,0.00009,117,0.00011,0,0.00000,0,0.00000
Bradyrhizobium sp. 186,2782654,S,0,0.00000,0,0.00000,0,0.00000,0,0.00000,0,0.00000,0,0.00000,0,0.00000,0,0.00000,56,0.00004,0,0.00000,180,0.00027,156,0.00015,0,0.00000,0,0.00000
Blastococcus brunescens,1564165,S,0,0.00000,0,0.00000,0,0.00000,0,0.00000,0,0.00000,0,0.00000,0,0.00000,0,0.00000,55,0.00004,50,0.00006,85,0.00013,117,0.00011,0,0.00000,0,0.00000
Bradyrhizobium sp. LLZ17,3239388,S,0,0.00000,0,0.00000,0,0.00000,0,0.00000,0,0.00000,0,0.00000,0,0.00000,0,0.00000,55,0.00004,0,0.00000,76,0.00012,57,0.00005,0,0.00000,0,0.00000
Xanthomonas campestris,339,S,0,0.00000,0,0.00000,0,0.00000,0,0.00000,0,0.00000,0,0.00000,0,0.00000,0,0.00000,55,0.00004,0,0.00000,83,0.00013,234,0.00022,0,0.00000,0,0.00000
Mycolicibacterium hassiacum,46351,S,0,0.00000,0,0.00000,0,0.00000,0,0.00000,0,0.00000,0,0.00000,0,0.00000,0,0.00000,54,0.00004,85,0.00011,86,0.00013,89,0.00008,0,0.00000,0,0.00000
Verrucosispora sp. WMMD1129,3016093,S,0,0.00000,0,0.00000,0,0.00000,0,0.00000,0,0.00000,0,0.00000,0,0.00000,0,0.00000,54,0.00004,0,0.00000,0,0.00000,0,0.00000,0,0.00000,0,0.00000
Microbacterium sp. AZCO,3142976,S,0,0.00000,0,0.00000,0,0.00000,0,0.00000,0,0.00000,0,0.00000,0,0.00000,0,0.00000,54,0.00004,0,0.00000,0,0.00000,35,0.00003,0,0.00000,0,0.00000
Paraoerskovia sediminicola,1138587,S,0,0.00000,0,0.00000,0,0.00000,0,0.00000,0,0.00000,0,0.00000,0,0.00000,0,0.00000,54,0.00004,61,0.00008,60,0.00009,0,0.00000,0,0.00000,0,0.00000
Actinomyces sp. Z16,2079536,S,0,0.00000,0,0.00000,0,0.00000,0,0.00000,0,0.00000,0,0.00000,0,0.00000,0,0.00000,54,0.00004,0,0.00000,0,0.00000,0,0.00000,0,0.00000,0,0.00000
uncultured Cohaesibacter sp.,1002546,S,0,0.00000,0,0.00000,0,0.00000,0,0.00000,0,0.00000,0,0.00000,0,0.00000,0,0.00000,54,0.00004,0,0.00000,81,0.00012,60,0.00006,0,0.00000,0,0.00000
Nisaea acidiphila,1862145,S,0,0.00000,0,0.00000,0,0.00000,0,0.00000,0,0.00000,0,0.00000,0,0.00000,0,0.00000,54,0.00004,0,0.00000,70,0.00011,26,0.00002,0,0.00000,0,0.00000
Nocardia huaxiensis,2755382,S,0,0.00000,0,0.00000,0,0.00000,0,0.00000,0,0.00000,0,0.00000,0,0.00000,0,0.00000,53,0.00004,40,0.00005,107,0.00016,41,0.00004,0,0.00000,0,0.00000
Rhodococcus koreensis,99653,S,0,0.00000,0,0.00000,0,0.00000,0,0.00000,0,0.00000,0,0.00000,0,0.00000,0,0.00000,53,0.00004,48,0.00006,143,0.00022,78,0.00007,0,0.00000,0,0.00000
Tsukamurella sp. PLM1,2929795,S,0,0.00000,0,0.00000,0,0.00000,0,0.00000,0,0.00000,0,0.00000,0,0.00000,0,0.00000,53,0.00004,0,0.00000,0,0.00000,47,0.00004,0,0.00000,0,0.00000
Agromyces sp. H17E-10,2932244,S,0,0.00000,0,0.00000,0,0.00000,0,0.00000,0,0.00000,0,0.00000,0,0.00000,0,0.00000,53,0.00004,119,0.00015,0,0.00000,64,0.00006,0,0.00000,0,0.00000
Aeromicrobium choanae,1736691,S,0,0.00000,0,0.00000,0,0.00000,0,0.00000,0,0.00000,0,0.00000,0,0.00000,0,0.00000,53,0.00004,0,0.00000,0,0.00000,206,0.00019,0,0.00000,0,0.00000
Jatrophihabitans telluris,2038343,S,0,0.00000,0,0.00000,0,0.00000,0,0.00000,0,0.00000,0,0.00000,0,0.00000,0,0.00000,53,0.00004,23,0.00003,37,0.00006,30,0.00003,0,0.00000,0,0.00000
Kaustia mangrovi,2593653,S,0,0.00000,0,0.00000,0,0.00000,0,0.00000,0,0.00000,0,0.00000,0,0.00000,0,0.00000,53,0.00004,0,0.00000,158,0.00024,46,0.00004,0,0.00000,0,0.00000
Microbacterium sp. XT11,367477,S,0,0.00000,0,0.00000,0,0.00000,0,0.00000,0,0.00000,0,0.00000,0,0.00000,0,0.00000,52,0.00004,0,0.00000,0,0.00000,52,0.00005,0,0.00000,0,0.00000
Herbiconiux sp. A18JL235,3152363,S,0,0.00000,0,0.00000,0,0.00000,0,0.00000,0,0.00000,0,0.00000,0,0.00000,0,0.00000,52,0.00004,0,0.00000,0,0.00000,0,0.00000,0,0.00000,0,0.00000
Janibacter melonis,262209,S,0,0.00000,0,0.00000,0,0.00000,0,0.00000,0,0.00000,0,0.00000,0,0.00000,0,0.00000,52,0.00004,0,0.00000,0,0.00000,83,0.00008,0,0.00000,0,0.00000
Ferribacterium limneticum,76259,S,0,0.00000,0,0.00000,0,0.00000,0,0.00000,0,0.00000,0,0.00000,0,0.00000,0,0.00000,52,0.00004,0,0.00000,85,0.00013,20,0.00002,0,0.00000,0,0.00000
Candidatus Nitrosocosmicus franklandus,1798806,S,0,0.00000,0,0.00000,0,0.00000,0,0.00000,0,0.00000,0,0.00000,0,0.00000,0,0.00000,52,0.00004,0,0.00000,0,0.00000,90,0.00008,0,0.00000,0,0.00000
Mycobacterium europaeum,761804,S,0,0.00000,0,0.00000,0,0.00000,0,0.00000,0,0.00000,0,0.00000,0,0.00000,0,0.00000,51,0.00004,0,0.00000,0,0.00000,63,0.00006,0,0.00000,0,0.00000
Mycolicibacter sp. MU0083,3064287,S,0,0.00000,0,0.00000,0,0.00000,0,0.00000,0,0.00000,0,0.00000,0,0.00000,0,0.00000,51,0.00004,63,0.00008,83,0.00013,436,0.00041,0,0.00000,0,0.00000
Micromonospora sp. NBC_00821,2975977,S,0,0.00000,0,0.00000,0,0.00000,0,0.00000,0,0.00000,0,0.00000,0,0.00000,0,0.00000,51,0.00004,0,0.00000,0,0.00000,0,0.00000,0,0.00000,0,0.00000
Microbacterium terrisoli,3242192,S,0,0.00000,0,0.00000,0,0.00000,0,0.00000,0,0.00000,0,0.00000,0,0.00000,0,0.00000,51,0.00004,0,0.00000,0,0.00000,0,0.00000,0,0.00000,0,0.00000
Cnuibacter physcomitrellae,1619308,S,0,0.00000,0,0.00000,0,0.00000,0,0.00000,0,0.00000,0,0.00000,0,0.00000,0,0.00000,51,0.00004,0,0.00000,0,0.00000,57,0.00005,0,0.00000,0,0.00000
Ruania zhangjianzhongii,2603206,S,0,0.00000,0,0.00000,0,0.00000,0,0.00000,0,0.00000,0,0.00000,0,0.00000,0,0.00000,51,0.00004,0,0.00000,0,0.00000,54,0.00005,0,0.00000,0,0.00000
Agrococcus sp. ProA11,3153752,S,0,0.00000,0,0.00000,0,0.00000,0,0.00000,0,0.00000,0,0.00000,0,0.00000,0,0.00000,50,0.00004,0,0.00000,0,0.00000,37,0.00003,0,0.00000,0,0.00000
Leifsonia sp. 21MFCrub1.1,1798223,S,0,0.00000,0,0.00000,0,0.00000,0,0.00000,0,0.00000,0,0.00000,0,0.00000,0,0.00000,50,0.00004,0,0.00000,0,0.00000,0,0.00000,0,0.00000,0,0.00000
Arthrobacter dokdonellae,2211210,S,0,0.00000,0,0.00000,0,0.00000,0,0.00000,0,0.00000,0,0.00000,0,0.00000,0,0.00000,50,0.00004,0,0.00000,0,0.00000,30,0.00003,0,0.00000,0,0.00000
Nocardioides baekrokdamisoli,1804624,S,0,0.00000,0,0.00000,0,0.00000,0,0.00000,0,0.00000,0,0.00000,0,0.00000,0,0.00000,50,0.00004,0,0.00000,0,0.00000,44,0.00004,0,0.00000,0,0.00000
Bradyrhizobium genosp. L,83637,S,0,0.00000,0,0.00000,0,0.00000,0,0.00000,0,0.00000,0,0.00000,0,0.00000,0,0.00000,50,0.00004,0,0.00000,147,0.00022,96,0.00009,0,0.00000,0,0.00000
Mycolicibacter hiberniae,29314,S,0,0.00000,0,0.00000,0,0.00000,0,0.00000,0,0.00000,0,0.00000,0,0.00000,0,0.00000,49,0.00004,0,0.00000,51,0.00008,575,0.00054,0,0.00000,0,0.00000
Amycolatopsis sp. 2-15,715471,S,0,0.00000,0,0.00000,0,0.00000,0,0.00000,0,0.00000,0,0.00000,0,0.00000,0,0.00000,49,0.00004,39,0.00005,90,0.00014,92,0.00009,0,0.00000,0,0.00000
Ornithinimicrobium ciconiae,2594265,S,0,0.00000,0,0.00000,0,0.00000,0,0.00000,0,0.00000,0,0.00000,0,0.00000,0,0.00000,49,0.00004,0,0.00000,37,0.00006,0,0.00000,0,0.00000,0,0.00000
Tessaracoccus sp. MC1865,2760310,S,0,0.00000,0,0.00000,0,0.00000,0,0.00000,0,0.00000,0,0.00000,0,0.00000,0,0.00000,49,0.00004,29,0.00004,0,0.00000,41,0.00004,0,0.00000,0,0.00000
Polyangium aurulentum,2567896,S,0,0.00000,0,0.00000,0,0.00000,0,0.00000,0,0.00000,0,0.00000,0,0.00000,0,0.00000,49,0.00004,46,0.00006,175,0.00027,93,0.00009,0,0.00000,0,0.00000
Labilithrix luteola,1391654,S,0,0.00000,0,0.00000,0,0.00000,0,0.00000,0,0.00000,0,0.00000,0,0.00000,0,0.00000,49,0.00004,24,0.00003,169,0.00026,62,0.00006,0,0.00000,0,0.00000
Mycolicibacterium sp. MU0050,3064284,S,0,0.00000,0,0.00000,0,0.00000,0,0.00000,0,0.00000,0,0.00000,0,0.00000,0,0.00000,48,0.00003,0,0.00000,70,0.00011,87,0.00008,0,0.00000,0,0.00000
Mycobacterium sp. DL440,2675523,S,0,0.00000,0,0.00000,0,0.00000,0,0.00000,0,0.00000,0,0.00000,0,0.00000,0,0.00000,48,0.00003,55,0.00007,127,0.00019,138,0.00013,0,0.00000,0,0.00000
Rhodococcus sp. B7740,1564114,S,0,0.00000,0,0.00000,0,0.00000,0,0.00000,0,0.00000,0,0.00000,0,0.00000,0,0.00000,48,0.00003,0,0.00000,0,0.00000,30,0.00003,0,0.00000,0,0.00000
Gordonia amarae,36821,S,0,0.00000,0,0.00000,0,0.00000,0,0.00000,0,0.00000,0,0.00000,0,0.00000,0,0.00000,48,0.00003,56,0.00007,0,0.00000,45,0.00004,0,0.00000,0,0.00000
Serinicoccus chungangensis,767452,S,0,0.00000,0,0.00000,0,0.00000,0,0.00000,0,0.00000,0,0.00000,0,0.00000,0,0.00000,48,0.00003,0,0.00000,95,0.00014,57,0.00005,0,0.00000,0,0.00000
Rubrobacter tropicus,2653851,S,0,0.00000,0,0.00000,0,0.00000,0,0.00000,0,0.00000,0,0.00000,0,0.00000,0,0.00000,48,0.00003,19,0.00002,93,0.00014,97,0.00009,0,0.00000,0,0.00000
Jatrophihabitans sp. GAS493,1907575,S,0,0.00000,0,0.00000,0,0.00000,0,0.00000,0,0.00000,0,0.00000,0,0.00000,0,0.00000,47,0.00003,25,0.00003,45,0.00007,36,0.00003,0,0.00000,0,0.00000
uncultured Roseibium sp.,1936171,S,0,0.00000,0,0.00000,0,0.00000,0,0.00000,0,0.00000,0,0.00000,0,0.00000,0,0.00000,47,0.00003,46,0.00006,120,0.00018,57,0.00005,0,0.00000,0,0.00000
Thiomonas sp. X19,1050370,S,0,0.00000,0,0.00000,0,0.00000,0,0.00000,0,0.00000,0,0.00000,0,0.00000,0,0.00000,47,0.00003,0,0.00000,42,0.00006,26,0.00002,0,0.00000,0,0.00000
Mycolicibacterium tokaiense,39695,S,0,0.00000,0,0.00000,0,0.00000,0,0.00000,0,0.00000,0,0.00000,0,0.00000,0,0.00000,46,0.00003,37,0.00005,64,0.00010,42,0.00004,0,0.00000,0,0.00000
Mycobacterium cookii,1775,S,0,0.00000,0,0.00000,0,0.00000,0,0.00000,0,0.00000,0,0.00000,0,0.00000,0,0.00000,46,0.00003,28,0.00004,0,0.00000,42,0.00004,0,0.00000,0,0.00000
Williamsia herbipolensis,1603258,S,0,0.00000,0,0.00000,0,0.00000,0,0.00000,0,0.00000,0,0.00000,0,0.00000,0,0.00000,46,0.00003,46,0.00006,0,0.00000,43,0.00004,0,0.00000,0,0.00000
Brachybacterium ginsengisoli,1331682,S,0,0.00000,0,0.00000,0,0.00000,0,0.00000,0,0.00000,0,0.00000,0,0.00000,0,0.00000,46,0.00003,55,0.00007,0,0.00000,0,0.00000,0,0.00000,0,0.00000
Acidipropionibacterium virtanenii,2057246,S,0,0.00000,0,0.00000,0,0.00000,0,0.00000,0,0.00000,0,0.00000,0,0.00000,0,0.00000,46,0.00003,0,0.00000,0,0.00000,0,0.00000,0,0.00000,0,0.00000
Acidobacterium capsulatum,33075,S,0,0.00000,0,0.00000,0,0.00000,0,0.00000,0,0.00000,0,0.00000,0,0.00000,0,0.00000,46,0.00003,0,0.00000,49,0.00007,35,0.00003,0,0.00000,0,0.00000
Nitrospira japonica,1325564,S,0,0.00000,0,0.00000,0,0.00000,0,0.00000,0,0.00000,0,0.00000,0,0.00000,0,0.00000,46,0.00003,0,0.00000,151,0.00023,111,0.00010,0,0.00000,0,0.00000
Nitrososphaera viennensis,1034015,S,0,0.00000,0,0.00000,0,0.00000,0,0.00000,0,0.00000,0,0.00000,0,0.00000,0,0.00000,46,0.00003,0,0.00000,0,0.00000,0,0.00000,0,0.00000,0,0.00000
Mycolicibacterium pulveris,36813,S,0,0.00000,0,0.00000,0,0.00000,0,0.00000,0,0.00000,0,0.00000,0,0.00000,0,0.00000,45,0.00003,67,0.00009,104,0.00016,108,0.00010,0,0.00000,0,0.00000
Rhodococcus sp. WMMA185,679318,S,0,0.00000,0,0.00000,0,0.00000,0,0.00000,0,0.00000,0,0.00000,0,0.00000,0,0.00000,45,0.00003,0,0.00000,0,0.00000,27,0.00003,0,0.00000,0,0.00000
Diaminobutyricimonas sp. LJ205,2683590,S,0,0.00000,0,0.00000,0,0.00000,0,0.00000,0,0.00000,0,0.00000,0,0.00000,0,0.00000,45,0.00003,0,0.00000,0,0.00000,32,0.00003,0,0.00000,0,0.00000
Knoellia sp. S7-12,3126698,S,0,0.00000,0,0.00000,0,0.00000,0,0.00000,0,0.00000,0,0.00000,0,0.00000,0,0.00000,45,0.00003,0,0.00000,0,0.00000,27,0.00003,0,0.00000,0,0.00000
Sinomonas sp. P10A9,3238584,S,0,0.00000,0,0.00000,0,0.00000,0,0.00000,0,0.00000,0,0.00000,0,0.00000,0,0.00000,44,0.00003,0,0.00000,0,0.00000,26,0.00002,0,0.00000,0,0.00000
Serinicoccus marinus,247333,S,0,0.00000,0,0.00000,0,0.00000,0,0.00000,0,0.00000,0,0.00000,0,0.00000,0,0.00000,44,0.00003,0,0.00000,0,0.00000,63,0.00006,0,0.00000,0,0.00000
Brachybacterium sp. Z12,2759167,S,0,0.00000,0,0.00000,0,0.00000,0,0.00000,0,0.00000,0,0.00000,0,0.00000,0,0.00000,44,0.00003,54,0.00007,0,0.00000,0,0.00000,0,0.00000,0,0.00000
Methyloceanibacter sp. wino2,2170729,S,0,0.00000,0,0.00000,0,0.00000,0,0.00000,0,0.00000,0,0.00000,0,0.00000,0,0.00000,44,0.00003,0,0.00000,155,0.00024,76,0.00007,0,0.00000,0,0.00000
Mycobacterium heckeshornense,110505,S,0,0.00000,0,0.00000,0,0.00000,0,0.00000,0,0.00000,0,0.00000,0,0.00000,0,0.00000,43,0.00003,18,0.00002,25,0.00004,27,0.00003,0,0.00000,0,0.00000
Mycobacterium seoulense,386911,S,0,0.00000,0,0.00000,0,0.00000,0,0.00000,0,0.00000,0,0.00000,0,0.00000,0,0.00000,43,0.00003,0,0.00000,0,0.00000,0,0.00000,0,0.00000,0,0.00000
Corynebacterium maris,575200,S,0,0.00000,0,0.00000,0,0.00000,0,0.00000,0,0.00000,0,0.00000,0,0.00000,0,0.00000,43,0.00003,0,0.00000,0,0.00000,0,0.00000,0,0.00000,0,0.00000
Gordonia sp. PDNC005,2811424,S,0,0.00000,0,0.00000,0,0.00000,0,0.00000,0,0.00000,0,0.00000,0,0.00000,0,0.00000,43,0.00003,41,0.00005,0,0.00000,435,0.00040,0,0.00000,0,0.00000
Gordonia zhaorongruii,2597659,S,0,0.00000,0,0.00000,0,0.00000,0,0.00000,0,0.00000,0,0.00000,0,0.00000,0,0.00000,43,0.00003,0,0.00000,0,0.00000,0,0.00000,0,0.00000,0,0.00000
Gordonia otitidis,249058,S,0,0.00000,0,0.00000,0,0.00000,0,0.00000,0,0.00000,0,0.00000,0,0.00000,0,0.00000,43,0.00003,0,0.00000,0,0.00000,38,0.00004,0,0.00000,0,0.00000
Microbacterium caowuchunii,2614638,S,0,0.00000,0,0.00000,0,0.00000,0,0.00000,0,0.00000,0,0.00000,0,0.00000,0,0.00000,43,0.00003,0,0.00000,0,0.00000,35,0.00003,0,0.00000,0,0.00000
Marisediminicola antarctica,674079,S,0,0.00000,0,0.00000,0,0.00000,0,0.00000,0,0.00000,0,0.00000,0,0.00000,0,0.00000,43,0.00003,0,0.00000,0,0.00000,0,0.00000,0,0.00000,0,0.00000
Rhodocaloribacter litoris,2558931,S,0,0.00000,0,0.00000,0,0.00000,0,0.00000,0,0.00000,0,0.00000,0,0.00000,0,0.00000,43,0.00003,0,0.00000,140,0.00021,29,0.00003,0,0.00000,0,0.00000
Nocardia sp. NBC_00416,2975991,S,0,0.00000,0,0.00000,0,0.00000,0,0.00000,0,0.00000,0,0.00000,0,0.00000,0,0.00000,42,0.00003,34,0.00004,27,0.00004,27,0.00003,0,0.00000,0,0.00000
Nocardia mangyaensis,2213200,S,0,0.00000,0,0.00000,0,0.00000,0,0.00000,0,0.00000,0,0.00000,0,0.00000,0,0.00000,42,0.00003,0,0.00000,52,0.00008,182,0.00017,0,0.00000,0,0.00000
Paenibacillus mucilaginosus,61624,S,0,0.00000,0,0.00000,0,0.00000,0,0.00000,0,0.00000,0,0.00000,0,0.00000,0,0.00000,42,0.00003,0,0.00000,0,0.00000,28,0.00003,0,0.00000,0,0.00000
Terrirubrum flagellatum,2895980,S,0,0.00000,0,0.00000,0,0.00000,0,0.00000,0,0.00000,0,0.00000,0,0.00000,0,0.00000,42,0.00003,0,0.00000,84,0.00013,41,0.00004,0,0.00000,0,0.00000
Tahibacter amnicola,2976241,S,0,0.00000,0,0.00000,0,0.00000,0,0.00000,0,0.00000,0,0.00000,0,0.00000,0,0.00000,42,0.00003,38,0.00005,49,0.00007,33,0.00003,0,0.00000,0,0.00000
Gemmata obscuriglobus,114,S,0,0.00000,0,0.00000,0,0.00000,0,0.00000,0,0.00000,0,0.00000,0,0.00000,0,0.00000,42,0.00003,34,0.00004,170,0.00026,106,0.00010,0,0.00000,0,0.00000
Archangium gephyra,48,S,0,0.00000,0,0.00000,0,0.00000,0,0.00000,0,0.00000,0,0.00000,0,0.00000,0,0.00000,42,0.00003,0,0.00000,68,0.00010,37,0.00003,0,0.00000,0,0.00000
Microbacterium horticulturae,3028316,S,0,0.00000,0,0.00000,0,0.00000,0,0.00000,0,0.00000,0,0.00000,0,0.00000,0,0.00000,41,0.00003,0,0.00000,0,0.00000,33,0.00003,0,0.00000,0,0.00000
Propionibacterium acidifaciens,556499,S,0,0.00000,0,0.00000,0,0.00000,0,0.00000,0,0.00000,0,0.00000,0,0.00000,0,0.00000,41,0.00003,32,0.00004,0,0.00000,36,0.00003,0,0.00000,0,0.00000
Mycolicibacterium psychrotolerans,216929,S,0,0.00000,0,0.00000,0,0.00000,0,0.00000,0,0.00000,0,0.00000,0,0.00000,0,0.00000,40,0.00003,0,0.00000,60,0.00009,40,0.00004,0,0.00000,0,0.00000
Mycobacterium sp. NBC_00419,2975989,S,0,0.00000,0,0.00000,0,0.00000,0,0.00000,0,0.00000,0,0.00000,0,0.00000,0,0.00000,40,0.00003,0,0.00000,0,0.00000,47,0.00004,0,0.00000,0,0.00000
Brachybacterium saurashtrense,556288,S,0,0.00000,0,0.00000,0,0.00000,0,0.00000,0,0.00000,0,0.00000,0,0.00000,0,0.00000,40,0.00003,0,0.00000,0,0.00000,52,0.00005,0,0.00000,0,0.00000
Microlunatus soli,630515,S,0,0.00000,0,0.00000,0,0.00000,0,0.00000,0,0.00000,0,0.00000,0,0.00000,0,0.00000,40,0.00003,30,0.00004,42,0.00006,61,0.00006,0,0.00000,0,0.00000
Solimonas sp. K1W22B-7,2303331,S,0,0.00000,0,0.00000,0,0.00000,0,0.00000,0,0.00000,0,0.00000,0,0.00000,0,0.00000,40,0.00003,0,0.00000,110,0.00017,26,0.00002,0,0.00000,0,0.00000
Mycolicibacterium sp. TUM20985,3023370,S,0,0.00000,0,0.00000,0,0.00000,0,0.00000,0,0.00000,0,0.00000,0,0.00000,0,0.00000,39,0.00003,24,0.00003,40,0.00006,63,0.00006,0,0.00000,0,0.00000
Nocardia sp. NBC_01503,2975997,S,0,0.00000,0,0.00000,0,0.00000,0,0.00000,0,0.00000,0,0.00000,0,0.00000,0,0.00000,39,0.00003,0,0.00000,27,0.00004,25,0.00002,0,0.00000,0,0.00000
Ornithinimicrobium sufpigmenti,2508882,S,0,0.00000,0,0.00000,0,0.00000,0,0.00000,0,0.00000,0,0.00000,0,0.00000,0,0.00000,39,0.00003,0,0.00000,0,0.00000,0,0.00000,0,0.00000,0,0.00000
Polaromonas sp. JS666,296591,S,0,0.00000,0,0.00000,0,0.00000,0,0.00000,0,0.00000,0,0.00000,0,0.00000,0,0.00000,39,0.00003,0,0.00000,87,0.00013,183,0.00017,0,0.00000,0,0.00000
Melittangium boletus,83453,S,0,0.00000,0,0.00000,0,0.00000,0,0.00000,0,0.00000,0,0.00000,0,0.00000,0,0.00000,39,0.00003,0,0.00000,69,0.00011,42,0.00004,0,0.00000,0,0.00000
Mesoterricola sediminis,2927980,S,0,0.00000,0,0.00000,0,0.00000,0,0.00000,0,0.00000,0,0.00000,0,0.00000,0,0.00000,39,0.00003,0,0.00000,0,0.00000,24,0.00002,0,0.00000,0,0.00000
Mycolicibacterium mengxianglii,2736649,S,0,0.00000,0,0.00000,0,0.00000,0,0.00000,0,0.00000,0,0.00000,0,0.00000,0,0.00000,38,0.00003,0,0.00000,45,0.00007,29,0.00003,0,0.00000,0,0.00000
Mycobacterium sp. DL592,2675524,S,0,0.00000,0,0.00000,0,0.00000,0,0.00000,0,0.00000,0,0.00000,0,0.00000,0,0.00000,38,0.00003,0,0.00000,0,0.00000,26,0.00002,0,0.00000,0,0.00000
Actinomyces capricornis,2755559,S,0,0.00000,0,0.00000,0,0.00000,0,0.00000,0,0.00000,0,0.00000,0,0.00000,0,0.00000,38,0.00003,0,0.00000,0,0.00000,0,0.00000,0,0.00000,0,0.00000
Methylobacterium nodulans,114616,S,0,0.00000,0,0.00000,0,0.00000,0,0.00000,0,0.00000,0,0.00000,0,0.00000,0,0.00000,38,0.00003,0,0.00000,122,0.00019,47,0.00004,0,0.00000,0,0.00000
Stigmatella aurantiaca,41,S,0,0.00000,0,0.00000,0,0.00000,0,0.00000,0,0.00000,0,0.00000,0,0.00000,0,0.00000,38,0.00003,0,0.00000,106,0.00016,69,0.00006,0,0.00000,0,0.00000
Candidatus Nitrospira inopinata,1715989,S,0,0.00000,0,0.00000,0,0.00000,0,0.00000,0,0.00000,0,0.00000,0,0.00000,0,0.00000,38,0.00003,0,0.00000,88,0.00013,28,0.00003,0,0.00000,0,0.00000
Mycolicibacter minnesotensis,1118379,S,0,0.00000,0,0.00000,0,0.00000,0,0.00000,0,0.00000,0,0.00000,0,0.00000,0,0.00000,37,0.00003,0,0.00000,73,0.00011,558,0.00052,0,0.00000,0,0.00000
Actinomyces howellii,52771,S,0,0.00000,0,0.00000,0,0.00000,0,0.00000,0,0.00000,0,0.00000,0,0.00000,0,0.00000,37,0.00003,0,0.00000,0,0.00000,0,0.00000,0,0.00000,0,0.00000
Natronoglycomyces albus,2811108,S,0,0.00000,0,0.00000,0,0.00000,0,0.00000,0,0.00000,0,0.00000,0,0.00000,0,0.00000,37,0.00003,20,0.00003,0,0.00000,0,0.00000,0,0.00000,0,0.00000
Geothrix sp. 21YS21S-2,3068893,S,0,0.00000,0,0.00000,0,0.00000,0,0.00000,0,0.00000,0,0.00000,0,0.00000,0,0.00000,37,0.00003,0,0.00000,58,0.00009,0,0.00000,0,0.00000,0,0.00000
Mycolicibacterium confluentis,28047,S,0,0.00000,0,0.00000,0,0.00000,0,0.00000,0,0.00000,0,0.00000,0,0.00000,0,0.00000,36,0.00003,0,0.00000,33,0.00005,57,0.00005,0,0.00000,0,0.00000
Mycobacterium kubicae,120959,S,0,0.00000,0,0.00000,0,0.00000,0,0.00000,0,0.00000,0,0.00000,0,0.00000,0,0.00000,36,0.00003,0,0.00000,41,0.00006,73,0.00007,0,0.00000,0,0.00000
Gordonia sp. SL306,2995145,S,0,0.00000,0,0.00000,0,0.00000,0,0.00000,0,0.00000,0,0.00000,0,0.00000,0,0.00000,36,0.00003,0,0.00000,28,0.00004,29,0.00003,0,0.00000,0,0.00000
Gephyromycinifex aptenodytis,2716227,S,0,0.00000,0,0.00000,0,0.00000,0,0.00000,0,0.00000,0,0.00000,0,0.00000,0,0.00000,36,0.00003,34,0.00004,0,0.00000,0,0.00000,0,0.00000,0,0.00000
Aquabacter sp. L1I39,2820278,S,0,0.00000,0,0.00000,0,0.00000,0,0.00000,0,0.00000,0,0.00000,0,0.00000,0,0.00000,36,0.00003,0,0.00000,102,0.00016,42,0.00004,0,0.00000,0,0.00000
Mycolicibacterium arabiense,1286181,S,0,0.00000,0,0.00000,0,0.00000,0,0.00000,0,0.00000,0,0.00000,0,0.00000,0,0.00000,35,0.00003,37,0.00005,52,0.00008,58,0.00005,0,0.00000,0,0.00000
Hyphomicrobium sp. ghe19,2682968,S,0,0.00000,0,0.00000,0,0.00000,0,0.00000,0,0.00000,0,0.00000,0,0.00000,0,0.00000,35,0.00003,0,0.00000,70,0.00011,37,0.00003,0,0.00000,0,0.00000
Lacunisphaera limnophila,1838286,S,0,0.00000,0,0.00000,0,0.00000,0,0.00000,0,0.00000,0,0.00000,0,0.00000,0,0.00000,35,0.00003,59,0.00008,96,0.00015,44,0.00004,0,0.00000,0,0.00000
Mycolicibacterium aurum,1791,S,0,0.00000,0,0.00000,0,0.00000,0,0.00000,0,0.00000,0,0.00000,0,0.00000,0,0.00000,34,0.00002,45,0.00006,34,0.00005,48,0.00004,0,0.00000,0,0.00000
Actinomyces israelii,1659,S,0,0.00000,0,0.00000,0,0.00000,0,0.00000,0,0.00000,0,0.00000,0,0.00000,0,0.00000,34,0.00002,67,0.00009,82,0.00012,45,0.00004,0,0.00000,0,0.00000
Deinococcus metallilatus,1211322,S,0,0.00000,0,0.00000,0,0.00000,0,0.00000,0,0.00000,0,0.00000,0,0.00000,0,0.00000,34,0.00002,0,0.00000,0,0.00000,0,0.00000,0,0.00000,0,0.00000
Bradyrhizobium sp. CB82,3039159,S,0,0.00000,0,0.00000,0,0.00000,0,0.00000,0,0.00000,0,0.00000,0,0.00000,0,0.00000,34,0.00002,0,0.00000,189,0.00029,89,0.00008,0,0.00000,0,0.00000
Sphingomonas sediminicola,386874,S,0,0.00000,0,0.00000,0,0.00000,0,0.00000,0,0.00000,0,0.00000,0,0.00000,0,0.00000,34,0.00002,0,0.00000,45,0.00007,44,0.00004,0,0.00000,0,0.00000
Gemmata sp. SH-PL17,1630693,S,0,0.00000,0,0.00000,0,0.00000,0,0.00000,0,0.00000,0,0.00000,0,0.00000,0,0.00000,34,0.00002,0,0.00000,118,0.00018,103,0.00010,0,0.00000,0,0.00000
Phycisphaera mikurensis,547188,S,0,0.00000,0,0.00000,0,0.00000,0,0.00000,0,0.00000,0,0.00000,0,0.00000,0,0.00000,33,0.00002,0,0.00000,41,0.00006,17,0.00002,0,0.00000,0,0.00000
Chondromyces crocatus,52,S,0,0.00000,0,0.00000,0,0.00000,0,0.00000,0,0.00000,0,0.00000,0,0.00000,0,0.00000,33,0.00002,15,0.00002,73,0.00011,37,0.00003,0,0.00000,0,0.00000
Methylocella silvestris,199596,S,0,0.00000,0,0.00000,0,0.00000,0,0.00000,0,0.00000,0,0.00000,0,0.00000,0,0.00000,32,0.00002,0,0.00000,39,0.00006,0,0.00000,0,0.00000,0,0.00000
Thiohalobacter sp. IOR34,3057176,S,0,0.00000,0,0.00000,0,0.00000,0,0.00000,0,0.00000,0,0.00000,0,0.00000,0,0.00000,32,0.00002,0,0.00000,47,0.00007,0,0.00000,0,0.00000,0,0.00000
Mycolicibacterium helvum,1534349,S,0,0.00000,0,0.00000,0,0.00000,0,0.00000,0,0.00000,0,0.00000,0,0.00000,0,0.00000,31,0.00002,0,0.00000,0,0.00000,31,0.00003,0,0.00000,0,0.00000
Mycobacterium paraterrae,577492,S,0,0.00000,0,0.00000,0,0.00000,0,0.00000,0,0.00000,0,0.00000,0,0.00000,0,0.00000,30,0.00002,0,0.00000,0,0.00000,28,0.00003,0,0.00000,0,0.00000
Bradyrhizobium canariense,255045,S,0,0.00000,0,0.00000,0,0.00000,0,0.00000,0,0.00000,0,0.00000,0,0.00000,0,0.00000,30,0.00002,28,0.00004,109,0.00017,80,0.00007,0,0.00000,0,0.00000
Pirellulimonas nuda,2528009,S,0,0.00000,0,0.00000,0,0.00000,0,0.00000,0,0.00000,0,0.00000,0,0.00000,0,0.00000,30,0.00002,0,0.00000,68,0.00010,58,0.00005,0,0.00000,0,0.00000
Occallatibacter riparius,1002689,S,0,0.00000,0,0.00000,0,0.00000,0,0.00000,0,0.00000,0,0.00000,0,0.00000,0,0.00000,30,0.00002,0,0.00000,41,0.00006,34,0.00003,0,0.00000,0,0.00000
Paludibaculum fermentans,1473598,S,0,0.00000,0,0.00000,0,0.00000,0,0.00000,0,0.00000,0,0.00000,0,0.00000,0,0.00000,30,0.00002,0,0.00000,111,0.00017,46,0.00004,0,0.00000,0,0.00000
Glaciihabitans sp. INWT7,2596912,S,0,0.00000,0,0.00000,0,0.00000,0,0.00000,0,0.00000,0,0.00000,0,0.00000,0,0.00000,29,0.00002,0,0.00000,0,0.00000,0,0.00000,0,0.00000,0,0.00000
Ruania alkalisoli,2779775,S,0,0.00000,0,0.00000,0,0.00000,0,0.00000,0,0.00000,0,0.00000,0,0.00000,0,0.00000,29,0.00002,0,0.00000,0,0.00000,21,0.00002,0,0.00000,0,0.00000
Planctomyces sp. SH-PL14,1632864,S,0,0.00000,0,0.00000,0,0.00000,0,0.00000,0,0.00000,0,0.00000,0,0.00000,0,0.00000,29,0.00002,25,0.00003,57,0.00009,44,0.00004,0,0.00000,0,0.00000
Candidatus Mycobacterium wuenschmannii,3027808,S,0,0.00000,0,0.00000,0,0.00000,0,0.00000,0,0.00000,0,0.00000,0,0.00000,0,0.00000,28,0.00002,0,0.00000,0,0.00000,24,0.00002,0,0.00000,0,0.00000
Rhodococcus sp. P1Y,1302308,S,0,0.00000,0,0.00000,0,0.00000,0,0.00000,0,0.00000,0,0.00000,0,0.00000,0,0.00000,28,0.00002,0,0.00000,0,0.00000,24,0.00002,0,0.00000,0,0.00000
Gordonia insulae,2420509,S,0,0.00000,0,0.00000,0,0.00000,0,0.00000,0,0.00000,0,0.00000,0,0.00000,0,0.00000,28,0.00002,0,0.00000,0,0.00000,37,0.00003,0,0.00000,0,0.00000
Spiribacter halobius,2182432,S,0,0.00000,0,0.00000,0,0.00000,0,0.00000,0,0.00000,0,0.00000,0,0.00000,0,0.00000,28,0.00002,0,0.00000,48,0.00007,28,0.00003,0,0.00000,0,0.00000
Botrimarina mediterranea,2528022,S,0,0.00000,0,0.00000,0,0.00000,0,0.00000,0,0.00000,0,0.00000,0,0.00000,0,0.00000,28,0.00002,0,0.00000,64,0.00010,32,0.00003,0,0.00000,0,0.00000
uncultured Paludibaculum sp.,1765020,S,0,0.00000,0,0.00000,0,0.00000,0,0.00000,0,0.00000,0,0.00000,0,0.00000,0,0.00000,28,0.00002,0,0.00000,103,0.00016,52,0.00005,0,0.00000,0,0.00000
Mycobacterium mantenii,560555,S,0,0.00000,0,0.00000,0,0.00000,0,0.00000,0,0.00000,0,0.00000,0,0.00000,0,0.00000,27,0.00002,24,0.00003,0,0.00000,41,0.00004,0,0.00000,0,0.00000
Mycobacterium ostraviense,2738409,S,0,0.00000,0,0.00000,0,0.00000,0,0.00000,0,0.00000,0,0.00000,0,0.00000,0,0.00000,27,0.00002,0,0.00000,0,0.00000,32,0.00003,0,0.00000,0,0.00000
Hoyosella subflava,639313,S,0,0.00000,0,0.00000,0,0.00000,0,0.00000,0,0.00000,0,0.00000,0,0.00000,0,0.00000,27,0.00002,0,0.00000,29,0.00004,0,0.00000,0,0.00000,0,0.00000
Symbiobacterium thermophilum,2734,S,0,0.00000,0,0.00000,0,0.00000,0,0.00000,0,0.00000,0,0.00000,0,0.00000,0,0.00000,27,0.00002,0,0.00000,47,0.00007,26,0.00002,0,0.00000,0,0.00000
Mycobacterium lentiflavum,141349,S,0,0.00000,0,0.00000,0,0.00000,0,0.00000,0,0.00000,0,0.00000,0,0.00000,0,0.00000,26,0.00002,0,0.00000,0,0.00000,34,0.00003,0,0.00000,0,0.00000
Mycobacterium spongiae,886343,S,0,0.00000,0,0.00000,0,0.00000,0,0.00000,0,0.00000,0,0.00000,0,0.00000,0,0.00000,26,0.00002,0,0.00000,0,0.00000,18,0.00002,0,0.00000,0,0.00000
Mycobacterium lacus,169765,S,0,0.00000,0,0.00000,0,0.00000,0,0.00000,0,0.00000,0,0.00000,0,0.00000,0,0.00000,26,0.00002,0,0.00000,0,0.00000,19,0.00002,0,0.00000,0,0.00000
Microlunatus sp. Gsoil 973,2672569,S,0,0.00000,0,0.00000,0,0.00000,0,0.00000,0,0.00000,0,0.00000,0,0.00000,0,0.00000,26,0.00002,0,0.00000,28,0.00004,24,0.00002,0,0.00000,0,0.00000
Caldinitratiruptor microaerophilus,671077,S,0,0.00000,0,0.00000,0,0.00000,0,0.00000,0,0.00000,0,0.00000,0,0.00000,0,0.00000,26,0.00002,0,0.00000,63,0.00010,38,0.00004,0,0.00000,0,0.00000
Candidatus Mycobacterium methanotrophicum,2943498,S,0,0.00000,0,0.00000,0,0.00000,0,0.00000,0,0.00000,0,0.00000,0,0.00000,0,0.00000,25,0.00002,18,0.00002,34,0.00005,37,0.00003,0,0.00000,0,0.00000
Rhodococcus sovatensis,1805840,S,0,0.00000,0,0.00000,0,0.00000,0,0.00000,0,0.00000,0,0.00000,0,0.00000,0,0.00000,24,0.00002,0,0.00000,0,0.00000,35,0.00003,0,0.00000,0,0.00000
Demequina sp. TMPB413,2881056,S,0,0.00000,0,0.00000,0,0.00000,0,0.00000,0,0.00000,0,0.00000,0,0.00000,0,0.00000,24,0.00002,0,0.00000,0,0.00000,0,0.00000,0,0.00000,0,0.00000
Vulcanimicrobium alpinum,3016050,S,0,0.00000,0,0.00000,0,0.00000,0,0.00000,0,0.00000,0,0.00000,0,0.00000,0,0.00000,24,0.00002,0,0.00000,58,0.00009,22,0.00002,0,0.00000,0,0.00000
Limnoglobus roseus,2598579,S,0,0.00000,0,0.00000,0,0.00000,0,0.00000,0,0.00000,0,0.00000,0,0.00000,0,0.00000,24,0.00002,15,0.00002,112,0.00017,58,0.00005,0,0.00000,0,0.00000
Planctellipticum variicoloris,3064265,S,0,0.00000,0,0.00000,0,0.00000,0,0.00000,0,0.00000,0,0.00000,0,0.00000,0,0.00000,23,0.00002,0,0.00000,65,0.00010,40,0.00004,0,0.00000,0,0.00000
Alloacidobacterium dinghuense,2763107,S,0,0.00000,0,0.00000,0,0.00000,0,0.00000,0,0.00000,0,0.00000,0,0.00000,0,0.00000,23,0.00002,0,0.00000,66,0.00010,33,0.00003,0,0.00000,0,0.00000
Austwickia chelonae,100225,S,0,0.00000,0,0.00000,0,0.00000,0,0.00000,0,0.00000,0,0.00000,0,0.00000,0,0.00000,22,0.00002,0,0.00000,0,0.00000,0,0.00000,0,0.00000,0,0.00000
Deinococcus aetherius,200252,S,0,0.00000,0,0.00000,0,0.00000,0,0.00000,0,0.00000,0,0.00000,0,0.00000,0,0.00000,22,0.00002,26,0.00003,63,0.00010,70,0.00007,0,0.00000,0,0.00000
Aquisalimonas sp. 2447,2740807,S,0,0.00000,0,0.00000,0,0.00000,0,0.00000,0,0.00000,0,0.00000,0,0.00000,0,0.00000,22,0.00002,0,0.00000,34,0.00005,0,0.00000,0,0.00000,0,0.00000
Paraflavitalea speifideaquila,3076558,S,0,0.00000,0,0.00000,0,0.00000,0,0.00000,0,0.00000,0,0.00000,0,0.00000,0,0.00000,22,0.00002,0,0.00000,0,0.00000,0,0.00000,0,0.00000,0,0.00000
Gemmatimonas aurantiaca,173480,S,0,0.00000,0,0.00000,0,0.00000,0,0.00000,0,0.00000,0,0.00000,0,0.00000,0,0.00000,22,0.00002,0,0.00000,55,0.00008,17,0.00002,0,0.00000,0,0.00000
Mycobacterium simiae,1784,S,0,0.00000,0,0.00000,0,0.00000,0,0.00000,0,0.00000,0,0.00000,0,0.00000,0,0.00000,21,0.00002,0,0.00000,30,0.00005,22,0.00002,0,0.00000,0,0.00000
Mycobacterium shigaense,722731,S,0,0.00000,0,0.00000,0,0.00000,0,0.00000,0,0.00000,0,0.00000,0,0.00000,0,0.00000,21,0.00002,0,0.00000,0,0.00000,24,0.00002,0,0.00000,0,0.00000
Mycobacterium basiliense,2094119,S,0,0.00000,0,0.00000,0,0.00000,0,0.00000,0,0.00000,0,0.00000,0,0.00000,0,0.00000,21,0.00002,17,0.00002,0,0.00000,12,0.00001,0,0.00000,0,0.00000
Mycobacterium noviomagense,459858,S,0,0.00000,0,0.00000,0,0.00000,0,0.00000,0,0.00000,0,0.00000,0,0.00000,0,0.00000,21,0.00002,0,0.00000,0,0.00000,22,0.00002,0,0.00000,0,0.00000
Propionibacterium australiense,119981,S,0,0.00000,0,0.00000,0,0.00000,0,0.00000,0,0.00000,0,0.00000,0,0.00000,0,0.00000,21,0.00002,0,0.00000,0,0.00000,0,0.00000,0,0.00000,0,0.00000
Humisphaera borealis,2807512,S,0,0.00000,0,0.00000,0,0.00000,0,0.00000,0,0.00000,0,0.00000,0,0.00000,0,0.00000,21,0.00002,0,0.00000,92,0.00014,27,0.00003,0,0.00000,0,0.00000
Sulfidibacter corallicola,2818388,S,0,0.00000,0,0.00000,0,0.00000,0,0.00000,0,0.00000,0,0.00000,0,0.00000,0,0.00000,21,0.00002,0,0.00000,29,0.00004,16,0.00001,0,0.00000,0,0.00000
Wenzhouxiangella marina,1579979,S,0,0.00000,0,0.00000,0,0.00000,0,0.00000,0,0.00000,0,0.00000,0,0.00000,0,0.00000,20,0.00001,0,0.00000,36,0.00005,0,0.00000,0,0.00000,0,0.00000
Opitutus terrae,107709,S,0,0.00000,0,0.00000,0,0.00000,0,0.00000,0,0.00000,0,0.00000,0,0.00000,0,0.00000,20,0.00001,0,0.00000,76,0.00012,30,0.00003,0,0.00000,0,0.00000
Mycobacterium stomatepiae,470076,S,0,0.00000,0,0.00000,0,0.00000,0,0.00000,0,0.00000,0,0.00000,0,0.00000,0,0.00000,19,0.00001,0,0.00000,0,0.00000,22,0.00002,0,0.00000,0,0.00000
Mycobacterium vicinigordonae,1719132,S,0,0.00000,0,0.00000,0,0.00000,0,0.00000,0,0.00000,0,0.00000,0,0.00000,0,0.00000,19,0.00001,0,0.00000,0,0.00000,23,0.00002,0,0.00000,0,0.00000
Flagellatimonas centrodinii,2806210,S,0,0.00000,0,0.00000,0,0.00000,0,0.00000,0,0.00000,0,0.00000,0,0.00000,0,0.00000,19,0.00001,0,0.00000,19,0.00003,0,0.00000,0,0.00000,0,0.00000
Gemmatimonas phototrophica,1379270,S,0,0.00000,0,0.00000,0,0.00000,0,0.00000,0,0.00000,0,0.00000,0,0.00000,0,0.00000,19,0.00001,0,0.00000,56,0.00009,0,0.00000,0,0.00000,0,0.00000
Deinococcus sp. AB2017081,3093660,S,0,0.00000,0,0.00000,0,0.00000,0,0.00000,0,0.00000,0,0.00000,0,0.00000,0,0.00000,18,0.00001,0,0.00000,0,0.00000,0,0.00000,0,0.00000,0,0.00000
Rhizobium etli,29449,S,0,0.00000,0,0.00000,0,0.00000,0,0.00000,0,0.00000,0,0.00000,0,0.00000,0,0.00000,16,0.00001,0,0.00000,60,0.00009,70,0.00007,0,0.00000,0,0.00000
Mycobacterium riyadhense,486698,S,0,0.00000,0,0.00000,0,0.00000,0,0.00000,0,0.00000,0,0.00000,0,0.00000,0,0.00000,15,0.00001,22,0.00003,34,0.00005,38,0.00004,0,0.00000,0,0.00000
Mycobacterium haemophilum,29311,S,0,0.00000,0,0.00000,0,0.00000,0,0.00000,0,0.00000,0,0.00000,0,0.00000,0,0.00000,15,0.00001,0,0.00000,0,0.00000,0,0.00000,0,0.00000,0,0.00000
Rubrobacter indicoceani,2051957,S,0,0.00000,0,0.00000,0,0.00000,0,0.00000,0,0.00000,0,0.00000,0,0.00000,0,0.00000,15,0.00001,0,0.00000,0,0.00000,0,0.00000,0,0.00000,0,0.00000
Rubrobacter marinus,2653852,S,0,0.00000,0,0.00000,0,0.00000,0,0.00000,0,0.00000,0,0.00000,0,0.00000,0,0.00000,15,0.00001,0,0.00000,48,0.00007,62,0.00006,0,0.00000,0,0.00000
Alcaligenes faecalis,511,S,0,0.00000,0,0.00000,0,0.00000,0,0.00000,0,0.00000,0,0.00000,0,0.00000,0,0.00000,0,0.00000,11934,0.01522,4476,0.00682,41069,0.03822,0,0.00000,0,0.00000
Klebsiella pneumoniae,573,S,0,0.00000,0,0.00000,0,0.00000,0,0.00000,0,0.00000,0,0.00000,0,0.00000,0,0.00000,0,0.00000,6100,0.00778,0,0.00000,2380,0.00221,0,0.00000,0,0.00000
Denitrificimonas caeni,521720,S,0,0.00000,0,0.00000,0,0.00000,0,0.00000,0,0.00000,0,0.00000,0,0.00000,0,0.00000,0,0.00000,1270,0.00162,0,0.00000,173,0.00016,0,0.00000,0,0.00000
Sphingopyxis granuli,267128,S,0,0.00000,0,0.00000,0,0.00000,0,0.00000,0,0.00000,0,0.00000,0,0.00000,0,0.00000,0,0.00000,946,0.00121,583,0.00089,2196,0.00204,0,0.00000,0,0.00000
Moraxella osloensis,34062,S,0,0.00000,0,0.00000,0,0.00000,0,0.00000,0,0.00000,0,0.00000,0,0.00000,0,0.00000,0,0.00000,937,0.00119,175,0.00027,95,0.00009,0,0.00000,0,0.00000
Variovorax sp. WDL1,207745,S,0,0.00000,0,0.00000,0,0.00000,0,0.00000,0,0.00000,0,0.00000,0,0.00000,0,0.00000,0,0.00000,821,0.00105,2013,0.00307,327,0.00030,0,0.00000,0,0.00000
Paracoccus methylovorus,2812658,S,0,0.00000,0,0.00000,0,0.00000,0,0.00000,0,0.00000,0,0.00000,0,0.00000,0,0.00000,0,0.00000,727,0.00093,0,0.00000,0,0.00000,0,0.00000,0,0.00000
Thiopseudomonas alkaliphila,1697053,S,0,0.00000,0,0.00000,0,0.00000,0,0.00000,0,0.00000,0,0.00000,0,0.00000,0,0.00000,0,0.00000,677,0.00086,0,0.00000,0,0.00000,0,0.00000,0,0.00000
Variovorax sp. RA8,662548,S,0,0.00000,0,0.00000,0,0.00000,0,0.00000,0,0.00000,0,0.00000,0,0.00000,0,0.00000,0,0.00000,554,0.00071,1996,0.00304,276,0.00026,0,0.00000,0,0.00000
Stappia indica,538381,S,0,0.00000,0,0.00000,0,0.00000,0,0.00000,0,0.00000,0,0.00000,0,0.00000,0,0.00000,0,0.00000,437,0.00056,608,0.00093,264,0.00025,0,0.00000,0,0.00000
Aliarcobacter cryaerophilus,28198,S,0,0.00000,0,0.00000,0,0.00000,0,0.00000,0,0.00000,0,0.00000,0,0.00000,0,0.00000,0,0.00000,383,0.00049,0,0.00000,244,0.00023,0,0.00000,0,0.00000
Castellaniella defragrans,75697,S,0,0.00000,0,0.00000,0,0.00000,0,0.00000,0,0.00000,0,0.00000,0,0.00000,0,0.00000,0,0.00000,365,0.00047,529,0.00081,8241,0.00767,0,0.00000,0,0.00000
Cupriavidus gilardii,82541,S,0,0.00000,0,0.00000,0,0.00000,0,0.00000,0,0.00000,0,0.00000,0,0.00000,0,0.00000,0,0.00000,357,0.00046,524,0.00080,0,0.00000,0,0.00000,0,0.00000
Lelliottia amnigena,61646,S,0,0.00000,0,0.00000,0,0.00000,0,0.00000,0,0.00000,0,0.00000,0,0.00000,0,0.00000,0,0.00000,317,0.00040,0,0.00000,0,0.00000,0,0.00000,0,0.00000
Simplicispira suum,2109915,S,0,0.00000,0,0.00000,0,0.00000,0,0.00000,0,0.00000,0,0.00000,0,0.00000,0,0.00000,0,0.00000,308,0.00039,0,0.00000,156723,0.14585,0,0.00000,0,0.00000
Pararhizobium sp. A13,3133975,S,0,0.00000,0,0.00000,0,0.00000,0,0.00000,0,0.00000,0,0.00000,0,0.00000,0,0.00000,0,0.00000,225,0.00029,172,0.00026,231,0.00021,0,0.00000,0,0.00000
Vibrio casei,673372,S,0,0.00000,0,0.00000,0,0.00000,0,0.00000,0,0.00000,0,0.00000,0,0.00000,0,0.00000,0,0.00000,197,0.00025,0,0.00000,185,0.00017,0,0.00000,0,0.00000
Streptomyces sp. NBC_00243,2975688,S,0,0.00000,0,0.00000,0,0.00000,0,0.00000,0,0.00000,0,0.00000,0,0.00000,0,0.00000,0,0.00000,194,0.00025,0,0.00000,0,0.00000,0,0.00000,0,0.00000
Mycolicibacter virginiensis,1795032,S,0,0.00000,0,0.00000,0,0.00000,0,0.00000,0,0.00000,0,0.00000,0,0.00000,0,0.00000,0,0.00000,192,0.00024,427,0.00065,8418,0.00783,0,0.00000,0,0.00000
Pseudomonas sp. BT-42-2,2986927,S,0,0.00000,0,0.00000,0,0.00000,0,0.00000,0,0.00000,0,0.00000,0,0.00000,0,0.00000,0,0.00000,168,0.00021,0,0.00000,0,0.00000,0,0.00000,0,0.00000
Variovorax boronicumulans,436515,S,0,0.00000,0,0.00000,0,0.00000,0,0.00000,0,0.00000,0,0.00000,0,0.00000,0,0.00000,0,0.00000,140,0.00018,180,0.00027,128,0.00012,0,0.00000,0,0.00000
Pelosinus fermentans,365349,S,0,0.00000,0,0.00000,0,0.00000,0,0.00000,0,0.00000,0,0.00000,0,0.00000,0,0.00000,0,0.00000,134,0.00017,0,0.00000,0,0.00000,0,0.00000,0,0.00000
Azospirillum sp. B510,137722,S,0,0.00000,0,0.00000,0,0.00000,0,0.00000,0,0.00000,0,0.00000,0,0.00000,0,0.00000,0,0.00000,123,0.00016,69,0.00011,0,0.00000,0,0.00000,0,0.00000
Pseudomonas oryzihabitans,47885,S,0,0.00000,0,0.00000,0,0.00000,0,0.00000,0,0.00000,0,0.00000,0,0.00000,0,0.00000,0,0.00000,123,0.00016,234,0.00036,212,0.00020,0,0.00000,0,0.00000
Castellaniella ginsengisoli,546114,S,0,0.00000,0,0.00000,0,0.00000,0,0.00000,0,0.00000,0,0.00000,0,0.00000,0,0.00000,0,0.00000,116,0.00015,0,0.00000,6435,0.00599,0,0.00000,0,0.00000
Pseudomonas alvandae,2842348,S,0,0.00000,0,0.00000,0,0.00000,0,0.00000,0,0.00000,0,0.00000,0,0.00000,0,0.00000,0,0.00000,109,0.00014,0,0.00000,333,0.00031,0,0.00000,0,0.00000
Pseudomonas cucumis,2954082,S,0,0.00000,0,0.00000,0,0.00000,0,0.00000,0,0.00000,0,0.00000,0,0.00000,0,0.00000,0,0.00000,108,0.00014,0,0.00000,345,0.00032,0,0.00000,0,0.00000
Gordonia rubripertincta,36822,S,0,0.00000,0,0.00000,0,0.00000,0,0.00000,0,0.00000,0,0.00000,0,0.00000,0,0.00000,0,0.00000,107,0.00014,0,0.00000,113,0.00011,0,0.00000,0,0.00000
Mycolicibacterium grossiae,1552759,S,0,0.00000,0,0.00000,0,0.00000,0,0.00000,0,0.00000,0,0.00000,0,0.00000,0,0.00000,0,0.00000,106,0.00014,154,0.00023,85,0.00008,0,0.00000,0,0.00000
Mycolicibacter sp. MU0102,3064288,S,0,0.00000,0,0.00000,0,0.00000,0,0.00000,0,0.00000,0,0.00000,0,0.00000,0,0.00000,0,0.00000,104,0.00013,392,0.00060,8624,0.00803,0,0.00000,0,0.00000
Streptomyces alboflavus,67267,S,0,0.00000,0,0.00000,0,0.00000,0,0.00000,0,0.00000,0,0.00000,0,0.00000,0,0.00000,0,0.00000,96,0.00012,157,0.00024,89,0.00008,0,0.00000,0,0.00000
Sinorhizobium meliloti,382,S,0,0.00000,0,0.00000,0,0.00000,0,0.00000,0,0.00000,0,0.00000,0,0.00000,0,0.00000,0,0.00000,92,0.00012,0,0.00000,89,0.00008,0,0.00000,0,0.00000
Thermomonas sp. XSG,2771436,S,0,0.00000,0,0.00000,0,0.00000,0,0.00000,0,0.00000,0,0.00000,0,0.00000,0,0.00000,0,0.00000,92,0.00012,0,0.00000,69,0.00006,0,0.00000,0,0.00000
Pseudomonas sp. C27(2019),2604941,S,0,0.00000,0,0.00000,0,0.00000,0,0.00000,0,0.00000,0,0.00000,0,0.00000,0,0.00000,0,0.00000,86,0.00011,0,0.00000,57,0.00005,0,0.00000,0,0.00000
Variovorax sp. V213,3065955,S,0,0.00000,0,0.00000,0,0.00000,0,0.00000,0,0.00000,0,0.00000,0,0.00000,0,0.00000,0,0.00000,80,0.00010,111,0.00017,44,0.00004,0,0.00000,0,0.00000
Pararhizobium sp. BT-229,2986923,S,0,0.00000,0,0.00000,0,0.00000,0,0.00000,0,0.00000,0,0.00000,0,0.00000,0,0.00000,0,0.00000,78,0.00010,66,0.00010,61,0.00006,0,0.00000,0,0.00000
Streptomyces sp. R41,3238632,S,0,0.00000,0,0.00000,0,0.00000,0,0.00000,0,0.00000,0,0.00000,0,0.00000,0,0.00000,0,0.00000,76,0.00010,0,0.00000,67,0.00006,0,0.00000,0,0.00000
[Mycobacterium] stephanolepidis,1520670,S,0,0.00000,0,0.00000,0,0.00000,0,0.00000,0,0.00000,0,0.00000,0,0.00000,0,0.00000,0,0.00000,75,0.00010,0,0.00000,0,0.00000,0,0.00000,0,0.00000
Mycobacterium sp. EPa45,1545728,S,0,0.00000,0,0.00000,0,0.00000,0,0.00000,0,0.00000,0,0.00000,0,0.00000,0,0.00000,0,0.00000,66,0.00008,55,0.00008,93,0.00009,0,0.00000,0,0.00000
Pseudomonas syringae,317,S,0,0.00000,0,0.00000,0,0.00000,0,0.00000,0,0.00000,0,0.00000,0,0.00000,0,0.00000,0,0.00000,66,0.00008,0,0.00000,166,0.00015,0,0.00000,0,0.00000
Rhizobium sp. TH2,2775403,S,0,0.00000,0,0.00000,0,0.00000,0,0.00000,0,0.00000,0,0.00000,0,0.00000,0,0.00000,0,0.00000,64,0.00008,0,0.00000,71,0.00007,0,0.00000,0,0.00000
Devosia sp. FJ2-5-3,2976680,S,0,0.00000,0,0.00000,0,0.00000,0,0.00000,0,0.00000,0,0.00000,0,0.00000,0,0.00000,0,0.00000,63,0.00008,0,0.00000,37,0.00003,0,0.00000,0,0.00000
Pararhizobium sp. YC-54,2986920,S,0,0.00000,0,0.00000,0,0.00000,0,0.00000,0,0.00000,0,0.00000,0,0.00000,0,0.00000,0,0.00000,60,0.00008,49,0.00007,75,0.00007,0,0.00000,0,0.00000
Bradyrhizobium ontarionense,2898149,S,0,0.00000,0,0.00000,0,0.00000,0,0.00000,0,0.00000,0,0.00000,0,0.00000,0,0.00000,0,0.00000,50,0.00006,133,0.00020,44,0.00004,0,0.00000,0,0.00000
Gordonia jinghuaiqii,2758710,S,0,0.00000,0,0.00000,0,0.00000,0,0.00000,0,0.00000,0,0.00000,0,0.00000,0,0.00000,0,0.00000,38,0.00005,47,0.00007,42,0.00004,0,0.00000,0,0.00000
Variovorax sp. WS11,1105204,S,0,0.00000,0,0.00000,0,0.00000,0,0.00000,0,0.00000,0,0.00000,0,0.00000,0,0.00000,0,0.00000,35,0.00004,132,0.00020,25,0.00002,0,0.00000,0,0.00000
Gemmata massiliana,1210884,S,0,0.00000,0,0.00000,0,0.00000,0,0.00000,0,0.00000,0,0.00000,0,0.00000,0,0.00000,0,0.00000,33,0.00004,117,0.00018,94,0.00009,0,0.00000,0,0.00000
Ruania halotolerans,2897773,S,0,0.00000,0,0.00000,0,0.00000,0,0.00000,0,0.00000,0,0.00000,0,0.00000,0,0.00000,0,0.00000,24,0.00003,0,0.00000,22,0.00002,0,0.00000,0,0.00000
Sphaerobacter thermophilus,2057,S,0,0.00000,0,0.00000,0,0.00000,0,0.00000,0,0.00000,0,0.00000,0,0.00000,0,0.00000,0,0.00000,12,0.00002,33,0.00005,31,0.00003,0,0.00000,0,0.00000
Bacillus velezensis,492670,S,0,0.00000,0,0.00000,0,0.00000,0,0.00000,0,0.00000,0,0.00000,0,0.00000,0,0.00000,0,0.00000,0,0.00000,24605,0.03748,0,0.00000,0,0.00000,0,0.00000
Variovorax sp. PBL-H6,434009,S,0,0.00000,0,0.00000,0,0.00000,0,0.00000,0,0.00000,0,0.00000,0,0.00000,0,0.00000,0,0.00000,0,0.00000,3290,0.00501,248,0.00023,0,0.00000,0,0.00000
uncultured Desulfosarcina sp.,218289,S,0,0.00000,0,0.00000,0,0.00000,0,0.00000,0,0.00000,0,0.00000,0,0.00000,0,0.00000,0,0.00000,0,0.00000,1740,0.00265,0,0.00000,0,0.00000,0,0.00000
Rhodoferax koreense,1842727,S,0,0.00000,0,0.00000,0,0.00000,0,0.00000,0,0.00000,0,0.00000,0,0.00000,0,0.00000,0,0.00000,0,0.00000,1426,0.00217,227,0.00021,0,0.00000,0,0.00000
Shinella sp. XGS7,2877941,S,0,0.00000,0,0.00000,0,0.00000,0,0.00000,0,0.00000,0,0.00000,0,0.00000,0,0.00000,0,0.00000,0,0.00000,1333,0.00203,0,0.00000,0,0.00000,0,0.00000
Variovorax sp. PBS-H4,434008,S,0,0.00000,0,0.00000,0,0.00000,0,0.00000,0,0.00000,0,0.00000,0,0.00000,0,0.00000,0,0.00000,0,0.00000,1182,0.00180,116,0.00011,0,0.00000,0,0.00000
Sphingomonas sp. MM-1,745310,S,0,0.00000,0,0.00000,0,0.00000,0,0.00000,0,0.00000,0,0.00000,0,0.00000,0,0.00000,0,0.00000,0,0.00000,1122,0.00171,0,0.00000,0,0.00000,0,0.00000
Aerosticca soli,2010829,S,0,0.00000,0,0.00000,0,0.00000,0,0.00000,0,0.00000,0,0.00000,0,0.00000,0,0.00000,0,0.00000,0,0.00000,1053,0.00160,116,0.00011,0,0.00000,0,0.00000
Achromobacter xylosoxidans,85698,S,0,0.00000,0,0.00000,0,0.00000,0,0.00000,0,0.00000,0,0.00000,0,0.00000,0,0.00000,0,0.00000,0,0.00000,1043,0.00159,250,0.00023,0,0.00000,0,0.00000
Cupriavidus basilensis,68895,S,0,0.00000,0,0.00000,0,0.00000,0,0.00000,0,0.00000,0,0.00000,0,0.00000,0,0.00000,0,0.00000,0,0.00000,1013,0.00154,162,0.00015,0,0.00000,0,0.00000
Achromobacter sp. AONIH1,1758194,S,0,0.00000,0,0.00000,0,0.00000,0,0.00000,0,0.00000,0,0.00000,0,0.00000,0,0.00000,0,0.00000,0,0.00000,971,0.00148,154,0.00014,0,0.00000,0,0.00000
Bradyrhizobium ottawaense,931866,S,0,0.00000,0,0.00000,0,0.00000,0,0.00000,0,0.00000,0,0.00000,0,0.00000,0,0.00000,0,0.00000,0,0.00000,962,0.00147,681,0.00063,0,0.00000,0,0.00000
Hydrogenophaga sp. BPS33,2651974,S,0,0.00000,0,0.00000,0,0.00000,0,0.00000,0,0.00000,0,0.00000,0,0.00000,0,0.00000,0,0.00000,0,0.00000,941,0.00143,335,0.00031,0,0.00000,0,0.00000
Hydrogenophaga sp. PBC,795665,S,0,0.00000,0,0.00000,0,0.00000,0,0.00000,0,0.00000,0,0.00000,0,0.00000,0,0.00000,0,0.00000,0,0.00000,785,0.00120,143,0.00013,0,0.00000,0,0.00000
Thauera aminoaromatica,164330,S,0,0.00000,0,0.00000,0,0.00000,0,0.00000,0,0.00000,0,0.00000,0,0.00000,0,0.00000,0,0.00000,0,0.00000,706,0.00108,99,0.00009,0,0.00000,0,0.00000
Streptomyces melanogenes,67326,S,0,0.00000,0,0.00000,0,0.00000,0,0.00000,0,0.00000,0,0.00000,0,0.00000,0,0.00000,0,0.00000,0,0.00000,699,0.00106,99,0.00009,0,0.00000,0,0.00000
Thauera sp. K11,2005884,S,0,0.00000,0,0.00000,0,0.00000,0,0.00000,0,0.00000,0,0.00000,0,0.00000,0,0.00000,0,0.00000,0,0.00000,696,0.00106,87,0.00008,0,0.00000,0,0.00000
Ralstonia mannitolilytica,105219,S,0,0.00000,0,0.00000,0,0.00000,0,0.00000,0,0.00000,0,0.00000,0,0.00000,0,0.00000,0,0.00000,0,0.00000,695,0.00106,0,0.00000,0,0.00000,0,0.00000
Sphingobium amiense,135719,S,0,0.00000,0,0.00000,0,0.00000,0,0.00000,0,0.00000,0,0.00000,0,0.00000,0,0.00000,0,0.00000,0,0.00000,671,0.00102,0,0.00000,0,0.00000,0,0.00000
Afipia sp. GAS231,1882747,S,0,0.00000,0,0.00000,0,0.00000,0,0.00000,0,0.00000,0,0.00000,0,0.00000,0,0.00000,0,0.00000,0,0.00000,652,0.00099,531,0.00049,0,0.00000,0,0.00000
Thauera sp. GDN1,2944810,S,0,0.00000,0,0.00000,0,0.00000,0,0.00000,0,0.00000,0,0.00000,0,0.00000,0,0.00000,0,0.00000,0,0.00000,561,0.00085,87,0.00008,0,0.00000,0,0.00000
Rhizorhabdus dicambivorans,1850238,S,0,0.00000,0,0.00000,0,0.00000,0,0.00000,0,0.00000,0,0.00000,0,0.00000,0,0.00000,0,0.00000,0,0.00000,547,0.00083,0,0.00000,0,0.00000,0,0.00000
Paracidovorax avenae,80867,S,0,0.00000,0,0.00000,0,0.00000,0,0.00000,0,0.00000,0,0.00000,0,0.00000,0,0.00000,0,0.00000,0,0.00000,522,0.00080,372,0.00035,0,0.00000,0,0.00000
Hydrogenophaga crocea,2716225,S,0,0.00000,0,0.00000,0,0.00000,0,0.00000,0,0.00000,0,0.00000,0,0.00000,0,0.00000,0,0.00000,0,0.00000,481,0.00073,0,0.00000,0,0.00000,0,0.00000
Pigmentiphaga sp. CHJ604,3081984,S,0,0.00000,0,0.00000,0,0.00000,0,0.00000,0,0.00000,0,0.00000,0,0.00000,0,0.00000,0,0.00000,0,0.00000,477,0.00073,55,0.00005,0,0.00000,0,0.00000
Streptomyces sp. NBC_01361,2903838,S,0,0.00000,0,0.00000,0,0.00000,0,0.00000,0,0.00000,0,0.00000,0,0.00000,0,0.00000,0,0.00000,0,0.00000,453,0.00069,273,0.00025,0,0.00000,0,0.00000
Azoarcus sp. DD4,2027405,S,0,0.00000,0,0.00000,0,0.00000,0,0.00000,0,0.00000,0,0.00000,0,0.00000,0,0.00000,0,0.00000,0,0.00000,451,0.00069,51,0.00005,0,0.00000,0,0.00000
Lysobacter gummosus,262324,S,0,0.00000,0,0.00000,0,0.00000,0,0.00000,0,0.00000,0,0.00000,0,0.00000,0,0.00000,0,0.00000,0,0.00000,443,0.00067,0,0.00000,0,0.00000,0,0.00000
Sterolibacterium denitrificans,157592,S,0,0.00000,0,0.00000,0,0.00000,0,0.00000,0,0.00000,0,0.00000,0,0.00000,0,0.00000,0,0.00000,0,0.00000,425,0.00065,35,0.00003,0,0.00000,0,0.00000
Bradyrhizobium sp. SK17,2057741,S,0,0.00000,0,0.00000,0,0.00000,0,0.00000,0,0.00000,0,0.00000,0,0.00000,0,0.00000,0,0.00000,0,0.00000,424,0.00065,272,0.00025,0,0.00000,0,0.00000
Casimicrobium huifangae,2591109,S,0,0.00000,0,0.00000,0,0.00000,0,0.00000,0,0.00000,0,0.00000,0,0.00000,0,0.00000,0,0.00000,0,0.00000,406,0.00062,42,0.00004,0,0.00000,0,0.00000
Agrobacterium tumefaciens,358,S,0,0.00000,0,0.00000,0,0.00000,0,0.00000,0,0.00000,0,0.00000,0,0.00000,0,0.00000,0,0.00000,0,0.00000,394,0.00060,221,0.00021,0,0.00000,0,0.00000
Achromobacter spanius,217203,S,0,0.00000,0,0.00000,0,0.00000,0,0.00000,0,0.00000,0,0.00000,0,0.00000,0,0.00000,0,0.00000,0,0.00000,378,0.00058,191,0.00018,0,0.00000,0,0.00000
Sulfuritortus calidifontis,1914471,S,0,0.00000,0,0.00000,0,0.00000,0,0.00000,0,0.00000,0,0.00000,0,0.00000,0,0.00000,0,0.00000,0,0.00000,375,0.00057,0,0.00000,0,0.00000,0,0.00000
Parazoarcus communis,41977,S,0,0.00000,0,0.00000,0,0.00000,0,0.00000,0,0.00000,0,0.00000,0,0.00000,0,0.00000,0,0.00000,0,0.00000,357,0.00054,58,0.00005,0,0.00000,0,0.00000
Chitinivorax sp. PXF-14,3230488,S,0,0.00000,0,0.00000,0,0.00000,0,0.00000,0,0.00000,0,0.00000,0,0.00000,0,0.00000,0,0.00000,0,0.00000,352,0.00054,36,0.00003,0,0.00000,0,0.00000
Bradyrhizobium septentrionale,1404411,S,0,0.00000,0,0.00000,0,0.00000,0,0.00000,0,0.00000,0,0.00000,0,0.00000,0,0.00000,0,0.00000,0,0.00000,347,0.00053,254,0.00024,0,0.00000,0,0.00000
Phenylobacterium zucineum,284016,S,0,0.00000,0,0.00000,0,0.00000,0,0.00000,0,0.00000,0,0.00000,0,0.00000,0,0.00000,0,0.00000,0,0.00000,323,0.00049,234,0.00022,0,0.00000,0,0.00000
Bordetella genomosp. 9,1416803,S,0,0.00000,0,0.00000,0,0.00000,0,0.00000,0,0.00000,0,0.00000,0,0.00000,0,0.00000,0,0.00000,0,0.00000,322,0.00049,30,0.00003,0,0.00000,0,0.00000
Ancylobacter polymorphus,223390,S,0,0.00000,0,0.00000,0,0.00000,0,0.00000,0,0.00000,0,0.00000,0,0.00000,0,0.00000,0,0.00000,0,0.00000,316,0.00048,121,0.00011,0,0.00000,0,0.00000
Clostridium tetani,1513,S,0,0.00000,0,0.00000,0,0.00000,0,0.00000,0,0.00000,0,0.00000,0,0.00000,0,0.00000,0,0.00000,0,0.00000,303,0.00046,34,0.00003,0,0.00000,0,0.00000
Bordetella trematum,123899,S,0,0.00000,0,0.00000,0,0.00000,0,0.00000,0,0.00000,0,0.00000,0,0.00000,0,0.00000,0,0.00000,0,0.00000,302,0.00046,75,0.00007,0,0.00000,0,0.00000
Pseudazoarcus pumilus,2067960,S,0,0.00000,0,0.00000,0,0.00000,0,0.00000,0,0.00000,0,0.00000,0,0.00000,0,0.00000,0,0.00000,0,0.00000,293,0.00045,30,0.00003,0,0.00000,0,0.00000
Tepidimonas taiwanensis,307486,S,0,0.00000,0,0.00000,0,0.00000,0,0.00000,0,0.00000,0,0.00000,0,0.00000,0,0.00000,0,0.00000,0,0.00000,290,0.00044,52,0.00005,0,0.00000,0,0.00000
Aquabacterium sp. J223,2898431,S,0,0.00000,0,0.00000,0,0.00000,0,0.00000,0,0.00000,0,0.00000,0,0.00000,0,0.00000,0,0.00000,0,0.00000,284,0.00043,90,0.00008,0,0.00000,0,0.00000
Marinicauda algicola,2029849,S,0,0.00000,0,0.00000,0,0.00000,0,0.00000,0,0.00000,0,0.00000,0,0.00000,0,0.00000,0,0.00000,0,0.00000,282,0.00043,0,0.00000,0,0.00000,0,0.00000
Lysobacter sp. S4-A87,2925843,S,0,0.00000,0,0.00000,0,0.00000,0,0.00000,0,0.00000,0,0.00000,0,0.00000,0,0.00000,0,0.00000,0,0.00000,266,0.00041,0,0.00000,0,0.00000,0,0.00000
Thioalkalivibrio sulfidiphilus,1033854,S,0,0.00000,0,0.00000,0,0.00000,0,0.00000,0,0.00000,0,0.00000,0,0.00000,0,0.00000,0,0.00000,0,0.00000,261,0.00040,70,0.00007,0,0.00000,0,0.00000
Streptomyces sp. NBC_01445,2903869,S,0,0.00000,0,0.00000,0,0.00000,0,0.00000,0,0.00000,0,0.00000,0,0.00000,0,0.00000,0,0.00000,0,0.00000,255,0.00039,181,0.00017,0,0.00000,0,0.00000
Paroceanicella profunda,2579971,S,0,0.00000,0,0.00000,0,0.00000,0,0.00000,0,0.00000,0,0.00000,0,0.00000,0,0.00000,0,0.00000,0,0.00000,255,0.00039,0,0.00000,0,0.00000,0,0.00000
Bradyrhizobium sp. C-145,574727,S,0,0.00000,0,0.00000,0,0.00000,0,0.00000,0,0.00000,0,0.00000,0,0.00000,0,0.00000,0,0.00000,0,0.00000,254,0.00039,212,0.00020,0,0.00000,0,0.00000
Pseudomonas chlororaphis,587753,S,0,0.00000,0,0.00000,0,0.00000,0,0.00000,0,0.00000,0,0.00000,0,0.00000,0,0.00000,0,0.00000,0,0.00000,251,0.00038,542,0.00050,0,0.00000,0,0.00000
Bradyrhizobium symbiodeficiens,1404367,S,0,0.00000,0,0.00000,0,0.00000,0,0.00000,0,0.00000,0,0.00000,0,0.00000,0,0.00000,0,0.00000,0,0.00000,247,0.00038,0,0.00000,0,0.00000,0,0.00000
Mesorhizobium sp. M9A.F.Ca.ET.002.03.1.2,2493668,S,0,0.00000,0,0.00000,0,0.00000,0,0.00000,0,0.00000,0,0.00000,0,0.00000,0,0.00000,0,0.00000,0,0.00000,236,0.00036,213,0.00020,0,0.00000,0,0.00000
Kaistia sp. 32K,2795690,S,0,0.00000,0,0.00000,0,0.00000,0,0.00000,0,0.00000,0,0.00000,0,0.00000,0,0.00000,0,0.00000,0,0.00000,230,0.00035,108,0.00010,0,0.00000,0,0.00000
uncultured Pleomorphomonas sp.,442121,S,0,0.00000,0,0.00000,0,0.00000,0,0.00000,0,0.00000,0,0.00000,0,0.00000,0,0.00000,0,0.00000,0,0.00000,224,0.00034,88,0.00008,0,0.00000,0,0.00000
Desulfarculus baarsii,453230,S,0,0.00000,0,0.00000,0,0.00000,0,0.00000,0,0.00000,0,0.00000,0,0.00000,0,0.00000,0,0.00000,0,0.00000,221,0.00034,86,0.00008,0,0.00000,0,0.00000
Crenobacter cavernae,2290923,S,0,0.00000,0,0.00000,0,0.00000,0,0.00000,0,0.00000,0,0.00000,0,0.00000,0,0.00000,0,0.00000,0,0.00000,220,0.00034,45,0.00004,0,0.00000,0,0.00000
Sphingomonas cannabina,2899123,S,0,0.00000,0,0.00000,0,0.00000,0,0.00000,0,0.00000,0,0.00000,0,0.00000,0,0.00000,0,0.00000,0,0.00000,213,0.00032,56,0.00005,0,0.00000,0,0.00000
Erythrobacter litoralis,39960,S,0,0.00000,0,0.00000,0,0.00000,0,0.00000,0,0.00000,0,0.00000,0,0.00000,0,0.00000,0,0.00000,0,0.00000,212,0.00032,0,0.00000,0,0.00000,0,0.00000
Streptomyces sp. LRE541,2931983,S,0,0.00000,0,0.00000,0,0.00000,0,0.00000,0,0.00000,0,0.00000,0,0.00000,0,0.00000,0,0.00000,0,0.00000,211,0.00032,0,0.00000,0,0.00000,0,0.00000
Geotalea uraniireducens,351604,S,0,0.00000,0,0.00000,0,0.00000,0,0.00000,0,0.00000,0,0.00000,0,0.00000,0,0.00000,0,0.00000,0,0.00000,211,0.00032,58,0.00005,0,0.00000,0,0.00000
Nitratireductor sp. GISD-1A_MAKvit,3234198,S,0,0.00000,0,0.00000,0,0.00000,0,0.00000,0,0.00000,0,0.00000,0,0.00000,0,0.00000,0,0.00000,0,0.00000,203,0.00031,111,0.00010,0,0.00000,0,0.00000
Bradyrhizobium quebecense,2748629,S,0,0.00000,0,0.00000,0,0.00000,0,0.00000,0,0.00000,0,0.00000,0,0.00000,0,0.00000,0,0.00000,0,0.00000,199,0.00030,178,0.00017,0,0.00000,0,0.00000
Roseovarius indicus,540747,S,0,0.00000,0,0.00000,0,0.00000,0,0.00000,0,0.00000,0,0.00000,0,0.00000,0,0.00000,0,0.00000,0,0.00000,199,0.00030,0,0.00000,0,0.00000,0,0.00000
Mesorhizobium huakuii,28104,S,0,0.00000,0,0.00000,0,0.00000,0,0.00000,0,0.00000,0,0.00000,0,0.00000,0,0.00000,0,0.00000,0,0.00000,198,0.00030,239,0.00022,0,0.00000,0,0.00000
Sphingopyxis fribergensis,1515612,S,0,0.00000,0,0.00000,0,0.00000,0,0.00000,0,0.00000,0,0.00000,0,0.00000,0,0.00000,0,0.00000,0,0.00000,197,0.00030,142,0.00013,0,0.00000,0,0.00000
Nocardioides faecalis,2803858,S,0,0.00000,0,0.00000,0,0.00000,0,0.00000,0,0.00000,0,0.00000,0,0.00000,0,0.00000,0,0.00000,0,0.00000,195,0.00030,147,0.00014,0,0.00000,0,0.00000
Hydrogenophilus thermoluteolus,297,S,0,0.00000,0,0.00000,0,0.00000,0,0.00000,0,0.00000,0,0.00000,0,0.00000,0,0.00000,0,0.00000,0,0.00000,195,0.00030,0,0.00000,0,0.00000,0,0.00000
Chelativorans sp. AA-79,3028735,S,0,0.00000,0,0.00000,0,0.00000,0,0.00000,0,0.00000,0,0.00000,0,0.00000,0,0.00000,0,0.00000,0,0.00000,193,0.00029,83,0.00008,0,0.00000,0,0.00000
Rhodococcus pseudokoreensis,2811421,S,0,0.00000,0,0.00000,0,0.00000,0,0.00000,0,0.00000,0,0.00000,0,0.00000,0,0.00000,0,0.00000,0,0.00000,192,0.00029,120,0.00011,0,0.00000,0,0.00000
Rhizobium gallicum,56730,S,0,0.00000,0,0.00000,0,0.00000,0,0.00000,0,0.00000,0,0.00000,0,0.00000,0,0.00000,0,0.00000,0,0.00000,187,0.00028,423,0.00039,0,0.00000,0,0.00000
Schlegelella aquatica,376175,S,0,0.00000,0,0.00000,0,0.00000,0,0.00000,0,0.00000,0,0.00000,0,0.00000,0,0.00000,0,0.00000,0,0.00000,184,0.00028,0,0.00000,0,0.00000,0,0.00000
Anaeromyxobacter sp. K,447217,S,0,0.00000,0,0.00000,0,0.00000,0,0.00000,0,0.00000,0,0.00000,0,0.00000,0,0.00000,0,0.00000,0,0.00000,180,0.00027,0,0.00000,0,0.00000,0,0.00000
Bradyrhizobium sp. 6(2017),1197460,S,0,0.00000,0,0.00000,0,0.00000,0,0.00000,0,0.00000,0,0.00000,0,0.00000,0,0.00000,0,0.00000,0,0.00000,179,0.00027,143,0.00013,0,0.00000,0,0.00000
Variovorax sp. V116,3065953,S,0,0.00000,0,0.00000,0,0.00000,0,0.00000,0,0.00000,0,0.00000,0,0.00000,0,0.00000,0,0.00000,0,0.00000,178,0.00027,0,0.00000,0,0.00000,0,0.00000
Bradyrhizobium sp. B097,3140244,S,0,0.00000,0,0.00000,0,0.00000,0,0.00000,0,0.00000,0,0.00000,0,0.00000,0,0.00000,0,0.00000,0,0.00000,173,0.00026,117,0.00011,0,0.00000,0,0.00000
Orrella dioscoreae,1851544,S,0,0.00000,0,0.00000,0,0.00000,0,0.00000,0,0.00000,0,0.00000,0,0.00000,0,0.00000,0,0.00000,0,0.00000,173,0.00026,68,0.00006,0,0.00000,0,0.00000
Paucibacter sediminis,3019553,S,0,0.00000,0,0.00000,0,0.00000,0,0.00000,0,0.00000,0,0.00000,0,0.00000,0,0.00000,0,0.00000,0,0.00000,172,0.00026,37,0.00003,0,0.00000,0,0.00000
Bradyrhizobium sp. 41S5,1404443,S,0,0.00000,0,0.00000,0,0.00000,0,0.00000,0,0.00000,0,0.00000,0,0.00000,0,0.00000,0,0.00000,0,0.00000,171,0.00026,164,0.00015,0,0.00000,0,0.00000
Arthrobacter sp. 24S4-2,2575374,S,0,0.00000,0,0.00000,0,0.00000,0,0.00000,0,0.00000,0,0.00000,0,0.00000,0,0.00000,0,0.00000,0,0.00000,170,0.00026,124,0.00012,0,0.00000,0,0.00000
Mesorhizobium sp. 113-1-2,2744515,S,0,0.00000,0,0.00000,0,0.00000,0,0.00000,0,0.00000,0,0.00000,0,0.00000,0,0.00000,0,0.00000,0,0.00000,168,0.00026,0,0.00000,0,0.00000,0,0.00000
Mesorhizobium australicum,536018,S,0,0.00000,0,0.00000,0,0.00000,0,0.00000,0,0.00000,0,0.00000,0,0.00000,0,0.00000,0,0.00000,0,0.00000,168,0.00026,137,0.00013,0,0.00000,0,0.00000
Thiobacillus sp. SCUT-2,3110231,S,0,0.00000,0,0.00000,0,0.00000,0,0.00000,0,0.00000,0,0.00000,0,0.00000,0,0.00000,0,0.00000,0,0.00000,165,0.00025,0,0.00000,0,0.00000,0,0.00000
Azorhizobium caulinodans,7,S,0,0.00000,0,0.00000,0,0.00000,0,0.00000,0,0.00000,0,0.00000,0,0.00000,0,0.00000,0,0.00000,0,0.00000,164,0.00025,37,0.00003,0,0.00000,0,0.00000
Azoarcus olearius,418699,S,0,0.00000,0,0.00000,0,0.00000,0,0.00000,0,0.00000,0,0.00000,0,0.00000,0,0.00000,0,0.00000,0,0.00000,163,0.00025,34,0.00003,0,0.00000,0,0.00000
Azoarcus sp. CIB,198107,S,0,0.00000,0,0.00000,0,0.00000,0,0.00000,0,0.00000,0,0.00000,0,0.00000,0,0.00000,0,0.00000,0,0.00000,160,0.00024,33,0.00003,0,0.00000,0,0.00000
Paramagnetospirillum magneticum,84159,S,0,0.00000,0,0.00000,0,0.00000,0,0.00000,0,0.00000,0,0.00000,0,0.00000,0,0.00000,0,0.00000,0,0.00000,158,0.00024,0,0.00000,0,0.00000,0,0.00000
Myxococcus xanthus,34,S,0,0.00000,0,0.00000,0,0.00000,0,0.00000,0,0.00000,0,0.00000,0,0.00000,0,0.00000,0,0.00000,0,0.00000,158,0.00024,91,0.00008,0,0.00000,0,0.00000
Arthrobacter sp. NtRootA1,2830983,S,0,0.00000,0,0.00000,0,0.00000,0,0.00000,0,0.00000,0,0.00000,0,0.00000,0,0.00000,0,0.00000,0,0.00000,157,0.00024,98,0.00009,0,0.00000,0,0.00000
Phreatobacter aquaticus,2570229,S,0,0.00000,0,0.00000,0,0.00000,0,0.00000,0,0.00000,0,0.00000,0,0.00000,0,0.00000,0,0.00000,0,0.00000,157,0.00024,41,0.00004,0,0.00000,0,0.00000
Alkaliphilus oremlandii,461876,S,0,0.00000,0,0.00000,0,0.00000,0,0.00000,0,0.00000,0,0.00000,0,0.00000,0,0.00000,0,0.00000,0,0.00000,154,0.00023,88,0.00008,0,0.00000,0,0.00000
Mesorhizobium sp. M1B.F.Ca.ET.045.04.1.1,2493673,S,0,0.00000,0,0.00000,0,0.00000,0,0.00000,0,0.00000,0,0.00000,0,0.00000,0,0.00000,0,0.00000,0,0.00000,153,0.00023,78,0.00007,0,0.00000,0,0.00000
Salinicola lusitanus,1949085,S,0,0.00000,0,0.00000,0,0.00000,0,0.00000,0,0.00000,0,0.00000,0,0.00000,0,0.00000,0,0.00000,0,0.00000,153,0.00023,0,0.00000,0,0.00000,0,0.00000
Mesorhizobium sp. M7D.F.Ca.US.005.01.1.1,2493678,S,0,0.00000,0,0.00000,0,0.00000,0,0.00000,0,0.00000,0,0.00000,0,0.00000,0,0.00000,0,0.00000,0,0.00000,151,0.00023,84,0.00008,0,0.00000,0,0.00000
Mesorhizobium sp. 131-2-1,2744518,S,0,0.00000,0,0.00000,0,0.00000,0,0.00000,0,0.00000,0,0.00000,0,0.00000,0,0.00000,0,0.00000,0,0.00000,151,0.00023,176,0.00016,0,0.00000,0,0.00000
Paracoccus sanguinis,1545044,S,0,0.00000,0,0.00000,0,0.00000,0,0.00000,0,0.00000,0,0.00000,0,0.00000,0,0.00000,0,0.00000,0,0.00000,151,0.00023,0,0.00000,0,0.00000,0,0.00000
Serpentinimonas maccroryi,1458426,S,0,0.00000,0,0.00000,0,0.00000,0,0.00000,0,0.00000,0,0.00000,0,0.00000,0,0.00000,0,0.00000,0,0.00000,151,0.00023,0,0.00000,0,0.00000,0,0.00000
Bradyrhizobium sp. ORS 278,114615,S,0,0.00000,0,0.00000,0,0.00000,0,0.00000,0,0.00000,0,0.00000,0,0.00000,0,0.00000,0,0.00000,0,0.00000,150,0.00023,58,0.00005,0,0.00000,0,0.00000
Allosphingosinicella indica,941907,S,0,0.00000,0,0.00000,0,0.00000,0,0.00000,0,0.00000,0,0.00000,0,0.00000,0,0.00000,0,0.00000,0,0.00000,147,0.00022,40,0.00004,0,0.00000,0,0.00000
Pikeienuella piscinae,2748098,S,0,0.00000,0,0.00000,0,0.00000,0,0.00000,0,0.00000,0,0.00000,0,0.00000,0,0.00000,0,0.00000,0,0.00000,147,0.00022,0,0.00000,0,0.00000,0,0.00000
Oceanobacillus sp. FSL K6-3682,2921503,S,0,0.00000,0,0.00000,0,0.00000,0,0.00000,0,0.00000,0,0.00000,0,0.00000,0,0.00000,0,0.00000,0,0.00000,146,0.00022,0,0.00000,0,0.00000,0,0.00000
Streptomyces sp. NBC_01723,2975921,S,0,0.00000,0,0.00000,0,0.00000,0,0.00000,0,0.00000,0,0.00000,0,0.00000,0,0.00000,0,0.00000,0,0.00000,145,0.00022,0,0.00000,0,0.00000,0,0.00000
Methylobacterium terrae,2202827,S,0,0.00000,0,0.00000,0,0.00000,0,0.00000,0,0.00000,0,0.00000,0,0.00000,0,0.00000,0,0.00000,0,0.00000,144,0.00022,0,0.00000,0,0.00000,0,0.00000
Indioceanicola profundi,2220096,S,0,0.00000,0,0.00000,0,0.00000,0,0.00000,0,0.00000,0,0.00000,0,0.00000,0,0.00000,0,0.00000,0,0.00000,144,0.00022,60,0.00006,0,0.00000,0,0.00000
Methylibium sp. Pch-M,2082386,S,0,0.00000,0,0.00000,0,0.00000,0,0.00000,0,0.00000,0,0.00000,0,0.00000,0,0.00000,0,0.00000,0,0.00000,139,0.00021,44,0.00004,0,0.00000,0,0.00000
Microvirga thermotolerans,2651334,S,0,0.00000,0,0.00000,0,0.00000,0,0.00000,0,0.00000,0,0.00000,0,0.00000,0,0.00000,0,0.00000,0,0.00000,138,0.00021,38,0.00004,0,0.00000,0,0.00000
Bradyrhizobium sp. CCBAU 53340,1325112,S,0,0.00000,0,0.00000,0,0.00000,0,0.00000,0,0.00000,0,0.00000,0,0.00000,0,0.00000,0,0.00000,0,0.00000,137,0.00021,129,0.00012,0,0.00000,0,0.00000
Azospirillum argentinense,2970906,S,0,0.00000,0,0.00000,0,0.00000,0,0.00000,0,0.00000,0,0.00000,0,0.00000,0,0.00000,0,0.00000,0,0.00000,136,0.00021,0,0.00000,0,0.00000,0,0.00000
Aromatoleum petrolei,76116,S,0,0.00000,0,0.00000,0,0.00000,0,0.00000,0,0.00000,0,0.00000,0,0.00000,0,0.00000,0,0.00000,0,0.00000,136,0.00021,45,0.00004,0,0.00000,0,0.00000
Neorhizobium galegae,399,S,0,0.00000,0,0.00000,0,0.00000,0,0.00000,0,0.00000,0,0.00000,0,0.00000,0,0.00000,0,0.00000,0,0.00000,135,0.00021,295,0.00027,0,0.00000,0,0.00000
Thiobacillus sp.,924,S,0,0.00000,0,0.00000,0,0.00000,0,0.00000,0,0.00000,0,0.00000,0,0.00000,0,0.00000,0,0.00000,0,0.00000,135,0.00021,0,0.00000,0,0.00000,0,0.00000
Azoarcus sp. KH32C,748247,S,0,0.00000,0,0.00000,0,0.00000,0,0.00000,0,0.00000,0,0.00000,0,0.00000,0,0.00000,0,0.00000,0,0.00000,135,0.00021,25,0.00002,0,0.00000,0,0.00000
Rhodopseudomonas boonkerdii,475937,S,0,0.00000,0,0.00000,0,0.00000,0,0.00000,0,0.00000,0,0.00000,0,0.00000,0,0.00000,0,0.00000,0,0.00000,134,0.00020,153,0.00014,0,0.00000,0,0.00000
Hyphomicrobium nitrativorans,1427356,S,0,0.00000,0,0.00000,0,0.00000,0,0.00000,0,0.00000,0,0.00000,0,0.00000,0,0.00000,0,0.00000,0,0.00000,134,0.00020,43,0.00004,0,0.00000,0,0.00000
Georgenia sp. TF02-10,2917725,S,0,0.00000,0,0.00000,0,0.00000,0,0.00000,0,0.00000,0,0.00000,0,0.00000,0,0.00000,0,0.00000,0,0.00000,133,0.00020,0,0.00000,0,0.00000,0,0.00000
Methyloceanibacter caenitepidi,1384459,S,0,0.00000,0,0.00000,0,0.00000,0,0.00000,0,0.00000,0,0.00000,0,0.00000,0,0.00000,0,0.00000,0,0.00000,133,0.00020,58,0.00005,0,0.00000,0,0.00000
Mesorhizobium sp. M1A.F.Ca.IN.022.06.1.1,2493680,S,0,0.00000,0,0.00000,0,0.00000,0,0.00000,0,0.00000,0,0.00000,0,0.00000,0,0.00000,0,0.00000,0,0.00000,131,0.00020,61,0.00006,0,0.00000,0,0.00000
Azoarcus sp. DN11,356837,S,0,0.00000,0,0.00000,0,0.00000,0,0.00000,0,0.00000,0,0.00000,0,0.00000,0,0.00000,0,0.00000,0,0.00000,131,0.00020,59,0.00005,0,0.00000,0,0.00000
Chelatococcus daeguensis,444444,S,0,0.00000,0,0.00000,0,0.00000,0,0.00000,0,0.00000,0,0.00000,0,0.00000,0,0.00000,0,0.00000,0,0.00000,130,0.00020,0,0.00000,0,0.00000,0,0.00000
Tissierella sp. MB52-C2,3070999,S,0,0.00000,0,0.00000,0,0.00000,0,0.00000,0,0.00000,0,0.00000,0,0.00000,0,0.00000,0,0.00000,0,0.00000,126,0.00019,59,0.00005,0,0.00000,0,0.00000
Mesorhizobium sp. AR07,2865838,S,0,0.00000,0,0.00000,0,0.00000,0,0.00000,0,0.00000,0,0.00000,0,0.00000,0,0.00000,0,0.00000,0,0.00000,126,0.00019,176,0.00016,0,0.00000,0,0.00000
Nitratireductor rhodophyticola,2854036,S,0,0.00000,0,0.00000,0,0.00000,0,0.00000,0,0.00000,0,0.00000,0,0.00000,0,0.00000,0,0.00000,0,0.00000,126,0.00019,73,0.00007,0,0.00000,0,0.00000
Noviherbaspirillum sp. UKPF54,2601898,S,0,0.00000,0,0.00000,0,0.00000,0,0.00000,0,0.00000,0,0.00000,0,0.00000,0,0.00000,0,0.00000,0,0.00000,126,0.00019,30,0.00003,0,0.00000,0,0.00000
Bradyrhizobium sp. 1(2017),1404888,S,0,0.00000,0,0.00000,0,0.00000,0,0.00000,0,0.00000,0,0.00000,0,0.00000,0,0.00000,0,0.00000,0,0.00000,125,0.00019,95,0.00009,0,0.00000,0,0.00000
Rhizobium rhizogenes,359,S,0,0.00000,0,0.00000,0,0.00000,0,0.00000,0,0.00000,0,0.00000,0,0.00000,0,0.00000,0,0.00000,0,0.00000,125,0.00019,107,0.00010,0,0.00000,0,0.00000
Mycolicibacterium septicum,98668,S,0,0.00000,0,0.00000,0,0.00000,0,0.00000,0,0.00000,0,0.00000,0,0.00000,0,0.00000,0,0.00000,0,0.00000,124,0.00019,84,0.00008,0,0.00000,0,0.00000
Neorhizobium petrolearium,515361,S,0,0.00000,0,0.00000,0,0.00000,0,0.00000,0,0.00000,0,0.00000,0,0.00000,0,0.00000,0,0.00000,0,0.00000,124,0.00019,64,0.00006,0,0.00000,0,0.00000
Hankyongella ginsenosidimutans,1763828,S,0,0.00000,0,0.00000,0,0.00000,0,0.00000,0,0.00000,0,0.00000,0,0.00000,0,0.00000,0,0.00000,0,0.00000,124,0.00019,0,0.00000,0,0.00000,0,0.00000
Massilia sp. R2A-15,3064278,S,0,0.00000,0,0.00000,0,0.00000,0,0.00000,0,0.00000,0,0.00000,0,0.00000,0,0.00000,0,0.00000,0,0.00000,123,0.00019,41,0.00004,0,0.00000,0,0.00000
Methylococcus capsulatus,414,S,0,0.00000,0,0.00000,0,0.00000,0,0.00000,0,0.00000,0,0.00000,0,0.00000,0,0.00000,0,0.00000,0,0.00000,123,0.00019,0,0.00000,0,0.00000,0,0.00000
Bosea sp. RAC05,1842539,S,0,0.00000,0,0.00000,0,0.00000,0,0.00000,0,0.00000,0,0.00000,0,0.00000,0,0.00000,0,0.00000,0,0.00000,122,0.00019,0,0.00000,0,0.00000,0,0.00000
Agromyces badenianii,2080742,S,0,0.00000,0,0.00000,0,0.00000,0,0.00000,0,0.00000,0,0.00000,0,0.00000,0,0.00000,0,0.00000,0,0.00000,121,0.00018,69,0.00006,0,0.00000,0,0.00000
Methylobacterium brachiatum,269660,S,0,0.00000,0,0.00000,0,0.00000,0,0.00000,0,0.00000,0,0.00000,0,0.00000,0,0.00000,0,0.00000,0,0.00000,121,0.00018,0,0.00000,0,0.00000,0,0.00000
Methylobacterium radiodurans,2202828,S,0,0.00000,0,0.00000,0,0.00000,0,0.00000,0,0.00000,0,0.00000,0,0.00000,0,0.00000,0,0.00000,0,0.00000,118,0.00018,0,0.00000,0,0.00000,0,0.00000
Stappia sp.,1870903,S,0,0.00000,0,0.00000,0,0.00000,0,0.00000,0,0.00000,0,0.00000,0,0.00000,0,0.00000,0,0.00000,0,0.00000,117,0.00018,0,0.00000,0,0.00000,0,0.00000
Desulfuromonas versatilis,2802975,S,0,0.00000,0,0.00000,0,0.00000,0,0.00000,0,0.00000,0,0.00000,0,0.00000,0,0.00000,0,0.00000,0,0.00000,116,0.00018,40,0.00004,0,0.00000,0,0.00000
Microbacterium sp. 4R-513,2567934,S,0,0.00000,0,0.00000,0,0.00000,0,0.00000,0,0.00000,0,0.00000,0,0.00000,0,0.00000,0,0.00000,0,0.00000,115,0.00018,0,0.00000,0,0.00000,0,0.00000
Microvirga ossetica,1882682,S,0,0.00000,0,0.00000,0,0.00000,0,0.00000,0,0.00000,0,0.00000,0,0.00000,0,0.00000,0,0.00000,0,0.00000,115,0.00018,47,0.00004,0,0.00000,0,0.00000
Bradyrhizobium sp. 191,2782659,S,0,0.00000,0,0.00000,0,0.00000,0,0.00000,0,0.00000,0,0.00000,0,0.00000,0,0.00000,0,0.00000,0,0.00000,114,0.00017,0,0.00000,0,0.00000,0,0.00000
Bradyrhizobium oligotrophicum,44255,S,0,0.00000,0,0.00000,0,0.00000,0,0.00000,0,0.00000,0,0.00000,0,0.00000,0,0.00000,0,0.00000,0,0.00000,112,0.00017,58,0.00005,0,0.00000,0,0.00000
Roseateles amylovorans,2978473,S,0,0.00000,0,0.00000,0,0.00000,0,0.00000,0,0.00000,0,0.00000,0,0.00000,0,0.00000,0,0.00000,0,0.00000,111,0.00017,33,0.00003,0,0.00000,0,0.00000
Bordetella bronchialis,463025,S,0,0.00000,0,0.00000,0,0.00000,0,0.00000,0,0.00000,0,0.00000,0,0.00000,0,0.00000,0,0.00000,0,0.00000,111,0.00017,25,0.00002,0,0.00000,0,0.00000
Isoptericola dokdonensis,372663,S,0,0.00000,0,0.00000,0,0.00000,0,0.00000,0,0.00000,0,0.00000,0,0.00000,0,0.00000,0,0.00000,0,0.00000,110,0.00017,114,0.00011,0,0.00000,0,0.00000
Oryzomicrobium terrae,1735038,S,0,0.00000,0,0.00000,0,0.00000,0,0.00000,0,0.00000,0,0.00000,0,0.00000,0,0.00000,0,0.00000,0,0.00000,109,0.00017,0,0.00000,0,0.00000,0,0.00000
Streptomyces sp. NBC_00316,2975710,S,0,0.00000,0,0.00000,0,0.00000,0,0.00000,0,0.00000,0,0.00000,0,0.00000,0,0.00000,0,0.00000,0,0.00000,108,0.00016,59,0.00005,0,0.00000,0,0.00000
Bradyrhizobium sp. CB1650,3039153,S,0,0.00000,0,0.00000,0,0.00000,0,0.00000,0,0.00000,0,0.00000,0,0.00000,0,0.00000,0,0.00000,0,0.00000,108,0.00016,64,0.00006,0,0.00000,0,0.00000
Nocardioides jishulii,2575440,S,0,0.00000,0,0.00000,0,0.00000,0,0.00000,0,0.00000,0,0.00000,0,0.00000,0,0.00000,0,0.00000,0,0.00000,107,0.00016,98,0.00009,0,0.00000,0,0.00000
Bradyrhizobium commune,83627,S,0,0.00000,0,0.00000,0,0.00000,0,0.00000,0,0.00000,0,0.00000,0,0.00000,0,0.00000,0,0.00000,0,0.00000,107,0.00016,57,0.00005,0,0.00000,0,0.00000
Sphingomonas morindae,1541170,S,0,0.00000,0,0.00000,0,0.00000,0,0.00000,0,0.00000,0,0.00000,0,0.00000,0,0.00000,0,0.00000,0,0.00000,107,0.00016,0,0.00000,0,0.00000,0,0.00000
Rhodococcus sp. USK10,2789739,S,0,0.00000,0,0.00000,0,0.00000,0,0.00000,0,0.00000,0,0.00000,0,0.00000,0,0.00000,0,0.00000,0,0.00000,106,0.00016,127,0.00012,0,0.00000,0,0.00000
Microbacterium protaetiae,2509458,S,0,0.00000,0,0.00000,0,0.00000,0,0.00000,0,0.00000,0,0.00000,0,0.00000,0,0.00000,0,0.00000,0,0.00000,106,0.00016,46,0.00004,0,0.00000,0,0.00000
Bradyrhizobium huanghuaihaiense,990078,S,0,0.00000,0,0.00000,0,0.00000,0,0.00000,0,0.00000,0,0.00000,0,0.00000,0,0.00000,0,0.00000,0,0.00000,106,0.00016,121,0.00011,0,0.00000,0,0.00000
Azospirillum sp. TSA2s,709810,S,0,0.00000,0,0.00000,0,0.00000,0,0.00000,0,0.00000,0,0.00000,0,0.00000,0,0.00000,0,0.00000,0,0.00000,106,0.00016,0,0.00000,0,0.00000,0,0.00000
Variovorax sp. V15,3065952,S,0,0.00000,0,0.00000,0,0.00000,0,0.00000,0,0.00000,0,0.00000,0,0.00000,0,0.00000,0,0.00000,0,0.00000,106,0.00016,28,0.00003,0,0.00000,0,0.00000
Pseudoduganella flava,871742,S,0,0.00000,0,0.00000,0,0.00000,0,0.00000,0,0.00000,0,0.00000,0,0.00000,0,0.00000,0,0.00000,0,0.00000,106,0.00016,0,0.00000,0,0.00000,0,0.00000
Rugamonas sp. DEMB1,3039386,S,0,0.00000,0,0.00000,0,0.00000,0,0.00000,0,0.00000,0,0.00000,0,0.00000,0,0.00000,0,0.00000,0,0.00000,105,0.00016,81,0.00008,0,0.00000,0,0.00000
Bradyrhizobium xenonodulans,2736875,S,0,0.00000,0,0.00000,0,0.00000,0,0.00000,0,0.00000,0,0.00000,0,0.00000,0,0.00000,0,0.00000,0,0.00000,104,0.00016,81,0.00008,0,0.00000,0,0.00000
Tunturibacter gelidoferens,3069689,S,0,0.00000,0,0.00000,0,0.00000,0,0.00000,0,0.00000,0,0.00000,0,0.00000,0,0.00000,0,0.00000,0,0.00000,104,0.00016,0,0.00000,0,0.00000,0,0.00000
Syntrophobacter fumaroxidans,119484,S,0,0.00000,0,0.00000,0,0.00000,0,0.00000,0,0.00000,0,0.00000,0,0.00000,0,0.00000,0,0.00000,0,0.00000,103,0.00016,0,0.00000,0,0.00000,0,0.00000
Bradyrhizobium sp. 195,2782662,S,0,0.00000,0,0.00000,0,0.00000,0,0.00000,0,0.00000,0,0.00000,0,0.00000,0,0.00000,0,0.00000,0,0.00000,102,0.00016,92,0.00009,0,0.00000,0,0.00000
Bradyrhizobium guangzhouense,1325095,S,0,0.00000,0,0.00000,0,0.00000,0,0.00000,0,0.00000,0,0.00000,0,0.00000,0,0.00000,0,0.00000,0,0.00000,102,0.00016,107,0.00010,0,0.00000,0,0.00000
Bradyrhizobium guangdongense,1325090,S,0,0.00000,0,0.00000,0,0.00000,0,0.00000,0,0.00000,0,0.00000,0,0.00000,0,0.00000,0,0.00000,0,0.00000,102,0.00016,0,0.00000,0,0.00000,0,0.00000
Aquabacterium olei,1296669,S,0,0.00000,0,0.00000,0,0.00000,0,0.00000,0,0.00000,0,0.00000,0,0.00000,0,0.00000,0,0.00000,0,0.00000,102,0.00016,0,0.00000,0,0.00000,0,0.00000
Microbacterium sp. KUDC0406,2909588,S,0,0.00000,0,0.00000,0,0.00000,0,0.00000,0,0.00000,0,0.00000,0,0.00000,0,0.00000,0,0.00000,0,0.00000,101,0.00015,38,0.00004,0,0.00000,0,0.00000
Microbacterium sp. LWS13-1.2,3135264,S,0,0.00000,0,0.00000,0,0.00000,0,0.00000,0,0.00000,0,0.00000,0,0.00000,0,0.00000,0,0.00000,0,0.00000,101,0.00015,31,0.00003,0,0.00000,0,0.00000
Bradyrhizobium sp. CCBAU 53421,1325120,S,0,0.00000,0,0.00000,0,0.00000,0,0.00000,0,0.00000,0,0.00000,0,0.00000,0,0.00000,0,0.00000,0,0.00000,101,0.00015,134,0.00012,0,0.00000,0,0.00000
Tardiphaga sp. 42S5,1404799,S,0,0.00000,0,0.00000,0,0.00000,0,0.00000,0,0.00000,0,0.00000,0,0.00000,0,0.00000,0,0.00000,0,0.00000,101,0.00015,66,0.00006,0,0.00000,0,0.00000
Tardiphaga sp. 709,3076039,S,0,0.00000,0,0.00000,0,0.00000,0,0.00000,0,0.00000,0,0.00000,0,0.00000,0,0.00000,0,0.00000,0,0.00000,100,0.00015,83,0.00008,0,0.00000,0,0.00000
Ensifer sp. WSM1721,1041159,S,0,0.00000,0,0.00000,0,0.00000,0,0.00000,0,0.00000,0,0.00000,0,0.00000,0,0.00000,0,0.00000,0,0.00000,100,0.00015,0,0.00000,0,0.00000,0,0.00000
Mesorhizobium sp. B1-1-8,2589976,S,0,0.00000,0,0.00000,0,0.00000,0,0.00000,0,0.00000,0,0.00000,0,0.00000,0,0.00000,0,0.00000,0,0.00000,99,0.00015,80,0.00007,0,0.00000,0,0.00000
Sinorhizobium alkalisoli,1752398,S,0,0.00000,0,0.00000,0,0.00000,0,0.00000,0,0.00000,0,0.00000,0,0.00000,0,0.00000,0,0.00000,0,0.00000,99,0.00015,0,0.00000,0,0.00000,0,0.00000
Niveispirillum cyanobacteriorum,1612173,S,0,0.00000,0,0.00000,0,0.00000,0,0.00000,0,0.00000,0,0.00000,0,0.00000,0,0.00000,0,0.00000,0,0.00000,99,0.00015,0,0.00000,0,0.00000,0,0.00000
Pseudoduganella umbonata,864828,S,0,0.00000,0,0.00000,0,0.00000,0,0.00000,0,0.00000,0,0.00000,0,0.00000,0,0.00000,0,0.00000,0,0.00000,99,0.00015,0,0.00000,0,0.00000,0,0.00000
Sulfuritalea hydrogenivorans,748811,S,0,0.00000,0,0.00000,0,0.00000,0,0.00000,0,0.00000,0,0.00000,0,0.00000,0,0.00000,0,0.00000,0,0.00000,99,0.00015,19,0.00002,0,0.00000,0,0.00000
Verrucomicrobium sp. GAS474,1882831,S,0,0.00000,0,0.00000,0,0.00000,0,0.00000,0,0.00000,0,0.00000,0,0.00000,0,0.00000,0,0.00000,0,0.00000,99,0.00015,65,0.00006,0,0.00000,0,0.00000
Acidimicrobium ferrooxidans,53635,S,0,0.00000,0,0.00000,0,0.00000,0,0.00000,0,0.00000,0,0.00000,0,0.00000,0,0.00000,0,0.00000,0,0.00000,98,0.00015,46,0.00004,0,0.00000,0,0.00000
Microvirga sp. VF16,2807101,S,0,0.00000,0,0.00000,0,0.00000,0,0.00000,0,0.00000,0,0.00000,0,0.00000,0,0.00000,0,0.00000,0,0.00000,98,0.00015,37,0.00003,0,0.00000,0,0.00000
Ancylobacter sp. WKF20,3039801,S,0,0.00000,0,0.00000,0,0.00000,0,0.00000,0,0.00000,0,0.00000,0,0.00000,0,0.00000,0,0.00000,0,0.00000,98,0.00015,60,0.00006,0,0.00000,0,0.00000
Elioraea tepida,2843330,S,0,0.00000,0,0.00000,0,0.00000,0,0.00000,0,0.00000,0,0.00000,0,0.00000,0,0.00000,0,0.00000,0,0.00000,98,0.00015,47,0.00004,0,0.00000,0,0.00000
Cellulomonas wangsupingiae,2968085,S,0,0.00000,0,0.00000,0,0.00000,0,0.00000,0,0.00000,0,0.00000,0,0.00000,0,0.00000,0,0.00000,0,0.00000,97,0.00015,0,0.00000,0,0.00000,0,0.00000
Microbacterium sp. LWH7-1.2,3135257,S,0,0.00000,0,0.00000,0,0.00000,0,0.00000,0,0.00000,0,0.00000,0,0.00000,0,0.00000,0,0.00000,0,0.00000,96,0.00015,0,0.00000,0,0.00000,0,0.00000
Pigmentiphaga sp. H8,2488560,S,0,0.00000,0,0.00000,0,0.00000,0,0.00000,0,0.00000,0,0.00000,0,0.00000,0,0.00000,0,0.00000,0,0.00000,96,0.00015,37,0.00003,0,0.00000,0,0.00000
Methylobacterium mesophilicum,39956,S,0,0.00000,0,0.00000,0,0.00000,0,0.00000,0,0.00000,0,0.00000,0,0.00000,0,0.00000,0,0.00000,0,0.00000,95,0.00014,0,0.00000,0,0.00000,0,0.00000
Salipiger sp. H15,3029062,S,0,0.00000,0,0.00000,0,0.00000,0,0.00000,0,0.00000,0,0.00000,0,0.00000,0,0.00000,0,0.00000,0,0.00000,95,0.00014,75,0.00007,0,0.00000,0,0.00000
Pyxidicoccus parkwaysis,2813578,S,0,0.00000,0,0.00000,0,0.00000,0,0.00000,0,0.00000,0,0.00000,0,0.00000,0,0.00000,0,0.00000,0,0.00000,95,0.00014,43,0.00004,0,0.00000,0,0.00000
Lacrimispora xylanisolvens,384636,S,0,0.00000,0,0.00000,0,0.00000,0,0.00000,0,0.00000,0,0.00000,0,0.00000,0,0.00000,0,0.00000,0,0.00000,94,0.00014,0,0.00000,0,0.00000,0,0.00000
Variovorax sp. RKNM96,2681552,S,0,0.00000,0,0.00000,0,0.00000,0,0.00000,0,0.00000,0,0.00000,0,0.00000,0,0.00000,0,0.00000,0,0.00000,94,0.00014,31,0.00003,0,0.00000,0,0.00000
Bradyrhizobium sp. CB1717,3039154,S,0,0.00000,0,0.00000,0,0.00000,0,0.00000,0,0.00000,0,0.00000,0,0.00000,0,0.00000,0,0.00000,0,0.00000,93,0.00014,92,0.00009,0,0.00000,0,0.00000
Ancylobacter pratisalsi,1745854,S,0,0.00000,0,0.00000,0,0.00000,0,0.00000,0,0.00000,0,0.00000,0,0.00000,0,0.00000,0,0.00000,0,0.00000,93,0.00014,99,0.00009,0,0.00000,0,0.00000
Candidatus Nitrososphaera evergladensis,1459637,S,0,0.00000,0,0.00000,0,0.00000,0,0.00000,0,0.00000,0,0.00000,0,0.00000,0,0.00000,0,0.00000,0,0.00000,93,0.00014,135,0.00013,0,0.00000,0,0.00000
Bradyrhizobium sp. CB1015,2976822,S,0,0.00000,0,0.00000,0,0.00000,0,0.00000,0,0.00000,0,0.00000,0,0.00000,0,0.00000,0,0.00000,0,0.00000,92,0.00014,62,0.00006,0,0.00000,0,0.00000
Methylosinus trichosporium,426,S,0,0.00000,0,0.00000,0,0.00000,0,0.00000,0,0.00000,0,0.00000,0,0.00000,0,0.00000,0,0.00000,0,0.00000,92,0.00014,29,0.00003,0,0.00000,0,0.00000
Sphingomonas abietis,3012344,S,0,0.00000,0,0.00000,0,0.00000,0,0.00000,0,0.00000,0,0.00000,0,0.00000,0,0.00000,0,0.00000,0,0.00000,92,0.00014,0,0.00000,0,0.00000,0,0.00000
Mesorhizobium sp. B4-1-4,2589888,S,0,0.00000,0,0.00000,0,0.00000,0,0.00000,0,0.00000,0,0.00000,0,0.00000,0,0.00000,0,0.00000,0,0.00000,91,0.00014,46,0.00004,0,0.00000,0,0.00000
Phyllobacterium sp. T1293,555317,S,0,0.00000,0,0.00000,0,0.00000,0,0.00000,0,0.00000,0,0.00000,0,0.00000,0,0.00000,0,0.00000,0,0.00000,91,0.00014,28,0.00003,0,0.00000,0,0.00000
Sinorhizobium mexicanum,375549,S,0,0.00000,0,0.00000,0,0.00000,0,0.00000,0,0.00000,0,0.00000,0,0.00000,0,0.00000,0,0.00000,0,0.00000,91,0.00014,29,0.00003,0,0.00000,0,0.00000
Corallococcus coralloides,184914,S,0,0.00000,0,0.00000,0,0.00000,0,0.00000,0,0.00000,0,0.00000,0,0.00000,0,0.00000,0,0.00000,0,0.00000,91,0.00014,0,0.00000,0,0.00000,0,0.00000
Sinorhizobium chiapasense,501572,S,0,0.00000,0,0.00000,0,0.00000,0,0.00000,0,0.00000,0,0.00000,0,0.00000,0,0.00000,0,0.00000,0,0.00000,90,0.00014,0,0.00000,0,0.00000,0,0.00000
Lysobacter sp. TY2-98,2290922,S,0,0.00000,0,0.00000,0,0.00000,0,0.00000,0,0.00000,0,0.00000,0,0.00000,0,0.00000,0,0.00000,0,0.00000,90,0.00014,31,0.00003,0,0.00000,0,0.00000
Maridesulfovibrio sp.,2795000,S,0,0.00000,0,0.00000,0,0.00000,0,0.00000,0,0.00000,0,0.00000,0,0.00000,0,0.00000,0,0.00000,0,0.00000,90,0.00014,24,0.00002,0,0.00000,0,0.00000
Mameliella alba,561184,S,0,0.00000,0,0.00000,0,0.00000,0,0.00000,0,0.00000,0,0.00000,0,0.00000,0,0.00000,0,0.00000,0,0.00000,89,0.00014,0,0.00000,0,0.00000,0,0.00000
Janthinobacterium sp. 17J80-10,2497863,S,0,0.00000,0,0.00000,0,0.00000,0,0.00000,0,0.00000,0,0.00000,0,0.00000,0,0.00000,0,0.00000,0,0.00000,89,0.00014,0,0.00000,0,0.00000,0,0.00000
Candidatus Nitrospira neomarina,3020899,S,0,0.00000,0,0.00000,0,0.00000,0,0.00000,0,0.00000,0,0.00000,0,0.00000,0,0.00000,0,0.00000,0,0.00000,88,0.00013,0,0.00000,0,0.00000,0,0.00000
Mesorhizobium sp. M3A.F.Ca.ET.080.04.2.1,2493676,S,0,0.00000,0,0.00000,0,0.00000,0,0.00000,0,0.00000,0,0.00000,0,0.00000,0,0.00000,0,0.00000,0,0.00000,87,0.00013,76,0.00007,0,0.00000,0,0.00000
Sphingomonas ginsengisoli An et al. 2013,363835,S,0,0.00000,0,0.00000,0,0.00000,0,0.00000,0,0.00000,0,0.00000,0,0.00000,0,0.00000,0,0.00000,0,0.00000,87,0.00013,0,0.00000,0,0.00000,0,0.00000
Xylophilus sp. GOD-11R,3089814,S,0,0.00000,0,0.00000,0,0.00000,0,0.00000,0,0.00000,0,0.00000,0,0.00000,0,0.00000,0,0.00000,0,0.00000,87,0.00013,55,0.00005,0,0.00000,0,0.00000
Pseudomonas otitidis,319939,S,0,0.00000,0,0.00000,0,0.00000,0,0.00000,0,0.00000,0,0.00000,0,0.00000,0,0.00000,0,0.00000,0,0.00000,87,0.00013,96,0.00009,0,0.00000,0,0.00000
Dietzia sp. B32,2915130,S,0,0.00000,0,0.00000,0,0.00000,0,0.00000,0,0.00000,0,0.00000,0,0.00000,0,0.00000,0,0.00000,0,0.00000,86,0.00013,0,0.00000,0,0.00000,0,0.00000
Mesorhizobium sp. J8,2777475,S,0,0.00000,0,0.00000,0,0.00000,0,0.00000,0,0.00000,0,0.00000,0,0.00000,0,0.00000,0,0.00000,0,0.00000,86,0.00013,46,0.00004,0,0.00000,0,0.00000
Jiella pelagia,2986949,S,0,0.00000,0,0.00000,0,0.00000,0,0.00000,0,0.00000,0,0.00000,0,0.00000,0,0.00000,0,0.00000,0,0.00000,86,0.00013,29,0.00003,0,0.00000,0,0.00000
Variovorax sp. PAMC 28711,1795631,S,0,0.00000,0,0.00000,0,0.00000,0,0.00000,0,0.00000,0,0.00000,0,0.00000,0,0.00000,0,0.00000,0,0.00000,86,0.00013,27,0.00003,0,0.00000,0,0.00000
Frateuria edaphi,2898793,S,0,0.00000,0,0.00000,0,0.00000,0,0.00000,0,0.00000,0,0.00000,0,0.00000,0,0.00000,0,0.00000,0,0.00000,86,0.00013,71,0.00007,0,0.00000,0,0.00000
Rhizobium sp. WYJ-E13,2849093,S,0,0.00000,0,0.00000,0,0.00000,0,0.00000,0,0.00000,0,0.00000,0,0.00000,0,0.00000,0,0.00000,0,0.00000,85,0.00013,0,0.00000,0,0.00000,0,0.00000
Croceibacterium aestuarii,3064139,S,0,0.00000,0,0.00000,0,0.00000,0,0.00000,0,0.00000,0,0.00000,0,0.00000,0,0.00000,0,0.00000,0,0.00000,85,0.00013,0,0.00000,0,0.00000,0,0.00000
Methylocaldum marinum,1432792,S,0,0.00000,0,0.00000,0,0.00000,0,0.00000,0,0.00000,0,0.00000,0,0.00000,0,0.00000,0,0.00000,0,0.00000,85,0.00013,0,0.00000,0,0.00000,0,0.00000
Skermanella mucosa,1789672,S,0,0.00000,0,0.00000,0,0.00000,0,0.00000,0,0.00000,0,0.00000,0,0.00000,0,0.00000,0,0.00000,0,0.00000,84,0.00013,0,0.00000,0,0.00000,0,0.00000
Skermanella rosea,1817965,S,0,0.00000,0,0.00000,0,0.00000,0,0.00000,0,0.00000,0,0.00000,0,0.00000,0,0.00000,0,0.00000,0,0.00000,84,0.00013,0,0.00000,0,0.00000,0,0.00000
Aureimonas sp. SA4125,2826993,S,0,0.00000,0,0.00000,0,0.00000,0,0.00000,0,0.00000,0,0.00000,0,0.00000,0,0.00000,0,0.00000,0,0.00000,83,0.00013,52,0.00005,0,0.00000,0,0.00000
Defluviicoccus vanus,111831,S,0,0.00000,0,0.00000,0,0.00000,0,0.00000,0,0.00000,0,0.00000,0,0.00000,0,0.00000,0,0.00000,0,0.00000,83,0.00013,0,0.00000,0,0.00000,0,0.00000
Sphingomonas sp. 7/4-4,3018446,S,0,0.00000,0,0.00000,0,0.00000,0,0.00000,0,0.00000,0,0.00000,0,0.00000,0,0.00000,0,0.00000,0,0.00000,82,0.00012,101,0.00009,0,0.00000,0,0.00000
Gemmatimonas groenlandica,2732249,S,0,0.00000,0,0.00000,0,0.00000,0,0.00000,0,0.00000,0,0.00000,0,0.00000,0,0.00000,0,0.00000,0,0.00000,82,0.00012,38,0.00004,0,0.00000,0,0.00000
Eleftheria terrae,1597781,S,0,0.00000,0,0.00000,0,0.00000,0,0.00000,0,0.00000,0,0.00000,0,0.00000,0,0.00000,0,0.00000,0,0.00000,81,0.00012,35,0.00003,0,0.00000,0,0.00000
Rhodanobacter thiooxydans,416169,S,0,0.00000,0,0.00000,0,0.00000,0,0.00000,0,0.00000,0,0.00000,0,0.00000,0,0.00000,0,0.00000,0,0.00000,81,0.00012,1158,0.00108,0,0.00000,0,0.00000
Tardiphaga alba,340268,S,0,0.00000,0,0.00000,0,0.00000,0,0.00000,0,0.00000,0,0.00000,0,0.00000,0,0.00000,0,0.00000,0,0.00000,80,0.00012,57,0.00005,0,0.00000,0,0.00000
Sediminicoccus rosea,1225128,S,0,0.00000,0,0.00000,0,0.00000,0,0.00000,0,0.00000,0,0.00000,0,0.00000,0,0.00000,0,0.00000,0,0.00000,79,0.00012,30,0.00003,0,0.00000,0,0.00000
Mesorhizobium sp. B2-1-8,2589967,S,0,0.00000,0,0.00000,0,0.00000,0,0.00000,0,0.00000,0,0.00000,0,0.00000,0,0.00000,0,0.00000,0,0.00000,78,0.00012,53,0.00005,0,0.00000,0,0.00000
Caulobacter rhizosphaerae,2010972,S,0,0.00000,0,0.00000,0,0.00000,0,0.00000,0,0.00000,0,0.00000,0,0.00000,0,0.00000,0,0.00000,0,0.00000,78,0.00012,55,0.00005,0,0.00000,0,0.00000
Telluria mixta,34071,S,0,0.00000,0,0.00000,0,0.00000,0,0.00000,0,0.00000,0,0.00000,0,0.00000,0,0.00000,0,0.00000,0,0.00000,78,0.00012,0,0.00000,0,0.00000,0,0.00000
Geomonas sp. RF6,2897342,S,0,0.00000,0,0.00000,0,0.00000,0,0.00000,0,0.00000,0,0.00000,0,0.00000,0,0.00000,0,0.00000,0,0.00000,78,0.00012,0,0.00000,0,0.00000,0,0.00000
Luteimicrobium xylanilyticum,1133546,S,0,0.00000,0,0.00000,0,0.00000,0,0.00000,0,0.00000,0,0.00000,0,0.00000,0,0.00000,0,0.00000,0,0.00000,77,0.00012,51,0.00005,0,0.00000,0,0.00000
Methylobacterium durans,2202825,S,0,0.00000,0,0.00000,0,0.00000,0,0.00000,0,0.00000,0,0.00000,0,0.00000,0,0.00000,0,0.00000,0,0.00000,77,0.00012,43,0.00004,0,0.00000,0,0.00000
Roseococcus microcysteis,2771361,S,0,0.00000,0,0.00000,0,0.00000,0,0.00000,0,0.00000,0,0.00000,0,0.00000,0,0.00000,0,0.00000,0,0.00000,77,0.00012,0,0.00000,0,0.00000,0,0.00000
Diaphorobacter ruginosibacter,1715720,S,0,0.00000,0,0.00000,0,0.00000,0,0.00000,0,0.00000,0,0.00000,0,0.00000,0,0.00000,0,0.00000,0,0.00000,77,0.00012,25,0.00002,0,0.00000,0,0.00000
Granulicella sp. WH15,2602070,S,0,0.00000,0,0.00000,0,0.00000,0,0.00000,0,0.00000,0,0.00000,0,0.00000,0,0.00000,0,0.00000,0,0.00000,77,0.00012,45,0.00004,0,0.00000,0,0.00000
Pyruvatibacter mobilis,1712261,S,0,0.00000,0,0.00000,0,0.00000,0,0.00000,0,0.00000,0,0.00000,0,0.00000,0,0.00000,0,0.00000,0,0.00000,76,0.00012,0,0.00000,0,0.00000,0,0.00000
Paraburkholderia sp. IMGN_8,3136564,S,0,0.00000,0,0.00000,0,0.00000,0,0.00000,0,0.00000,0,0.00000,0,0.00000,0,0.00000,0,0.00000,0,0.00000,76,0.00012,0,0.00000,0,0.00000,0,0.00000
Lysobacter antibioticus,84531,S,0,0.00000,0,0.00000,0,0.00000,0,0.00000,0,0.00000,0,0.00000,0,0.00000,0,0.00000,0,0.00000,0,0.00000,76,0.00012,58,0.00005,0,0.00000,0,0.00000
Mycolicibacterium boenickei,146017,S,0,0.00000,0,0.00000,0,0.00000,0,0.00000,0,0.00000,0,0.00000,0,0.00000,0,0.00000,0,0.00000,0,0.00000,75,0.00011,53,0.00005,0,0.00000,0,0.00000
Thermaerobacter marianensis,73919,S,0,0.00000,0,0.00000,0,0.00000,0,0.00000,0,0.00000,0,0.00000,0,0.00000,0,0.00000,0,0.00000,0,0.00000,75,0.00011,0,0.00000,0,0.00000,0,0.00000
Methyloversatilis sp. RAC08,1842540,S,0,0.00000,0,0.00000,0,0.00000,0,0.00000,0,0.00000,0,0.00000,0,0.00000,0,0.00000,0,0.00000,0,0.00000,75,0.00011,0,0.00000,0,0.00000,0,0.00000
Dechloromonas denitrificans,281362,S,0,0.00000,0,0.00000,0,0.00000,0,0.00000,0,0.00000,0,0.00000,0,0.00000,0,0.00000,0,0.00000,0,0.00000,75,0.00011,21,0.00002,0,0.00000,0,0.00000
Bradyrhizobium cosmicum,1404864,S,0,0.00000,0,0.00000,0,0.00000,0,0.00000,0,0.00000,0,0.00000,0,0.00000,0,0.00000,0,0.00000,0,0.00000,74,0.00011,53,0.00005,0,0.00000,0,0.00000
Methylocystis heyeri,391905,S,0,0.00000,0,0.00000,0,0.00000,0,0.00000,0,0.00000,0,0.00000,0,0.00000,0,0.00000,0,0.00000,0,0.00000,74,0.00011,37,0.00003,0,0.00000,0,0.00000
Phenylobacterium sp. LH3H17,2903901,S,0,0.00000,0,0.00000,0,0.00000,0,0.00000,0,0.00000,0,0.00000,0,0.00000,0,0.00000,0,0.00000,0,0.00000,74,0.00011,224,0.00021,0,0.00000,0,0.00000
Bordetella flabilis,463014,S,0,0.00000,0,0.00000,0,0.00000,0,0.00000,0,0.00000,0,0.00000,0,0.00000,0,0.00000,0,0.00000,0,0.00000,74,0.00011,28,0.00003,0,0.00000,0,0.00000
uncultured Propionivibrio sp.,426737,S,0,0.00000,0,0.00000,0,0.00000,0,0.00000,0,0.00000,0,0.00000,0,0.00000,0,0.00000,0,0.00000,0,0.00000,74,0.00011,0,0.00000,0,0.00000,0,0.00000
Mesorhizobium sp. INR15,2654248,S,0,0.00000,0,0.00000,0,0.00000,0,0.00000,0,0.00000,0,0.00000,0,0.00000,0,0.00000,0,0.00000,0,0.00000,73,0.00011,61,0.00006,0,0.00000,0,0.00000
Mesorhizobium sp. B2-1-1,2589974,S,0,0.00000,0,0.00000,0,0.00000,0,0.00000,0,0.00000,0,0.00000,0,0.00000,0,0.00000,0,0.00000,0,0.00000,73,0.00011,79,0.00007,0,0.00000,0,0.00000
Jannaschia sp. W003,2867012,S,0,0.00000,0,0.00000,0,0.00000,0,0.00000,0,0.00000,0,0.00000,0,0.00000,0,0.00000,0,0.00000,0,0.00000,73,0.00011,47,0.00004,0,0.00000,0,0.00000
Methylovirgula ligni,569860,S,0,0.00000,0,0.00000,0,0.00000,0,0.00000,0,0.00000,0,0.00000,0,0.00000,0,0.00000,0,0.00000,0,0.00000,72,0.00011,23,0.00002,0,0.00000,0,0.00000
Thioflavicoccus mobilis,80679,S,0,0.00000,0,0.00000,0,0.00000,0,0.00000,0,0.00000,0,0.00000,0,0.00000,0,0.00000,0,0.00000,0,0.00000,72,0.00011,15,0.00001,0,0.00000,0,0.00000
Aureimonas populi,1701758,S,0,0.00000,0,0.00000,0,0.00000,0,0.00000,0,0.00000,0,0.00000,0,0.00000,0,0.00000,0,0.00000,0,0.00000,71,0.00011,36,0.00003,0,0.00000,0,0.00000
Phyllobacterium sp. T1018,555316,S,0,0.00000,0,0.00000,0,0.00000,0,0.00000,0,0.00000,0,0.00000,0,0.00000,0,0.00000,0,0.00000,0,0.00000,70,0.00011,31,0.00003,0,0.00000,0,0.00000
Hyphomicrobium sp. MC1,717785,S,0,0.00000,0,0.00000,0,0.00000,0,0.00000,0,0.00000,0,0.00000,0,0.00000,0,0.00000,0,0.00000,0,0.00000,70,0.00011,49,0.00005,0,0.00000,0,0.00000
Rhodobacter sp. CZR27,2033869,S,0,0.00000,0,0.00000,0,0.00000,0,0.00000,0,0.00000,0,0.00000,0,0.00000,0,0.00000,0,0.00000,0,0.00000,70,0.00011,0,0.00000,0,0.00000,0,0.00000
Caulobacter mirabilis,69666,S,0,0.00000,0,0.00000,0,0.00000,0,0.00000,0,0.00000,0,0.00000,0,0.00000,0,0.00000,0,0.00000,0,0.00000,70,0.00011,46,0.00004,0,0.00000,0,0.00000
Rhodoferax sp. BAB1,2741720,S,0,0.00000,0,0.00000,0,0.00000,0,0.00000,0,0.00000,0,0.00000,0,0.00000,0,0.00000,0,0.00000,0,0.00000,70,0.00011,47,0.00004,0,0.00000,0,0.00000
Paraburkholderia caribensis,75105,S,0,0.00000,0,0.00000,0,0.00000,0,0.00000,0,0.00000,0,0.00000,0,0.00000,0,0.00000,0,0.00000,0,0.00000,70,0.00011,77,0.00007,0,0.00000,0,0.00000
Arenimonas daejeonensis,370777,S,0,0.00000,0,0.00000,0,0.00000,0,0.00000,0,0.00000,0,0.00000,0,0.00000,0,0.00000,0,0.00000,0,0.00000,70,0.00011,52,0.00005,0,0.00000,0,0.00000
Skermanella pratensis,2233999,S,0,0.00000,0,0.00000,0,0.00000,0,0.00000,0,0.00000,0,0.00000,0,0.00000,0,0.00000,0,0.00000,0,0.00000,68,0.00010,0,0.00000,0,0.00000,0,0.00000
Roseomonas haemaphysalidis,2768162,S,0,0.00000,0,0.00000,0,0.00000,0,0.00000,0,0.00000,0,0.00000,0,0.00000,0,0.00000,0,0.00000,0,0.00000,68,0.00010,24,0.00002,0,0.00000,0,0.00000
Herbaspirillum rubrisubalbicans,80842,S,0,0.00000,0,0.00000,0,0.00000,0,0.00000,0,0.00000,0,0.00000,0,0.00000,0,0.00000,0,0.00000,0,0.00000,68,0.00010,0,0.00000,0,0.00000,0,0.00000
Denitratisoma oestradiolicum,311182,S,0,0.00000,0,0.00000,0,0.00000,0,0.00000,0,0.00000,0,0.00000,0,0.00000,0,0.00000,0,0.00000,0,0.00000,68,0.00010,0,0.00000,0,0.00000,0,0.00000
Ferrigenium kumadai,1682490,S,0,0.00000,0,0.00000,0,0.00000,0,0.00000,0,0.00000,0,0.00000,0,0.00000,0,0.00000,0,0.00000,0,0.00000,68,0.00010,0,0.00000,0,0.00000,0,0.00000
Sphingomonas lutea,1045317,S,0,0.00000,0,0.00000,0,0.00000,0,0.00000,0,0.00000,0,0.00000,0,0.00000,0,0.00000,0,0.00000,0,0.00000,67,0.00010,26,0.00002,0,0.00000,0,0.00000
Sinorhizobium numidicum,680248,S,0,0.00000,0,0.00000,0,0.00000,0,0.00000,0,0.00000,0,0.00000,0,0.00000,0,0.00000,0,0.00000,0,0.00000,66,0.00010,51,0.00005,0,0.00000,0,0.00000
Duganella zoogloeoides,75659,S,0,0.00000,0,0.00000,0,0.00000,0,0.00000,0,0.00000,0,0.00000,0,0.00000,0,0.00000,0,0.00000,0,0.00000,66,0.00010,34,0.00003,0,0.00000,0,0.00000
Thermus thermophilus,274,S,0,0.00000,0,0.00000,0,0.00000,0,0.00000,0,0.00000,0,0.00000,0,0.00000,0,0.00000,0,0.00000,0,0.00000,65,0.00010,0,0.00000,0,0.00000,0,0.00000
Methylobacterium bullatum,570505,S,0,0.00000,0,0.00000,0,0.00000,0,0.00000,0,0.00000,0,0.00000,0,0.00000,0,0.00000,0,0.00000,0,0.00000,65,0.00010,0,0.00000,0,0.00000,0,0.00000
Methylovirgula sp. 4M-Z18,2293567,S,0,0.00000,0,0.00000,0,0.00000,0,0.00000,0,0.00000,0,0.00000,0,0.00000,0,0.00000,0,0.00000,0,0.00000,65,0.00010,0,0.00000,0,0.00000,0,0.00000
Mesoterricola silvestris,2927979,S,0,0.00000,0,0.00000,0,0.00000,0,0.00000,0,0.00000,0,0.00000,0,0.00000,0,0.00000,0,0.00000,0,0.00000,65,0.00010,0,0.00000,0,0.00000,0,0.00000
Roseomonas fluvialis,1750527,S,0,0.00000,0,0.00000,0,0.00000,0,0.00000,0,0.00000,0,0.00000,0,0.00000,0,0.00000,0,0.00000,0,0.00000,64,0.00010,27,0.00003,0,0.00000,0,0.00000
Sulfuricaulis limicola,1620215,S,0,0.00000,0,0.00000,0,0.00000,0,0.00000,0,0.00000,0,0.00000,0,0.00000,0,0.00000,0,0.00000,0,0.00000,64,0.00010,0,0.00000,0,0.00000,0,0.00000
Bordetella sp. H567,1697043,S,0,0.00000,0,0.00000,0,0.00000,0,0.00000,0,0.00000,0,0.00000,0,0.00000,0,0.00000,0,0.00000,0,0.00000,63,0.00010,37,0.00003,0,0.00000,0,0.00000
Bordetella genomosp. 8,1416806,S,0,0.00000,0,0.00000,0,0.00000,0,0.00000,0,0.00000,0,0.00000,0,0.00000,0,0.00000,0,0.00000,0,0.00000,63,0.00010,24,0.00002,0,0.00000,0,0.00000
Allochromatium tepidum,553982,S,0,0.00000,0,0.00000,0,0.00000,0,0.00000,0,0.00000,0,0.00000,0,0.00000,0,0.00000,0,0.00000,0,0.00000,63,0.00010,0,0.00000,0,0.00000,0,0.00000
uncultured Holophaga sp.,188475,S,0,0.00000,0,0.00000,0,0.00000,0,0.00000,0,0.00000,0,0.00000,0,0.00000,0,0.00000,0,0.00000,0,0.00000,63,0.00010,0,0.00000,0,0.00000,0,0.00000
Sphingomonas nostoxanthinifaciens,2872652,S,0,0.00000,0,0.00000,0,0.00000,0,0.00000,0,0.00000,0,0.00000,0,0.00000,0,0.00000,0,0.00000,0,0.00000,62,0.00009,0,0.00000,0,0.00000,0,0.00000
Bordetella sp. N,1746199,S,0,0.00000,0,0.00000,0,0.00000,0,0.00000,0,0.00000,0,0.00000,0,0.00000,0,0.00000,0,0.00000,0,0.00000,62,0.00009,0,0.00000,0,0.00000,0,0.00000
Acidihalobacter aeolianus,2792603,S,0,0.00000,0,0.00000,0,0.00000,0,0.00000,0,0.00000,0,0.00000,0,0.00000,0,0.00000,0,0.00000,0,0.00000,62,0.00009,0,0.00000,0,0.00000,0,0.00000
Geobacter sp. FeAm09,2597769,S,0,0.00000,0,0.00000,0,0.00000,0,0.00000,0,0.00000,0,0.00000,0,0.00000,0,0.00000,0,0.00000,0,0.00000,62,0.00009,0,0.00000,0,0.00000,0,0.00000
Duganella dendranthematis,2728021,S,0,0.00000,0,0.00000,0,0.00000,0,0.00000,0,0.00000,0,0.00000,0,0.00000,0,0.00000,0,0.00000,0,0.00000,61,0.00009,41,0.00004,0,0.00000,0,0.00000
Geomonas oryzisoli,2847992,S,0,0.00000,0,0.00000,0,0.00000,0,0.00000,0,0.00000,0,0.00000,0,0.00000,0,0.00000,0,0.00000,0,0.00000,61,0.00009,43,0.00004,0,0.00000,0,0.00000
Hydrogenibacillus sp. N12,2866627,S,0,0.00000,0,0.00000,0,0.00000,0,0.00000,0,0.00000,0,0.00000,0,0.00000,0,0.00000,0,0.00000,0,0.00000,60,0.00009,19,0.00002,0,0.00000,0,0.00000
Acidibrevibacterium fodinaquatile,1969806,S,0,0.00000,0,0.00000,0,0.00000,0,0.00000,0,0.00000,0,0.00000,0,0.00000,0,0.00000,0,0.00000,0,0.00000,60,0.00009,31,0.00003,0,0.00000,0,0.00000
Sideroxyarcus emersonii,2764705,S,0,0.00000,0,0.00000,0,0.00000,0,0.00000,0,0.00000,0,0.00000,0,0.00000,0,0.00000,0,0.00000,0,0.00000,60,0.00009,0,0.00000,0,0.00000,0,0.00000
Anatilimnocola aggregata,2528021,S,0,0.00000,0,0.00000,0,0.00000,0,0.00000,0,0.00000,0,0.00000,0,0.00000,0,0.00000,0,0.00000,0,0.00000,60,0.00009,34,0.00003,0,0.00000,0,0.00000
Sinorhizobium americanum,194963,S,0,0.00000,0,0.00000,0,0.00000,0,0.00000,0,0.00000,0,0.00000,0,0.00000,0,0.00000,0,0.00000,0,0.00000,59,0.00009,24,0.00002,0,0.00000,0,0.00000
Terrihabitans soli,708113,S,0,0.00000,0,0.00000,0,0.00000,0,0.00000,0,0.00000,0,0.00000,0,0.00000,0,0.00000,0,0.00000,0,0.00000,59,0.00009,0,0.00000,0,0.00000,0,0.00000
Sphingomonas sabuli,2764186,S,0,0.00000,0,0.00000,0,0.00000,0,0.00000,0,0.00000,0,0.00000,0,0.00000,0,0.00000,0,0.00000,0,0.00000,59,0.00009,0,0.00000,0,0.00000,0,0.00000
Collimonas fungivorans,158899,S,0,0.00000,0,0.00000,0,0.00000,0,0.00000,0,0.00000,0,0.00000,0,0.00000,0,0.00000,0,0.00000,0,0.00000,59,0.00009,22,0.00002,0,0.00000,0,0.00000
Bradyrhizobium vignae,1549949,S,0,0.00000,0,0.00000,0,0.00000,0,0.00000,0,0.00000,0,0.00000,0,0.00000,0,0.00000,0,0.00000,0,0.00000,58,0.00009,86,0.00008,0,0.00000,0,0.00000
Microvirga terrae,2740529,S,0,0.00000,0,0.00000,0,0.00000,0,0.00000,0,0.00000,0,0.00000,0,0.00000,0,0.00000,0,0.00000,0,0.00000,58,0.00009,30,0.00003,0,0.00000,0,0.00000
Sphingomonas piscis,2714943,S,0,0.00000,0,0.00000,0,0.00000,0,0.00000,0,0.00000,0,0.00000,0,0.00000,0,0.00000,0,0.00000,0,0.00000,58,0.00009,19,0.00002,0,0.00000,0,0.00000
Chloracidobacterium aggregatum,2851959,S,0,0.00000,0,0.00000,0,0.00000,0,0.00000,0,0.00000,0,0.00000,0,0.00000,0,0.00000,0,0.00000,0,0.00000,58,0.00009,0,0.00000,0,0.00000,0,0.00000
Sphingomonas sp. LM7,1938607,S,0,0.00000,0,0.00000,0,0.00000,0,0.00000,0,0.00000,0,0.00000,0,0.00000,0,0.00000,0,0.00000,0,0.00000,57,0.00009,0,0.00000,0,0.00000,0,0.00000
Lysobacter auxotrophicus,2992573,S,0,0.00000,0,0.00000,0,0.00000,0,0.00000,0,0.00000,0,0.00000,0,0.00000,0,0.00000,0,0.00000,0,0.00000,57,0.00009,0,0.00000,0,0.00000,0,0.00000
Geomonas paludis,2740185,S,0,0.00000,0,0.00000,0,0.00000,0,0.00000,0,0.00000,0,0.00000,0,0.00000,0,0.00000,0,0.00000,0,0.00000,57,0.00009,0,0.00000,0,0.00000,0,0.00000
Frondihabitans sp. PAMC 28766,1795630,S,0,0.00000,0,0.00000,0,0.00000,0,0.00000,0,0.00000,0,0.00000,0,0.00000,0,0.00000,0,0.00000,0,0.00000,56,0.00009,40,0.00004,0,0.00000,0,0.00000
Hydrogenophaga sp. RAC07,1842537,S,0,0.00000,0,0.00000,0,0.00000,0,0.00000,0,0.00000,0,0.00000,0,0.00000,0,0.00000,0,0.00000,0,0.00000,56,0.00009,28,0.00003,0,0.00000,0,0.00000
Actimicrobium sp. CCC2.4,3048606,S,0,0.00000,0,0.00000,0,0.00000,0,0.00000,0,0.00000,0,0.00000,0,0.00000,0,0.00000,0,0.00000,0,0.00000,56,0.00009,0,0.00000,0,0.00000,0,0.00000
Thiocystis violascens,73141,S,0,0.00000,0,0.00000,0,0.00000,0,0.00000,0,0.00000,0,0.00000,0,0.00000,0,0.00000,0,0.00000,0,0.00000,56,0.00009,22,0.00002,0,0.00000,0,0.00000
Geothrix sp.,1962974,S,0,0.00000,0,0.00000,0,0.00000,0,0.00000,0,0.00000,0,0.00000,0,0.00000,0,0.00000,0,0.00000,0,0.00000,56,0.00009,20,0.00002,0,0.00000,0,0.00000
Cohnella sp. LGH,1619153,S,0,0.00000,0,0.00000,0,0.00000,0,0.00000,0,0.00000,0,0.00000,0,0.00000,0,0.00000,0,0.00000,0,0.00000,55,0.00008,50,0.00005,0,0.00000,0,0.00000
Acuticoccus sp. MNP-M23,3072793,S,0,0.00000,0,0.00000,0,0.00000,0,0.00000,0,0.00000,0,0.00000,0,0.00000,0,0.00000,0,0.00000,0,0.00000,55,0.00008,0,0.00000,0,0.00000,0,0.00000
Phenylobacterium parvum,2201350,S,0,0.00000,0,0.00000,0,0.00000,0,0.00000,0,0.00000,0,0.00000,0,0.00000,0,0.00000,0,0.00000,0,0.00000,55,0.00008,0,0.00000,0,0.00000,0,0.00000
Caballeronia insecticola,758793,S,0,0.00000,0,0.00000,0,0.00000,0,0.00000,0,0.00000,0,0.00000,0,0.00000,0,0.00000,0,0.00000,0,0.00000,55,0.00008,0,0.00000,0,0.00000,0,0.00000
Sulfurimicrobium lacus,2715678,S,0,0.00000,0,0.00000,0,0.00000,0,0.00000,0,0.00000,0,0.00000,0,0.00000,0,0.00000,0,0.00000,0,0.00000,55,0.00008,0,0.00000,0,0.00000,0,0.00000
Sphingomonas glaciei,2938948,S,0,0.00000,0,0.00000,0,0.00000,0,0.00000,0,0.00000,0,0.00000,0,0.00000,0,0.00000,0,0.00000,0,0.00000,54,0.00008,0,0.00000,0,0.00000,0,0.00000
Sphingomonas sp. LHG3406-1,2804617,S,0,0.00000,0,0.00000,0,0.00000,0,0.00000,0,0.00000,0,0.00000,0,0.00000,0,0.00000,0,0.00000,0,0.00000,53,0.00008,0,0.00000,0,0.00000,0,0.00000
Caballeronia sp. TF1N1,2878153,S,0,0.00000,0,0.00000,0,0.00000,0,0.00000,0,0.00000,0,0.00000,0,0.00000,0,0.00000,0,0.00000,0,0.00000,53,0.00008,0,0.00000,0,0.00000,0,0.00000
Sphingomonas flavescens,3132797,S,0,0.00000,0,0.00000,0,0.00000,0,0.00000,0,0.00000,0,0.00000,0,0.00000,0,0.00000,0,0.00000,0,0.00000,52,0.00008,0,0.00000,0,0.00000,0,0.00000
Oceanithermus profundus,187137,S,0,0.00000,0,0.00000,0,0.00000,0,0.00000,0,0.00000,0,0.00000,0,0.00000,0,0.00000,0,0.00000,0,0.00000,51,0.00008,41,0.00004,0,0.00000,0,0.00000
Rhodoferax sediminis,2509614,S,0,0.00000,0,0.00000,0,0.00000,0,0.00000,0,0.00000,0,0.00000,0,0.00000,0,0.00000,0,0.00000,0,0.00000,51,0.00008,45,0.00004,0,0.00000,0,0.00000
Ottowia testudinis,2816950,S,0,0.00000,0,0.00000,0,0.00000,0,0.00000,0,0.00000,0,0.00000,0,0.00000,0,0.00000,0,0.00000,0,0.00000,51,0.00008,27,0.00003,0,0.00000,0,0.00000
uncultured Roseateles sp.,452440,S,0,0.00000,0,0.00000,0,0.00000,0,0.00000,0,0.00000,0,0.00000,0,0.00000,0,0.00000,0,0.00000,0,0.00000,51,0.00008,47,0.00004,0,0.00000,0,0.00000
Myxococcus hansupus,1297742,S,0,0.00000,0,0.00000,0,0.00000,0,0.00000,0,0.00000,0,0.00000,0,0.00000,0,0.00000,0,0.00000,0,0.00000,51,0.00008,0,0.00000,0,0.00000,0,0.00000
Corallococcus sp. EGB,1521117,S,0,0.00000,0,0.00000,0,0.00000,0,0.00000,0,0.00000,0,0.00000,0,0.00000,0,0.00000,0,0.00000,0,0.00000,51,0.00008,41,0.00004,0,0.00000,0,0.00000
Selenomonas sputigena,69823,S,0,0.00000,0,0.00000,0,0.00000,0,0.00000,0,0.00000,0,0.00000,0,0.00000,0,0.00000,0,0.00000,0,0.00000,50,0.00008,0,0.00000,0,0.00000,0,0.00000
Cupriavidus pinatubonensis,248026,S,0,0.00000,0,0.00000,0,0.00000,0,0.00000,0,0.00000,0,0.00000,0,0.00000,0,0.00000,0,0.00000,0,0.00000,50,0.00008,0,0.00000,0,0.00000,0,0.00000
Trinickia caryophylli,28094,S,0,0.00000,0,0.00000,0,0.00000,0,0.00000,0,0.00000,0,0.00000,0,0.00000,0,0.00000,0,0.00000,0,0.00000,50,0.00008,0,0.00000,0,0.00000,0,0.00000
Mesorhizobium koreense,3074855,S,0,0.00000,0,0.00000,0,0.00000,0,0.00000,0,0.00000,0,0.00000,0,0.00000,0,0.00000,0,0.00000,0,0.00000,49,0.00007,113,0.00011,0,0.00000,0,0.00000
Dyella sp. BiH032,3075430,S,0,0.00000,0,0.00000,0,0.00000,0,0.00000,0,0.00000,0,0.00000,0,0.00000,0,0.00000,0,0.00000,0,0.00000,48,0.00007,89,0.00008,0,0.00000,0,0.00000
Lignipirellula cremea,2528010,S,0,0.00000,0,0.00000,0,0.00000,0,0.00000,0,0.00000,0,0.00000,0,0.00000,0,0.00000,0,0.00000,0,0.00000,48,0.00007,26,0.00002,0,0.00000,0,0.00000
Horticoccus luteus,2862869,S,0,0.00000,0,0.00000,0,0.00000,0,0.00000,0,0.00000,0,0.00000,0,0.00000,0,0.00000,0,0.00000,0,0.00000,48,0.00007,21,0.00002,0,0.00000,0,0.00000
Fontisphaera persica,2974023,S,0,0.00000,0,0.00000,0,0.00000,0,0.00000,0,0.00000,0,0.00000,0,0.00000,0,0.00000,0,0.00000,0,0.00000,48,0.00007,36,0.00003,0,0.00000,0,0.00000
Granulicella sp. 5B5,1617967,S,0,0.00000,0,0.00000,0,0.00000,0,0.00000,0,0.00000,0,0.00000,0,0.00000,0,0.00000,0,0.00000,0,0.00000,48,0.00007,27,0.00003,0,0.00000,0,0.00000
Terriglobus roseus,392734,S,0,0.00000,0,0.00000,0,0.00000,0,0.00000,0,0.00000,0,0.00000,0,0.00000,0,0.00000,0,0.00000,0,0.00000,48,0.00007,0,0.00000,0,0.00000,0,0.00000
Rhodothermus marinus,29549,S,0,0.00000,0,0.00000,0,0.00000,0,0.00000,0,0.00000,0,0.00000,0,0.00000,0,0.00000,0,0.00000,0,0.00000,48,0.00007,26,0.00002,0,0.00000,0,0.00000
Candidatus Filomicrobium marinum,1608628,S,0,0.00000,0,0.00000,0,0.00000,0,0.00000,0,0.00000,0,0.00000,0,0.00000,0,0.00000,0,0.00000,0,0.00000,47,0.00007,17,0.00002,0,0.00000,0,0.00000
Youhaiella tibetensis,1447062,S,0,0.00000,0,0.00000,0,0.00000,0,0.00000,0,0.00000,0,0.00000,0,0.00000,0,0.00000,0,0.00000,0,0.00000,47,0.00007,20,0.00002,0,0.00000,0,0.00000
Rhodoligotrophos sp. CJ14,3069264,S,0,0.00000,0,0.00000,0,0.00000,0,0.00000,0,0.00000,0,0.00000,0,0.00000,0,0.00000,0,0.00000,0,0.00000,47,0.00007,15,0.00001,0,0.00000,0,0.00000
Terriglobus albidus,1592106,S,0,0.00000,0,0.00000,0,0.00000,0,0.00000,0,0.00000,0,0.00000,0,0.00000,0,0.00000,0,0.00000,0,0.00000,47,0.00007,0,0.00000,0,0.00000,0,0.00000
Edaphobacter sp. 12200R-103,2703788,S,0,0.00000,0,0.00000,0,0.00000,0,0.00000,0,0.00000,0,0.00000,0,0.00000,0,0.00000,0,0.00000,0,0.00000,47,0.00007,0,0.00000,0,0.00000,0,0.00000
Candidatus Korobacter versatilis,658062,S,0,0.00000,0,0.00000,0,0.00000,0,0.00000,0,0.00000,0,0.00000,0,0.00000,0,0.00000,0,0.00000,0,0.00000,47,0.00007,29,0.00003,0,0.00000,0,0.00000
Herbaspirillum hiltneri,341045,S,0,0.00000,0,0.00000,0,0.00000,0,0.00000,0,0.00000,0,0.00000,0,0.00000,0,0.00000,0,0.00000,0,0.00000,46,0.00007,0,0.00000,0,0.00000,0,0.00000
Thiocapsa sp.,2024551,S,0,0.00000,0,0.00000,0,0.00000,0,0.00000,0,0.00000,0,0.00000,0,0.00000,0,0.00000,0,0.00000,0,0.00000,46,0.00007,0,0.00000,0,0.00000,0,0.00000
Luteolibacter sp. Populi,3230487,S,0,0.00000,0,0.00000,0,0.00000,0,0.00000,0,0.00000,0,0.00000,0,0.00000,0,0.00000,0,0.00000,0,0.00000,46,0.00007,31,0.00003,0,0.00000,0,0.00000
Acidisarcina polymorpha,2211140,S,0,0.00000,0,0.00000,0,0.00000,0,0.00000,0,0.00000,0,0.00000,0,0.00000,0,0.00000,0,0.00000,0,0.00000,46,0.00007,0,0.00000,0,0.00000,0,0.00000
Mycobacterium sp. 20KCMC460,2903536,S,0,0.00000,0,0.00000,0,0.00000,0,0.00000,0,0.00000,0,0.00000,0,0.00000,0,0.00000,0,0.00000,0,0.00000,45,0.00007,41,0.00004,0,0.00000,0,0.00000
Rhodomicrobium lacus,2498452,S,0,0.00000,0,0.00000,0,0.00000,0,0.00000,0,0.00000,0,0.00000,0,0.00000,0,0.00000,0,0.00000,0,0.00000,45,0.00007,0,0.00000,0,0.00000,0,0.00000
Sphingomonas endolithica,2972485,S,0,0.00000,0,0.00000,0,0.00000,0,0.00000,0,0.00000,0,0.00000,0,0.00000,0,0.00000,0,0.00000,0,0.00000,45,0.00007,0,0.00000,0,0.00000,0,0.00000
Sulfuricystis multivorans,2211108,S,0,0.00000,0,0.00000,0,0.00000,0,0.00000,0,0.00000,0,0.00000,0,0.00000,0,0.00000,0,0.00000,0,0.00000,44,0.00007,0,0.00000,0,0.00000,0,0.00000
Methylococcus sp. EFPC2,2812648,S,0,0.00000,0,0.00000,0,0.00000,0,0.00000,0,0.00000,0,0.00000,0,0.00000,0,0.00000,0,0.00000,0,0.00000,44,0.00007,37,0.00003,0,0.00000,0,0.00000
Ereboglobus luteus,1796921,S,0,0.00000,0,0.00000,0,0.00000,0,0.00000,0,0.00000,0,0.00000,0,0.00000,0,0.00000,0,0.00000,0,0.00000,44,0.00007,0,0.00000,0,0.00000,0,0.00000
Methylocella tundrae,227605,S,0,0.00000,0,0.00000,0,0.00000,0,0.00000,0,0.00000,0,0.00000,0,0.00000,0,0.00000,0,0.00000,0,0.00000,43,0.00007,19,0.00002,0,0.00000,0,0.00000
Sphingomonas alpina,653931,S,0,0.00000,0,0.00000,0,0.00000,0,0.00000,0,0.00000,0,0.00000,0,0.00000,0,0.00000,0,0.00000,0,0.00000,43,0.00007,0,0.00000,0,0.00000,0,0.00000
Persicimonas caeni,2292766,S,0,0.00000,0,0.00000,0,0.00000,0,0.00000,0,0.00000,0,0.00000,0,0.00000,0,0.00000,0,0.00000,0,0.00000,43,0.00007,22,0.00002,0,0.00000,0,0.00000
Mycolicibacterium sarraceniae,1534348,S,0,0.00000,0,0.00000,0,0.00000,0,0.00000,0,0.00000,0,0.00000,0,0.00000,0,0.00000,0,0.00000,0,0.00000,42,0.00006,0,0.00000,0,0.00000,0,0.00000
Lichenicola cladoniae,1484109,S,0,0.00000,0,0.00000,0,0.00000,0,0.00000,0,0.00000,0,0.00000,0,0.00000,0,0.00000,0,0.00000,0,0.00000,42,0.00006,0,0.00000,0,0.00000,0,0.00000
Panacibacter ginsenosidivorans,1813871,S,0,0.00000,0,0.00000,0,0.00000,0,0.00000,0,0.00000,0,0.00000,0,0.00000,0,0.00000,0,0.00000,0,0.00000,42,0.00006,16,0.00001,0,0.00000,0,0.00000
Deinococcus maricopensis,309887,S,0,0.00000,0,0.00000,0,0.00000,0,0.00000,0,0.00000,0,0.00000,0,0.00000,0,0.00000,0,0.00000,0,0.00000,41,0.00006,0,0.00000,0,0.00000,0,0.00000
Mycobacterium paragordonae,1389713,S,0,0.00000,0,0.00000,0,0.00000,0,0.00000,0,0.00000,0,0.00000,0,0.00000,0,0.00000,0,0.00000,0,0.00000,40,0.00006,31,0.00003,0,0.00000,0,0.00000
Gordonia hydrophobica,40516,S,0,0.00000,0,0.00000,0,0.00000,0,0.00000,0,0.00000,0,0.00000,0,0.00000,0,0.00000,0,0.00000,0,0.00000,40,0.00006,30,0.00003,0,0.00000,0,0.00000
Parasphingopyxis algicola,2026624,S,0,0.00000,0,0.00000,0,0.00000,0,0.00000,0,0.00000,0,0.00000,0,0.00000,0,0.00000,0,0.00000,0,0.00000,40,0.00006,0,0.00000,0,0.00000,0,0.00000
Variovorax sp. PAMC28562,2762323,S,0,0.00000,0,0.00000,0,0.00000,0,0.00000,0,0.00000,0,0.00000,0,0.00000,0,0.00000,0,0.00000,0,0.00000,40,0.00006,25,0.00002,0,0.00000,0,0.00000
Tepidiforma bonchosmolovskayae,2601677,S,0,0.00000,0,0.00000,0,0.00000,0,0.00000,0,0.00000,0,0.00000,0,0.00000,0,0.00000,0,0.00000,0,0.00000,38,0.00006,22,0.00002,0,0.00000,0,0.00000
Thioalkalivibrio paradoxus,108010,S,0,0.00000,0,0.00000,0,0.00000,0,0.00000,0,0.00000,0,0.00000,0,0.00000,0,0.00000,0,0.00000,0,0.00000,38,0.00006,0,0.00000,0,0.00000,0,0.00000
Alkalilimnicola ehrlichii,351052,S,0,0.00000,0,0.00000,0,0.00000,0,0.00000,0,0.00000,0,0.00000,0,0.00000,0,0.00000,0,0.00000,0,0.00000,38,0.00006,0,0.00000,0,0.00000,0,0.00000
uncultured Desulfobacter sp.,240139,S,0,0.00000,0,0.00000,0,0.00000,0,0.00000,0,0.00000,0,0.00000,0,0.00000,0,0.00000,0,0.00000,0,0.00000,38,0.00006,0,0.00000,0,0.00000,0,0.00000
Mycobacterium kansasii,1768,S,0,0.00000,0,0.00000,0,0.00000,0,0.00000,0,0.00000,0,0.00000,0,0.00000,0,0.00000,0,0.00000,0,0.00000,37,0.00006,18,0.00002,0,0.00000,0,0.00000
Mycobacterium conspicuum,44010,S,0,0.00000,0,0.00000,0,0.00000,0,0.00000,0,0.00000,0,0.00000,0,0.00000,0,0.00000,0,0.00000,0,0.00000,37,0.00006,37,0.00003,0,0.00000,0,0.00000
Nibricoccus aquaticus,2576891,S,0,0.00000,0,0.00000,0,0.00000,0,0.00000,0,0.00000,0,0.00000,0,0.00000,0,0.00000,0,0.00000,0,0.00000,36,0.00005,21,0.00002,0,0.00000,0,0.00000
Tepidiforma flava,3004094,S,0,0.00000,0,0.00000,0,0.00000,0,0.00000,0,0.00000,0,0.00000,0,0.00000,0,0.00000,0,0.00000,0,0.00000,35,0.00005,26,0.00002,0,0.00000,0,0.00000
Methylocapsa sp. D3K7,3041435,S,0,0.00000,0,0.00000,0,0.00000,0,0.00000,0,0.00000,0,0.00000,0,0.00000,0,0.00000,0,0.00000,0,0.00000,35,0.00005,0,0.00000,0,0.00000,0,0.00000
Termitidicoccus mucosus,1184151,S,0,0.00000,0,0.00000,0,0.00000,0,0.00000,0,0.00000,0,0.00000,0,0.00000,0,0.00000,0,0.00000,0,0.00000,35,0.00005,35,0.00003,0,0.00000,0,0.00000
Mycobacterium senriense,2775496,S,0,0.00000,0,0.00000,0,0.00000,0,0.00000,0,0.00000,0,0.00000,0,0.00000,0,0.00000,0,0.00000,0,0.00000,34,0.00005,38,0.00004,0,0.00000,0,0.00000
Rhodomicrobium vannielii,1069,S,0,0.00000,0,0.00000,0,0.00000,0,0.00000,0,0.00000,0,0.00000,0,0.00000,0,0.00000,0,0.00000,0,0.00000,34,0.00005,0,0.00000,0,0.00000,0,0.00000
Sphingomonas sp. SUN039,2937787,S,0,0.00000,0,0.00000,0,0.00000,0,0.00000,0,0.00000,0,0.00000,0,0.00000,0,0.00000,0,0.00000,0,0.00000,34,0.00005,0,0.00000,0,0.00000,0,0.00000
Pandoraea thiooxydans,445709,S,0,0.00000,0,0.00000,0,0.00000,0,0.00000,0,0.00000,0,0.00000,0,0.00000,0,0.00000,0,0.00000,0,0.00000,34,0.00005,0,0.00000,0,0.00000,0,0.00000
Stieleria maiorica,2795974,S,0,0.00000,0,0.00000,0,0.00000,0,0.00000,0,0.00000,0,0.00000,0,0.00000,0,0.00000,0,0.00000,0,0.00000,34,0.00005,32,0.00003,0,0.00000,0,0.00000
Raineyella fluvialis,2662261,S,0,0.00000,0,0.00000,0,0.00000,0,0.00000,0,0.00000,0,0.00000,0,0.00000,0,0.00000,0,0.00000,0,0.00000,33,0.00005,25,0.00002,0,0.00000,0,0.00000
Sediminicoccus sp. KRV36,3133721,S,0,0.00000,0,0.00000,0,0.00000,0,0.00000,0,0.00000,0,0.00000,0,0.00000,0,0.00000,0,0.00000,0,0.00000,33,0.00005,0,0.00000,0,0.00000,0,0.00000
Alienimonas californiensis,2527989,S,0,0.00000,0,0.00000,0,0.00000,0,0.00000,0,0.00000,0,0.00000,0,0.00000,0,0.00000,0,0.00000,0,0.00000,33,0.00005,18,0.00002,0,0.00000,0,0.00000
Maioricimonas rarisocia,2528026,S,0,0.00000,0,0.00000,0,0.00000,0,0.00000,0,0.00000,0,0.00000,0,0.00000,0,0.00000,0,0.00000,0,0.00000,33,0.00005,28,0.00003,0,0.00000,0,0.00000
Luteolibacter sp. LG18,2819286,S,0,0.00000,0,0.00000,0,0.00000,0,0.00000,0,0.00000,0,0.00000,0,0.00000,0,0.00000,0,0.00000,0,0.00000,33,0.00005,35,0.00003,0,0.00000,0,0.00000
Defluviimonas sp. SAOS-178_SWC,3121287,S,0,0.00000,0,0.00000,0,0.00000,0,0.00000,0,0.00000,0,0.00000,0,0.00000,0,0.00000,0,0.00000,0,0.00000,32,0.00005,0,0.00000,0,0.00000,0,0.00000
Mycobacterium sp. Aquia_213,2991728,S,0,0.00000,0,0.00000,0,0.00000,0,0.00000,0,0.00000,0,0.00000,0,0.00000,0,0.00000,0,0.00000,0,0.00000,31,0.00005,0,0.00000,0,0.00000,0,0.00000
Mycobacterium gordonae,1778,S,0,0.00000,0,0.00000,0,0.00000,0,0.00000,0,0.00000,0,0.00000,0,0.00000,0,0.00000,0,0.00000,0,0.00000,31,0.00005,18,0.00002,0,0.00000,0,0.00000
Pirellula staleyi,125,S,0,0.00000,0,0.00000,0,0.00000,0,0.00000,0,0.00000,0,0.00000,0,0.00000,0,0.00000,0,0.00000,0,0.00000,31,0.00005,0,0.00000,0,0.00000,0,0.00000
Candidatus Promineifilum breve,1806508,S,0,0.00000,0,0.00000,0,0.00000,0,0.00000,0,0.00000,0,0.00000,0,0.00000,0,0.00000,0,0.00000,0,0.00000,30,0.00005,18,0.00002,0,0.00000,0,0.00000
Marinithermus hydrothermalis,186192,S,0,0.00000,0,0.00000,0,0.00000,0,0.00000,0,0.00000,0,0.00000,0,0.00000,0,0.00000,0,0.00000,0,0.00000,29,0.00004,0,0.00000,0,0.00000,0,0.00000
Aeoliella mucimassa,2527972,S,0,0.00000,0,0.00000,0,0.00000,0,0.00000,0,0.00000,0,0.00000,0,0.00000,0,0.00000,0,0.00000,0,0.00000,29,0.00004,17,0.00002,0,0.00000,0,0.00000
uncultured Hyphomonas sp.,225298,S,0,0.00000,0,0.00000,0,0.00000,0,0.00000,0,0.00000,0,0.00000,0,0.00000,0,0.00000,0,0.00000,0,0.00000,28,0.00004,35,0.00003,0,0.00000,0,0.00000
Candidatus Methylospira mobilis,1808979,S,0,0.00000,0,0.00000,0,0.00000,0,0.00000,0,0.00000,0,0.00000,0,0.00000,0,0.00000,0,0.00000,0,0.00000,28,0.00004,0,0.00000,0,0.00000,0,0.00000
Isosphaera pallida,128,S,0,0.00000,0,0.00000,0,0.00000,0,0.00000,0,0.00000,0,0.00000,0,0.00000,0,0.00000,0,0.00000,0,0.00000,28,0.00004,18,0.00002,0,0.00000,0,0.00000
Nitrospina watsonii,1323948,S,0,0.00000,0,0.00000,0,0.00000,0,0.00000,0,0.00000,0,0.00000,0,0.00000,0,0.00000,0,0.00000,0,0.00000,28,0.00004,0,0.00000,0,0.00000,0,0.00000
Mycobacterium florentinum,292462,S,0,0.00000,0,0.00000,0,0.00000,0,0.00000,0,0.00000,0,0.00000,0,0.00000,0,0.00000,0,0.00000,0,0.00000,27,0.00004,0,0.00000,0,0.00000,0,0.00000
Limnochorda sp. LNt,3109564,S,0,0.00000,0,0.00000,0,0.00000,0,0.00000,0,0.00000,0,0.00000,0,0.00000,0,0.00000,0,0.00000,0,0.00000,27,0.00004,22,0.00002,0,0.00000,0,0.00000
Thiocapsa bogorovii,521689,S,0,0.00000,0,0.00000,0,0.00000,0,0.00000,0,0.00000,0,0.00000,0,0.00000,0,0.00000,0,0.00000,0,0.00000,27,0.00004,14,0.00001,0,0.00000,0,0.00000
Salinisphaera sp. LB1,2183911,S,0,0.00000,0,0.00000,0,0.00000,0,0.00000,0,0.00000,0,0.00000,0,0.00000,0,0.00000,0,0.00000,0,0.00000,27,0.00004,0,0.00000,0,0.00000,0,0.00000
Granulicella mallensis,940614,S,0,0.00000,0,0.00000,0,0.00000,0,0.00000,0,0.00000,0,0.00000,0,0.00000,0,0.00000,0,0.00000,0,0.00000,27,0.00004,24,0.00002,0,0.00000,0,0.00000
Rubrobacter radiotolerans,42256,S,0,0.00000,0,0.00000,0,0.00000,0,0.00000,0,0.00000,0,0.00000,0,0.00000,0,0.00000,0,0.00000,0,0.00000,26,0.00004,34,0.00003,0,0.00000,0,0.00000
Limnochorda pilosa,1555112,S,0,0.00000,0,0.00000,0,0.00000,0,0.00000,0,0.00000,0,0.00000,0,0.00000,0,0.00000,0,0.00000,0,0.00000,26,0.00004,29,0.00003,0,0.00000,0,0.00000
Thiorhodovibrio winogradskyi,77007,S,0,0.00000,0,0.00000,0,0.00000,0,0.00000,0,0.00000,0,0.00000,0,0.00000,0,0.00000,0,0.00000,0,0.00000,26,0.00004,0,0.00000,0,0.00000,0,0.00000
Haloferula helveola,490095,S,0,0.00000,0,0.00000,0,0.00000,0,0.00000,0,0.00000,0,0.00000,0,0.00000,0,0.00000,0,0.00000,0,0.00000,26,0.00004,0,0.00000,0,0.00000,0,0.00000
Mycobacterium sp. Z3061,3073562,S,0,0.00000,0,0.00000,0,0.00000,0,0.00000,0,0.00000,0,0.00000,0,0.00000,0,0.00000,0,0.00000,0,0.00000,24,0.00004,19,0.00002,0,0.00000,0,0.00000
Gloeobacter kilaueensis,1416614,S,0,0.00000,0,0.00000,0,0.00000,0,0.00000,0,0.00000,0,0.00000,0,0.00000,0,0.00000,0,0.00000,0,0.00000,24,0.00004,0,0.00000,0,0.00000,0,0.00000
Nitrosospira sp. Is2,3080532,S,0,0.00000,0,0.00000,0,0.00000,0,0.00000,0,0.00000,0,0.00000,0,0.00000,0,0.00000,0,0.00000,0,0.00000,24,0.00004,0,0.00000,0,0.00000,0,0.00000
Symmachiella dynata,2527995,S,0,0.00000,0,0.00000,0,0.00000,0,0.00000,0,0.00000,0,0.00000,0,0.00000,0,0.00000,0,0.00000,0,0.00000,24,0.00004,13,0.00001,0,0.00000,0,0.00000
Chloroflexus aurantiacus,1108,S,0,0.00000,0,0.00000,0,0.00000,0,0.00000,0,0.00000,0,0.00000,0,0.00000,0,0.00000,0,0.00000,0,0.00000,23,0.00004,0,0.00000,0,0.00000,0,0.00000
Acidisoma sp. PAMC 29798,3040935,S,0,0.00000,0,0.00000,0,0.00000,0,0.00000,0,0.00000,0,0.00000,0,0.00000,0,0.00000,0,0.00000,0,0.00000,23,0.00004,0,0.00000,0,0.00000,0,0.00000
Ahniella affigens,2021234,S,0,0.00000,0,0.00000,0,0.00000,0,0.00000,0,0.00000,0,0.00000,0,0.00000,0,0.00000,0,0.00000,0,0.00000,23,0.00004,0,0.00000,0,0.00000,0,0.00000
Limnochorda sp. L945t,3109565,S,0,0.00000,0,0.00000,0,0.00000,0,0.00000,0,0.00000,0,0.00000,0,0.00000,0,0.00000,0,0.00000,0,0.00000,22,0.00003,0,0.00000,0,0.00000,0,0.00000
Luteolibacter luteus,2728835,S,0,0.00000,0,0.00000,0,0.00000,0,0.00000,0,0.00000,0,0.00000,0,0.00000,0,0.00000,0,0.00000,0,0.00000,22,0.00003,17,0.00002,0,0.00000,0,0.00000
Chloracidobacterium validum,2821543,S,0,0.00000,0,0.00000,0,0.00000,0,0.00000,0,0.00000,0,0.00000,0,0.00000,0,0.00000,0,0.00000,0,0.00000,22,0.00003,0,0.00000,0,0.00000,0,0.00000
Salinibacter ruber,146919,S,0,0.00000,0,0.00000,0,0.00000,0,0.00000,0,0.00000,0,0.00000,0,0.00000,0,0.00000,0,0.00000,0,0.00000,22,0.00003,10,0.00001,0,0.00000,0,0.00000
Desulfoglaeba alkanexedens,361111,S,0,0.00000,0,0.00000,0,0.00000,0,0.00000,0,0.00000,0,0.00000,0,0.00000,0,0.00000,0,0.00000,0,0.00000,22,0.00003,0,0.00000,0,0.00000,0,0.00000
Roseimicrobium sp. ORNL1,2711231,S,0,0.00000,0,0.00000,0,0.00000,0,0.00000,0,0.00000,0,0.00000,0,0.00000,0,0.00000,0,0.00000,0,0.00000,21,0.00003,30,0.00003,0,0.00000,0,0.00000
Stratiformator vulcanicus,2527980,S,0,0.00000,0,0.00000,0,0.00000,0,0.00000,0,0.00000,0,0.00000,0,0.00000,0,0.00000,0,0.00000,0,0.00000,20,0.00003,17,0.00002,0,0.00000,0,0.00000
Mucisphaera calidilacus,2527982,S,0,0.00000,0,0.00000,0,0.00000,0,0.00000,0,0.00000,0,0.00000,0,0.00000,0,0.00000,0,0.00000,0,0.00000,20,0.00003,13,0.00001,0,0.00000,0,0.00000
Desulfoluna limicola,2810562,S,0,0.00000,0,0.00000,0,0.00000,0,0.00000,0,0.00000,0,0.00000,0,0.00000,0,0.00000,0,0.00000,0,0.00000,20,0.00003,0,0.00000,0,0.00000,0,0.00000
Truepera radiovictrix,332249,S,0,0.00000,0,0.00000,0,0.00000,0,0.00000,0,0.00000,0,0.00000,0,0.00000,0,0.00000,0,0.00000,0,0.00000,19,0.00003,19,0.00002,0,0.00000,0,0.00000
Wenzhouxiangella sp. AB-CW3,2771012,S,0,0.00000,0,0.00000,0,0.00000,0,0.00000,0,0.00000,0,0.00000,0,0.00000,0,0.00000,0,0.00000,0,0.00000,19,0.00003,0,0.00000,0,0.00000,0,0.00000
Telmatobacter sp. DSM 110680,3036704,S,0,0.00000,0,0.00000,0,0.00000,0,0.00000,0,0.00000,0,0.00000,0,0.00000,0,0.00000,0,0.00000,0,0.00000,19,0.00003,0,0.00000,0,0.00000,0,0.00000
Roseiflexus castenholzii,120962,S,0,0.00000,0,0.00000,0,0.00000,0,0.00000,0,0.00000,0,0.00000,0,0.00000,0,0.00000,0,0.00000,0,0.00000,18,0.00003,0,0.00000,0,0.00000,0,0.00000
Telmatocola sphagniphila,1123043,S,0,0.00000,0,0.00000,0,0.00000,0,0.00000,0,0.00000,0,0.00000,0,0.00000,0,0.00000,0,0.00000,0,0.00000,18,0.00003,0,0.00000,0,0.00000,0,0.00000
Desulfoferula mesophila,3058419,S,0,0.00000,0,0.00000,0,0.00000,0,0.00000,0,0.00000,0,0.00000,0,0.00000,0,0.00000,0,0.00000,0,0.00000,18,0.00003,13,0.00001,0,0.00000,0,0.00000
Mycobacterium decipiens,1430326,S,0,0.00000,0,0.00000,0,0.00000,0,0.00000,0,0.00000,0,0.00000,0,0.00000,0,0.00000,0,0.00000,0,0.00000,17,0.00003,18,0.00002,0,0.00000,0,0.00000
Capsulimonas corticalis,2219043,S,0,0.00000,0,0.00000,0,0.00000,0,0.00000,0,0.00000,0,0.00000,0,0.00000,0,0.00000,0,0.00000,0,0.00000,17,0.00003,17,0.00002,0,0.00000,0,0.00000
Tuwongella immobilis,692036,S,0,0.00000,0,0.00000,0,0.00000,0,0.00000,0,0.00000,0,0.00000,0,0.00000,0,0.00000,0,0.00000,0,0.00000,16,0.00002,0,0.00000,0,0.00000,0,0.00000
Actomonas aquatica,2866162,S,0,0.00000,0,0.00000,0,0.00000,0,0.00000,0,0.00000,0,0.00000,0,0.00000,0,0.00000,0,0.00000,0,0.00000,16,0.00002,14,0.00001,0,0.00000,0,0.00000
Thermomicrobium roseum,500,S,0,0.00000,0,0.00000,0,0.00000,0,0.00000,0,0.00000,0,0.00000,0,0.00000,0,0.00000,0,0.00000,0,0.00000,15,0.00002,0,0.00000,0,0.00000,0,0.00000
Fimbriimonas ginsengisoli,1005039,S,0,0.00000,0,0.00000,0,0.00000,0,0.00000,0,0.00000,0,0.00000,0,0.00000,0,0.00000,0,0.00000,0,0.00000,15,0.00002,0,0.00000,0,0.00000,0,0.00000
Stieleria varia,2528005,S,0,0.00000,0,0.00000,0,0.00000,0,0.00000,0,0.00000,0,0.00000,0,0.00000,0,0.00000,0,0.00000,0,0.00000,15,0.00002,0,0.00000,0,0.00000,0,0.00000
Woeseia oceani,1548547,S,0,0.00000,0,0.00000,0,0.00000,0,0.00000,0,0.00000,0,0.00000,0,0.00000,0,0.00000,0,0.00000,0,0.00000,13,0.00002,0,0.00000,0,0.00000,0,0.00000
Thermoflexus hugenholtzii,1495650,S,0,0.00000,0,0.00000,0,0.00000,0,0.00000,0,0.00000,0,0.00000,0,0.00000,0,0.00000,0,0.00000,0,0.00000,11,0.00002,13,0.00001,0,0.00000,0,0.00000
Fuerstiella marisgermanici,1891926,S,0,0.00000,0,0.00000,0,0.00000,0,0.00000,0,0.00000,0,0.00000,0,0.00000,0,0.00000,0,0.00000,0,0.00000,10,0.00002,0,0.00000,0,0.00000,0,0.00000
Brucella pseudogrignonensis,419475,S,0,0.00000,0,0.00000,0,0.00000,0,0.00000,0,0.00000,0,0.00000,0,0.00000,0,0.00000,0,0.00000,0,0.00000,0,0.00000,10370,0.00965,0,0.00000,0,0.00000
Proteus vulgaris,585,S,0,0.00000,0,0.00000,0,0.00000,0,0.00000,0,0.00000,0,0.00000,0,0.00000,0,0.00000,0,0.00000,0,0.00000,0,0.00000,5805,0.00540,0,0.00000,0,0.00000
Mycobacterium novum,2492438,S,0,0.00000,0,0.00000,0,0.00000,0,0.00000,0,0.00000,0,0.00000,0,0.00000,0,0.00000,0,0.00000,0,0.00000,0,0.00000,3639,0.00339,0,0.00000,0,0.00000
Microbacterium oxydans,82380,S,0,0.00000,0,0.00000,0,0.00000,0,0.00000,0,0.00000,0,0.00000,0,0.00000,0,0.00000,0,0.00000,0,0.00000,0,0.00000,3178,0.00296,0,0.00000,0,0.00000
Rheinheimera sp. MM224,3019969,S,0,0.00000,0,0.00000,0,0.00000,0,0.00000,0,0.00000,0,0.00000,0,0.00000,0,0.00000,0,0.00000,0,0.00000,0,0.00000,3170,0.00295,0,0.00000,0,0.00000
Alcaligenes aquatilis,323284,S,0,0.00000,0,0.00000,0,0.00000,0,0.00000,0,0.00000,0,0.00000,0,0.00000,0,0.00000,0,0.00000,0,0.00000,0,0.00000,2340,0.00218,0,0.00000,0,0.00000
Isoalcanivorax pacificus,1306787,S,0,0.00000,0,0.00000,0,0.00000,0,0.00000,0,0.00000,0,0.00000,0,0.00000,0,0.00000,0,0.00000,0,0.00000,0,0.00000,2268,0.00211,0,0.00000,0,0.00000
Pseudomonas sp. MTM4,2705472,S,0,0.00000,0,0.00000,0,0.00000,0,0.00000,0,0.00000,0,0.00000,0,0.00000,0,0.00000,0,0.00000,0,0.00000,0,0.00000,2093,0.00195,0,0.00000,0,0.00000
Aeromonas salmonicida,645,S,0,0.00000,0,0.00000,0,0.00000,0,0.00000,0,0.00000,0,0.00000,0,0.00000,0,0.00000,0,0.00000,0,0.00000,0,0.00000,1868,0.00174,0,0.00000,0,0.00000
Stenotrophomonas sp. 169,2770322,S,0,0.00000,0,0.00000,0,0.00000,0,0.00000,0,0.00000,0,0.00000,0,0.00000,0,0.00000,0,0.00000,0,0.00000,0,0.00000,1525,0.00142,0,0.00000,0,0.00000
Stenotrophomonas sp. NY11291,2939415,S,0,0.00000,0,0.00000,0,0.00000,0,0.00000,0,0.00000,0,0.00000,0,0.00000,0,0.00000,0,0.00000,0,0.00000,0,0.00000,1489,0.00139,0,0.00000,0,0.00000
Pseudomonas khazarica,2502979,S,0,0.00000,0,0.00000,0,0.00000,0,0.00000,0,0.00000,0,0.00000,0,0.00000,0,0.00000,0,0.00000,0,0.00000,0,0.00000,1390,0.00129,0,0.00000,0,0.00000
Brucella pituitosa,571256,S,0,0.00000,0,0.00000,0,0.00000,0,0.00000,0,0.00000,0,0.00000,0,0.00000,0,0.00000,0,0.00000,0,0.00000,0,0.00000,1324,0.00123,0,0.00000,0,0.00000
Acidovorax sp. T1,1858609,S,0,0.00000,0,0.00000,0,0.00000,0,0.00000,0,0.00000,0,0.00000,0,0.00000,0,0.00000,0,0.00000,0,0.00000,0,0.00000,1214,0.00113,0,0.00000,0,0.00000
Pseudomonas sp. SG20056,3074146,S,0,0.00000,0,0.00000,0,0.00000,0,0.00000,0,0.00000,0,0.00000,0,0.00000,0,0.00000,0,0.00000,0,0.00000,0,0.00000,1207,0.00112,0,0.00000,0,0.00000
Rheinheimera sp. D18,2545632,S,0,0.00000,0,0.00000,0,0.00000,0,0.00000,0,0.00000,0,0.00000,0,0.00000,0,0.00000,0,0.00000,0,0.00000,0,0.00000,1194,0.00111,0,0.00000,0,0.00000
Pseudomonas saudiphocaensis,1499686,S,0,0.00000,0,0.00000,0,0.00000,0,0.00000,0,0.00000,0,0.00000,0,0.00000,0,0.00000,0,0.00000,0,0.00000,0,0.00000,1159,0.00108,0,0.00000,0,0.00000
Microbacterium liquefaciens,33918,S,0,0.00000,0,0.00000,0,0.00000,0,0.00000,0,0.00000,0,0.00000,0,0.00000,0,0.00000,0,0.00000,0,0.00000,0,0.00000,1115,0.00104,0,0.00000,0,0.00000
Rhodococcus erythropolis,1833,S,0,0.00000,0,0.00000,0,0.00000,0,0.00000,0,0.00000,0,0.00000,0,0.00000,0,0.00000,0,0.00000,0,0.00000,0,0.00000,1029,0.00096,0,0.00000,0,0.00000
Pollutimonas sp. M17,2962065,S,0,0.00000,0,0.00000,0,0.00000,0,0.00000,0,0.00000,0,0.00000,0,0.00000,0,0.00000,0,0.00000,0,0.00000,0,0.00000,1002,0.00093,0,0.00000,0,0.00000
Stutzerimonas balearica,74829,S,0,0.00000,0,0.00000,0,0.00000,0,0.00000,0,0.00000,0,0.00000,0,0.00000,0,0.00000,0,0.00000,0,0.00000,0,0.00000,1002,0.00093,0,0.00000,0,0.00000
Stutzerimonas degradans,2968968,S,0,0.00000,0,0.00000,0,0.00000,0,0.00000,0,0.00000,0,0.00000,0,0.00000,0,0.00000,0,0.00000,0,0.00000,0,0.00000,978,0.00091,0,0.00000,0,0.00000
Pseudomonas phenolilytica,2746321,S,0,0.00000,0,0.00000,0,0.00000,0,0.00000,0,0.00000,0,0.00000,0,0.00000,0,0.00000,0,0.00000,0,0.00000,0,0.00000,936,0.00087,0,0.00000,0,0.00000
Sphingopyxis sp. DBS4,2968500,S,0,0.00000,0,0.00000,0,0.00000,0,0.00000,0,0.00000,0,0.00000,0,0.00000,0,0.00000,0,0.00000,0,0.00000,0,0.00000,902,0.00084,0,0.00000,0,0.00000
Pseudomonas anguilliseptica,53406,S,0,0.00000,0,0.00000,0,0.00000,0,0.00000,0,0.00000,0,0.00000,0,0.00000,0,0.00000,0,0.00000,0,0.00000,0,0.00000,890,0.00083,0,0.00000,0,0.00000
Pseudomonas fulva,47880,S,0,0.00000,0,0.00000,0,0.00000,0,0.00000,0,0.00000,0,0.00000,0,0.00000,0,0.00000,0,0.00000,0,0.00000,0,0.00000,829,0.00077,0,0.00000,0,0.00000
Stutzerimonas kunmingensis,1211807,S,0,0.00000,0,0.00000,0,0.00000,0,0.00000,0,0.00000,0,0.00000,0,0.00000,0,0.00000,0,0.00000,0,0.00000,0,0.00000,768,0.00071,0,0.00000,0,0.00000
Rhodanobacter glycinis,582702,S,0,0.00000,0,0.00000,0,0.00000,0,0.00000,0,0.00000,0,0.00000,0,0.00000,0,0.00000,0,0.00000,0,0.00000,0,0.00000,678,0.00063,0,0.00000,0,0.00000
Rheinheimera mangrovi,2498451,S,0,0.00000,0,0.00000,0,0.00000,0,0.00000,0,0.00000,0,0.00000,0,0.00000,0,0.00000,0,0.00000,0,0.00000,0,0.00000,668,0.00062,0,0.00000,0,0.00000
Xanthomonas citri,346,S,0,0.00000,0,0.00000,0,0.00000,0,0.00000,0,0.00000,0,0.00000,0,0.00000,0,0.00000,0,0.00000,0,0.00000,0,0.00000,660,0.00061,0,0.00000,0,0.00000
Streptomyces sp. S465,2979468,S,0,0.00000,0,0.00000,0,0.00000,0,0.00000,0,0.00000,0,0.00000,0,0.00000,0,0.00000,0,0.00000,0,0.00000,0,0.00000,630,0.00059,0,0.00000,0,0.00000
Rhodanobacter sp. FDAARGOS 1247,2778082,S,0,0.00000,0,0.00000,0,0.00000,0,0.00000,0,0.00000,0,0.00000,0,0.00000,0,0.00000,0,0.00000,0,0.00000,0,0.00000,628,0.00058,0,0.00000,0,0.00000
Paenibacillus sp. IHB B 3084,867076,S,0,0.00000,0,0.00000,0,0.00000,0,0.00000,0,0.00000,0,0.00000,0,0.00000,0,0.00000,0,0.00000,0,0.00000,0,0.00000,562,0.00052,0,0.00000,0,0.00000
Streptomyces sp. NBC_00457,2975748,S,0,0.00000,0,0.00000,0,0.00000,0,0.00000,0,0.00000,0,0.00000,0,0.00000,0,0.00000,0,0.00000,0,0.00000,0,0.00000,539,0.00050,0,0.00000,0,0.00000
Microbacterium sp. PAMC22086,2861281,S,0,0.00000,0,0.00000,0,0.00000,0,0.00000,0,0.00000,0,0.00000,0,0.00000,0,0.00000,0,0.00000,0,0.00000,0,0.00000,505,0.00047,0,0.00000,0,0.00000
Pseudomonas chengduensis,489632,S,0,0.00000,0,0.00000,0,0.00000,0,0.00000,0,0.00000,0,0.00000,0,0.00000,0,0.00000,0,0.00000,0,0.00000,0,0.00000,490,0.00046,0,0.00000,0,0.00000
Streptomyces sp. NEAU-S7GS2,2202000,S,0,0.00000,0,0.00000,0,0.00000,0,0.00000,0,0.00000,0,0.00000,0,0.00000,0,0.00000,0,0.00000,0,0.00000,0,0.00000,488,0.00045,0,0.00000,0,0.00000
Shewanella baltica,62322,S,0,0.00000,0,0.00000,0,0.00000,0,0.00000,0,0.00000,0,0.00000,0,0.00000,0,0.00000,0,0.00000,0,0.00000,0,0.00000,476,0.00044,0,0.00000,0,0.00000
Pseudomonas sp. SL4(2022),2994661,S,0,0.00000,0,0.00000,0,0.00000,0,0.00000,0,0.00000,0,0.00000,0,0.00000,0,0.00000,0,0.00000,0,0.00000,0,0.00000,460,0.00043,0,0.00000,0,0.00000
Stenotrophomonas sp. BIO128-Bstrain,3027225,S,0,0.00000,0,0.00000,0,0.00000,0,0.00000,0,0.00000,0,0.00000,0,0.00000,0,0.00000,0,0.00000,0,0.00000,0,0.00000,445,0.00041,0,0.00000,0,0.00000
Acidovorax carolinensis,553814,S,0,0.00000,0,0.00000,0,0.00000,0,0.00000,0,0.00000,0,0.00000,0,0.00000,0,0.00000,0,0.00000,0,0.00000,0,0.00000,439,0.00041,0,0.00000,0,0.00000
Mycolicibacterium nivoides,2487344,S,0,0.00000,0,0.00000,0,0.00000,0,0.00000,0,0.00000,0,0.00000,0,0.00000,0,0.00000,0,0.00000,0,0.00000,0,0.00000,428,0.00040,0,0.00000,0,0.00000
Stenotrophomonas sp. 704A1,3055079,S,0,0.00000,0,0.00000,0,0.00000,0,0.00000,0,0.00000,0,0.00000,0,0.00000,0,0.00000,0,0.00000,0,0.00000,0,0.00000,428,0.00040,0,0.00000,0,0.00000
Mesorhizobium mediterraneum,43617,S,0,0.00000,0,0.00000,0,0.00000,0,0.00000,0,0.00000,0,0.00000,0,0.00000,0,0.00000,0,0.00000,0,0.00000,0,0.00000,421,0.00039,0,0.00000,0,0.00000
Flavobacterium sp. MDT1-60,1979344,S,0,0.00000,0,0.00000,0,0.00000,0,0.00000,0,0.00000,0,0.00000,0,0.00000,0,0.00000,0,0.00000,0,0.00000,0,0.00000,416,0.00039,0,0.00000,0,0.00000
Alicycliphilus denitrificans,179636,S,0,0.00000,0,0.00000,0,0.00000,0,0.00000,0,0.00000,0,0.00000,0,0.00000,0,0.00000,0,0.00000,0,0.00000,0,0.00000,413,0.00038,0,0.00000,0,0.00000
Stenotrophomonas sp. 24(2023),3068324,S,0,0.00000,0,0.00000,0,0.00000,0,0.00000,0,0.00000,0,0.00000,0,0.00000,0,0.00000,0,0.00000,0,0.00000,0,0.00000,413,0.00038,0,0.00000,0,0.00000
Arenibacter algicola,616991,S,0,0.00000,0,0.00000,0,0.00000,0,0.00000,0,0.00000,0,0.00000,0,0.00000,0,0.00000,0,0.00000,0,0.00000,0,0.00000,410,0.00038,0,0.00000,0,0.00000
Pseudomonas sp. TMP9,3133144,S,0,0.00000,0,0.00000,0,0.00000,0,0.00000,0,0.00000,0,0.00000,0,0.00000,0,0.00000,0,0.00000,0,0.00000,0,0.00000,405,0.00038,0,0.00000,0,0.00000
Streptomyces sp. NBC_01455,2903874,S,0,0.00000,0,0.00000,0,0.00000,0,0.00000,0,0.00000,0,0.00000,0,0.00000,0,0.00000,0,0.00000,0,0.00000,0,0.00000,404,0.00038,0,0.00000,0,0.00000
Stutzerimonas frequens,2968969,S,0,0.00000,0,0.00000,0,0.00000,0,0.00000,0,0.00000,0,0.00000,0,0.00000,0,0.00000,0,0.00000,0,0.00000,0,0.00000,401,0.00037,0,0.00000,0,0.00000
Protaetiibacter sp. SSC-01,2759943,S,0,0.00000,0,0.00000,0,0.00000,0,0.00000,0,0.00000,0,0.00000,0,0.00000,0,0.00000,0,0.00000,0,0.00000,0,0.00000,381,0.00035,0,0.00000,0,0.00000
uncultured Pseudomonas sp.,114707,S,0,0.00000,0,0.00000,0,0.00000,0,0.00000,0,0.00000,0,0.00000,0,0.00000,0,0.00000,0,0.00000,0,0.00000,0,0.00000,376,0.00035,0,0.00000,0,0.00000
Microbacterium sp. LWH10-1.2,3135255,S,0,0.00000,0,0.00000,0,0.00000,0,0.00000,0,0.00000,0,0.00000,0,0.00000,0,0.00000,0,0.00000,0,0.00000,0,0.00000,373,0.00035,0,0.00000,0,0.00000
Bradyrhizobium yuanmingense,108015,S,0,0.00000,0,0.00000,0,0.00000,0,0.00000,0,0.00000,0,0.00000,0,0.00000,0,0.00000,0,0.00000,0,0.00000,0,0.00000,371,0.00035,0,0.00000,0,0.00000
Aminobacter niigataensis,83265,S,0,0.00000,0,0.00000,0,0.00000,0,0.00000,0,0.00000,0,0.00000,0,0.00000,0,0.00000,0,0.00000,0,0.00000,0,0.00000,367,0.00034,0,0.00000,0,0.00000
Delftia tsuruhatensis,180282,S,0,0.00000,0,0.00000,0,0.00000,0,0.00000,0,0.00000,0,0.00000,0,0.00000,0,0.00000,0,0.00000,0,0.00000,0,0.00000,361,0.00034,0,0.00000,0,0.00000
Stenotrophomonas pavanii,487698,S,0,0.00000,0,0.00000,0,0.00000,0,0.00000,0,0.00000,0,0.00000,0,0.00000,0,0.00000,0,0.00000,0,0.00000,0,0.00000,357,0.00033,0,0.00000,0,0.00000
Stenotrophomonas sp. 610A2,3055080,S,0,0.00000,0,0.00000,0,0.00000,0,0.00000,0,0.00000,0,0.00000,0,0.00000,0,0.00000,0,0.00000,0,0.00000,0,0.00000,348,0.00032,0,0.00000,0,0.00000
Pseudomonas alcaligenes,43263,S,0,0.00000,0,0.00000,0,0.00000,0,0.00000,0,0.00000,0,0.00000,0,0.00000,0,0.00000,0,0.00000,0,0.00000,0,0.00000,342,0.00032,0,0.00000,0,0.00000
Skermanella sp. TT6,2775420,S,0,0.00000,0,0.00000,0,0.00000,0,0.00000,0,0.00000,0,0.00000,0,0.00000,0,0.00000,0,0.00000,0,0.00000,0,0.00000,333,0.00031,0,0.00000,0,0.00000
Myroides odoratus,256,S,0,0.00000,0,0.00000,0,0.00000,0,0.00000,0,0.00000,0,0.00000,0,0.00000,0,0.00000,0,0.00000,0,0.00000,0,0.00000,333,0.00031,0,0.00000,0,0.00000
Streptomyces sp. SYP-A7193,2662065,S,0,0.00000,0,0.00000,0,0.00000,0,0.00000,0,0.00000,0,0.00000,0,0.00000,0,0.00000,0,0.00000,0,0.00000,0,0.00000,332,0.00031,0,0.00000,0,0.00000
Streptomyces sp. NBC_00445,2975745,S,0,0.00000,0,0.00000,0,0.00000,0,0.00000,0,0.00000,0,0.00000,0,0.00000,0,0.00000,0,0.00000,0,0.00000,0,0.00000,329,0.00031,0,0.00000,0,0.00000
Rhodanobacter sp. IGA1.0,3158582,S,0,0.00000,0,0.00000,0,0.00000,0,0.00000,0,0.00000,0,0.00000,0,0.00000,0,0.00000,0,0.00000,0,0.00000,0,0.00000,323,0.00030,0,0.00000,0,0.00000
Protaetiibacter intestinalis,2419774,S,0,0.00000,0,0.00000,0,0.00000,0,0.00000,0,0.00000,0,0.00000,0,0.00000,0,0.00000,0,0.00000,0,0.00000,0,0.00000,307,0.00029,0,0.00000,0,0.00000
Comamonas testosteroni,285,S,0,0.00000,0,0.00000,0,0.00000,0,0.00000,0,0.00000,0,0.00000,0,0.00000,0,0.00000,0,0.00000,0,0.00000,0,0.00000,302,0.00028,0,0.00000,0,0.00000
Oryzisolibacter sp. LB2S,3228789,S,0,0.00000,0,0.00000,0,0.00000,0,0.00000,0,0.00000,0,0.00000,0,0.00000,0,0.00000,0,0.00000,0,0.00000,0,0.00000,292,0.00027,0,0.00000,0,0.00000
Paracoccus yeei,147645,S,0,0.00000,0,0.00000,0,0.00000,0,0.00000,0,0.00000,0,0.00000,0,0.00000,0,0.00000,0,0.00000,0,0.00000,0,0.00000,287,0.00027,0,0.00000,0,0.00000
Microbacterium sp. SY138,3149040,S,0,0.00000,0,0.00000,0,0.00000,0,0.00000,0,0.00000,0,0.00000,0,0.00000,0,0.00000,0,0.00000,0,0.00000,0,0.00000,282,0.00026,0,0.00000,0,0.00000
Sphingopyxis lindanitolerans,2054227,S,0,0.00000,0,0.00000,0,0.00000,0,0.00000,0,0.00000,0,0.00000,0,0.00000,0,0.00000,0,0.00000,0,0.00000,0,0.00000,270,0.00025,0,0.00000,0,0.00000
Comamonas aquatica,225991,S,0,0.00000,0,0.00000,0,0.00000,0,0.00000,0,0.00000,0,0.00000,0,0.00000,0,0.00000,0,0.00000,0,0.00000,0,0.00000,266,0.00025,0,0.00000,0,0.00000
Stutzerimonas zhaodongensis,1176257,S,0,0.00000,0,0.00000,0,0.00000,0,0.00000,0,0.00000,0,0.00000,0,0.00000,0,0.00000,0,0.00000,0,0.00000,0,0.00000,264,0.00025,0,0.00000,0,0.00000
Streptomyces janthinus,67308,S,0,0.00000,0,0.00000,0,0.00000,0,0.00000,0,0.00000,0,0.00000,0,0.00000,0,0.00000,0,0.00000,0,0.00000,0,0.00000,260,0.00024,0,0.00000,0,0.00000
Flavobacterium dauae,1563479,S,0,0.00000,0,0.00000,0,0.00000,0,0.00000,0,0.00000,0,0.00000,0,0.00000,0,0.00000,0,0.00000,0,0.00000,0,0.00000,260,0.00024,0,0.00000,0,0.00000
Delftia acidovorans,80866,S,0,0.00000,0,0.00000,0,0.00000,0,0.00000,0,0.00000,0,0.00000,0,0.00000,0,0.00000,0,0.00000,0,0.00000,0,0.00000,259,0.00024,0,0.00000,0,0.00000
Brevundimonas diminuta,293,S,0,0.00000,0,0.00000,0,0.00000,0,0.00000,0,0.00000,0,0.00000,0,0.00000,0,0.00000,0,0.00000,0,0.00000,0,0.00000,250,0.00023,0,0.00000,0,0.00000
Pseudomonas sp. TMP25,3136561,S,0,0.00000,0,0.00000,0,0.00000,0,0.00000,0,0.00000,0,0.00000,0,0.00000,0,0.00000,0,0.00000,0,0.00000,0,0.00000,247,0.00023,0,0.00000,0,0.00000
Pseudomonas protegens,380021,S,0,0.00000,0,0.00000,0,0.00000,0,0.00000,0,0.00000,0,0.00000,0,0.00000,0,0.00000,0,0.00000,0,0.00000,0,0.00000,246,0.00023,0,0.00000,0,0.00000
Microbacterium sp. Y-01,2048898,S,0,0.00000,0,0.00000,0,0.00000,0,0.00000,0,0.00000,0,0.00000,0,0.00000,0,0.00000,0,0.00000,0,0.00000,0,0.00000,245,0.00023,0,0.00000,0,0.00000
Microbacterium foliorum,104336,S,0,0.00000,0,0.00000,0,0.00000,0,0.00000,0,0.00000,0,0.00000,0,0.00000,0,0.00000,0,0.00000,0,0.00000,0,0.00000,244,0.00023,0,0.00000,0,0.00000
Stenotrophomonas sp. LM091,1904944,S,0,0.00000,0,0.00000,0,0.00000,0,0.00000,0,0.00000,0,0.00000,0,0.00000,0,0.00000,0,0.00000,0,0.00000,0,0.00000,242,0.00023,0,0.00000,0,0.00000
Parabacteroides chongii,2685834,S,0,0.00000,0,0.00000,0,0.00000,0,0.00000,0,0.00000,0,0.00000,0,0.00000,0,0.00000,0,0.00000,0,0.00000,0,0.00000,242,0.00023,0,0.00000,0,0.00000
Brucella intermedia,94625,S,0,0.00000,0,0.00000,0,0.00000,0,0.00000,0,0.00000,0,0.00000,0,0.00000,0,0.00000,0,0.00000,0,0.00000,0,0.00000,240,0.00022,0,0.00000,0,0.00000
Diaphorobacter limosus,3036128,S,0,0.00000,0,0.00000,0,0.00000,0,0.00000,0,0.00000,0,0.00000,0,0.00000,0,0.00000,0,0.00000,0,0.00000,0,0.00000,231,0.00021,0,0.00000,0,0.00000
Stutzerimonas xanthomarina,271420,S,0,0.00000,0,0.00000,0,0.00000,0,0.00000,0,0.00000,0,0.00000,0,0.00000,0,0.00000,0,0.00000,0,0.00000,0,0.00000,226,0.00021,0,0.00000,0,0.00000
Castellaniella sp. MT123,3140381,S,0,0.00000,0,0.00000,0,0.00000,0,0.00000,0,0.00000,0,0.00000,0,0.00000,0,0.00000,0,0.00000,0,0.00000,0,0.00000,223,0.00021,0,0.00000,0,0.00000
Pseudomonas citronellolis,53408,S,0,0.00000,0,0.00000,0,0.00000,0,0.00000,0,0.00000,0,0.00000,0,0.00000,0,0.00000,0,0.00000,0,0.00000,0,0.00000,223,0.00021,0,0.00000,0,0.00000
Acidovorax sp. RAC01,1842533,S,0,0.00000,0,0.00000,0,0.00000,0,0.00000,0,0.00000,0,0.00000,0,0.00000,0,0.00000,0,0.00000,0,0.00000,0,0.00000,219,0.00020,0,0.00000,0,0.00000
Diaphorobacter sp. HDW4A,2714924,S,0,0.00000,0,0.00000,0,0.00000,0,0.00000,0,0.00000,0,0.00000,0,0.00000,0,0.00000,0,0.00000,0,0.00000,0,0.00000,219,0.00020,0,0.00000,0,0.00000
Desulfitobacterium hafniense,49338,S,0,0.00000,0,0.00000,0,0.00000,0,0.00000,0,0.00000,0,0.00000,0,0.00000,0,0.00000,0,0.00000,0,0.00000,0,0.00000,217,0.00020,0,0.00000,0,0.00000
Halobacterium wangiae,2902623,S,0,0.00000,0,0.00000,0,0.00000,0,0.00000,0,0.00000,0,0.00000,0,0.00000,0,0.00000,0,0.00000,0,0.00000,0,0.00000,213,0.00020,0,0.00000,0,0.00000
Acinetobacter seifertii,1530123,S,0,0.00000,0,0.00000,0,0.00000,0,0.00000,0,0.00000,0,0.00000,0,0.00000,0,0.00000,0,0.00000,0,0.00000,0,0.00000,212,0.00020,0,0.00000,0,0.00000
Lacrimispora sphenoides,29370,S,0,0.00000,0,0.00000,0,0.00000,0,0.00000,0,0.00000,0,0.00000,0,0.00000,0,0.00000,0,0.00000,0,0.00000,0,0.00000,211,0.00020,0,0.00000,0,0.00000
Sphingopyxis indica,436663,S,0,0.00000,0,0.00000,0,0.00000,0,0.00000,0,0.00000,0,0.00000,0,0.00000,0,0.00000,0,0.00000,0,0.00000,0,0.00000,210,0.00020,0,0.00000,0,0.00000
Xanthomonas arboricola,56448,S,0,0.00000,0,0.00000,0,0.00000,0,0.00000,0,0.00000,0,0.00000,0,0.00000,0,0.00000,0,0.00000,0,0.00000,0,0.00000,207,0.00019,0,0.00000,0,0.00000
Melaminivora suipulveris,2109913,S,0,0.00000,0,0.00000,0,0.00000,0,0.00000,0,0.00000,0,0.00000,0,0.00000,0,0.00000,0,0.00000,0,0.00000,0,0.00000,204,0.00019,0,0.00000,0,0.00000
Hydrogenophaga sp. PBL-H3,434010,S,0,0.00000,0,0.00000,0,0.00000,0,0.00000,0,0.00000,0,0.00000,0,0.00000,0,0.00000,0,0.00000,0,0.00000,0,0.00000,201,0.00019,0,0.00000,0,0.00000
Mycolicibacterium frederiksbergense,117567,S,0,0.00000,0,0.00000,0,0.00000,0,0.00000,0,0.00000,0,0.00000,0,0.00000,0,0.00000,0,0.00000,0,0.00000,0,0.00000,198,0.00018,0,0.00000,0,0.00000
Ochrobactrum quorumnocens,271865,S,0,0.00000,0,0.00000,0,0.00000,0,0.00000,0,0.00000,0,0.00000,0,0.00000,0,0.00000,0,0.00000,0,0.00000,0,0.00000,195,0.00018,0,0.00000,0,0.00000
Stenotrophomonas sp. 57,3051119,S,0,0.00000,0,0.00000,0,0.00000,0,0.00000,0,0.00000,0,0.00000,0,0.00000,0,0.00000,0,0.00000,0,0.00000,0,0.00000,195,0.00018,0,0.00000,0,0.00000
Streptomyces sp. NBC_00335,2975714,S,0,0.00000,0,0.00000,0,0.00000,0,0.00000,0,0.00000,0,0.00000,0,0.00000,0,0.00000,0,0.00000,0,0.00000,0,0.00000,186,0.00017,0,0.00000,0,0.00000
Pseudomonas hydrolytica,2493633,S,0,0.00000,0,0.00000,0,0.00000,0,0.00000,0,0.00000,0,0.00000,0,0.00000,0,0.00000,0,0.00000,0,0.00000,0,0.00000,186,0.00017,0,0.00000,0,0.00000
Streptomyces sp. NBC_00659,2903669,S,0,0.00000,0,0.00000,0,0.00000,0,0.00000,0,0.00000,0,0.00000,0,0.00000,0,0.00000,0,0.00000,0,0.00000,0,0.00000,184,0.00017,0,0.00000,0,0.00000
Mesorhizobium sp. M2A.F.Ca.ET.043.05.1.1,2493671,S,0,0.00000,0,0.00000,0,0.00000,0,0.00000,0,0.00000,0,0.00000,0,0.00000,0,0.00000,0,0.00000,0,0.00000,0,0.00000,184,0.00017,0,0.00000,0,0.00000
Aeromonas veronii,654,S,0,0.00000,0,0.00000,0,0.00000,0,0.00000,0,0.00000,0,0.00000,0,0.00000,0,0.00000,0,0.00000,0,0.00000,0,0.00000,182,0.00017,0,0.00000,0,0.00000
Lysinibacillus parviboronicapiens,436516,S,0,0.00000,0,0.00000,0,0.00000,0,0.00000,0,0.00000,0,0.00000,0,0.00000,0,0.00000,0,0.00000,0,0.00000,0,0.00000,181,0.00017,0,0.00000,0,0.00000
Kluyvera intermedia,61648,S,0,0.00000,0,0.00000,0,0.00000,0,0.00000,0,0.00000,0,0.00000,0,0.00000,0,0.00000,0,0.00000,0,0.00000,0,0.00000,178,0.00017,0,0.00000,0,0.00000
Bordetella bronchiseptica,518,S,0,0.00000,0,0.00000,0,0.00000,0,0.00000,0,0.00000,0,0.00000,0,0.00000,0,0.00000,0,0.00000,0,0.00000,0,0.00000,177,0.00016,0,0.00000,0,0.00000
Rhodanobacter sp. AS-Z3,3031330,S,0,0.00000,0,0.00000,0,0.00000,0,0.00000,0,0.00000,0,0.00000,0,0.00000,0,0.00000,0,0.00000,0,0.00000,0,0.00000,177,0.00016,0,0.00000,0,0.00000
Brevundimonas olei,657642,S,0,0.00000,0,0.00000,0,0.00000,0,0.00000,0,0.00000,0,0.00000,0,0.00000,0,0.00000,0,0.00000,0,0.00000,0,0.00000,170,0.00016,0,0.00000,0,0.00000
Pollutimonas thiosulfatoxidans,2028345,S,0,0.00000,0,0.00000,0,0.00000,0,0.00000,0,0.00000,0,0.00000,0,0.00000,0,0.00000,0,0.00000,0,0.00000,0,0.00000,168,0.00016,0,0.00000,0,0.00000
Streptomyces sp. NBC_00669,2976011,S,0,0.00000,0,0.00000,0,0.00000,0,0.00000,0,0.00000,0,0.00000,0,0.00000,0,0.00000,0,0.00000,0,0.00000,0,0.00000,166,0.00015,0,0.00000,0,0.00000
Streptomyces sp. R35,3238630,S,0,0.00000,0,0.00000,0,0.00000,0,0.00000,0,0.00000,0,0.00000,0,0.00000,0,0.00000,0,0.00000,0,0.00000,0,0.00000,163,0.00015,0,0.00000,0,0.00000
Variovorax sp. 38R,2774875,S,0,0.00000,0,0.00000,0,0.00000,0,0.00000,0,0.00000,0,0.00000,0,0.00000,0,0.00000,0,0.00000,0,0.00000,0,0.00000,162,0.00015,0,0.00000,0,0.00000
Comamonas resistens,3046670,S,0,0.00000,0,0.00000,0,0.00000,0,0.00000,0,0.00000,0,0.00000,0,0.00000,0,0.00000,0,0.00000,0,0.00000,0,0.00000,161,0.00015,0,0.00000,0,0.00000
Bordetella petrii,94624,S,0,0.00000,0,0.00000,0,0.00000,0,0.00000,0,0.00000,0,0.00000,0,0.00000,0,0.00000,0,0.00000,0,0.00000,0,0.00000,158,0.00015,0,0.00000,0,0.00000
Pseudomonas mendocina,300,S,0,0.00000,0,0.00000,0,0.00000,0,0.00000,0,0.00000,0,0.00000,0,0.00000,0,0.00000,0,0.00000,0,0.00000,0,0.00000,158,0.00015,0,0.00000,0,0.00000
Shinella sp. PSBB067,2715959,S,0,0.00000,0,0.00000,0,0.00000,0,0.00000,0,0.00000,0,0.00000,0,0.00000,0,0.00000,0,0.00000,0,0.00000,0,0.00000,156,0.00015,0,0.00000,0,0.00000
Brevundimonas naejangsanensis,588932,S,0,0.00000,0,0.00000,0,0.00000,0,0.00000,0,0.00000,0,0.00000,0,0.00000,0,0.00000,0,0.00000,0,0.00000,0,0.00000,156,0.00015,0,0.00000,0,0.00000
Acidovorax sp. HDW3,2714923,S,0,0.00000,0,0.00000,0,0.00000,0,0.00000,0,0.00000,0,0.00000,0,0.00000,0,0.00000,0,0.00000,0,0.00000,0,0.00000,155,0.00014,0,0.00000,0,0.00000
Pseudomonas lini,163011,S,0,0.00000,0,0.00000,0,0.00000,0,0.00000,0,0.00000,0,0.00000,0,0.00000,0,0.00000,0,0.00000,0,0.00000,0,0.00000,154,0.00014,0,0.00000,0,0.00000
Streptomyces tauricus,68274,S,0,0.00000,0,0.00000,0,0.00000,0,0.00000,0,0.00000,0,0.00000,0,0.00000,0,0.00000,0,0.00000,0,0.00000,0,0.00000,153,0.00014,0,0.00000,0,0.00000
Melaminivora jejuensis,1267217,S,0,0.00000,0,0.00000,0,0.00000,0,0.00000,0,0.00000,0,0.00000,0,0.00000,0,0.00000,0,0.00000,0,0.00000,0,0.00000,152,0.00014,0,0.00000,0,0.00000
Salmonella enterica,28901,S,0,0.00000,0,0.00000,0,0.00000,0,0.00000,0,0.00000,0,0.00000,0,0.00000,0,0.00000,0,0.00000,0,0.00000,0,0.00000,152,0.00014,0,0.00000,0,0.00000
Propionibacterium freudenreichii,1744,S,0,0.00000,0,0.00000,0,0.00000,0,0.00000,0,0.00000,0,0.00000,0,0.00000,0,0.00000,0,0.00000,0,0.00000,0,0.00000,146,0.00014,0,0.00000,0,0.00000
Diaphorobacter aerolatus,1288495,S,0,0.00000,0,0.00000,0,0.00000,0,0.00000,0,0.00000,0,0.00000,0,0.00000,0,0.00000,0,0.00000,0,0.00000,0,0.00000,144,0.00013,0,0.00000,0,0.00000
Pseudomonas knackmussii,65741,S,0,0.00000,0,0.00000,0,0.00000,0,0.00000,0,0.00000,0,0.00000,0,0.00000,0,0.00000,0,0.00000,0,0.00000,0,0.00000,143,0.00013,0,0.00000,0,0.00000
Microbacterium sp. A8/3-1,3160749,S,0,0.00000,0,0.00000,0,0.00000,0,0.00000,0,0.00000,0,0.00000,0,0.00000,0,0.00000,0,0.00000,0,0.00000,0,0.00000,142,0.00013,0,0.00000,0,0.00000
Novosphingobium resinovorum,158500,S,0,0.00000,0,0.00000,0,0.00000,0,0.00000,0,0.00000,0,0.00000,0,0.00000,0,0.00000,0,0.00000,0,0.00000,0,0.00000,141,0.00013,0,0.00000,0,0.00000
Micromonospora rifamycinica,291594,S,0,0.00000,0,0.00000,0,0.00000,0,0.00000,0,0.00000,0,0.00000,0,0.00000,0,0.00000,0,0.00000,0,0.00000,0,0.00000,140,0.00013,0,0.00000,0,0.00000
Pseudomonas sp. TUM22785,3019098,S,0,0.00000,0,0.00000,0,0.00000,0,0.00000,0,0.00000,0,0.00000,0,0.00000,0,0.00000,0,0.00000,0,0.00000,0,0.00000,139,0.00013,0,0.00000,0,0.00000
Protaetiibacter larvae,2592654,S,0,0.00000,0,0.00000,0,0.00000,0,0.00000,0,0.00000,0,0.00000,0,0.00000,0,0.00000,0,0.00000,0,0.00000,0,0.00000,138,0.00013,0,0.00000,0,0.00000
Pseudoxanthomonas sp. X-1,2571115,S,0,0.00000,0,0.00000,0,0.00000,0,0.00000,0,0.00000,0,0.00000,0,0.00000,0,0.00000,0,0.00000,0,0.00000,0,0.00000,138,0.00013,0,0.00000,0,0.00000
Parabacteroides goldsteinii,328812,S,0,0.00000,0,0.00000,0,0.00000,0,0.00000,0,0.00000,0,0.00000,0,0.00000,0,0.00000,0,0.00000,0,0.00000,0,0.00000,138,0.00013,0,0.00000,0,0.00000
Pseudomonas sp. DNDY-54,2870860,S,0,0.00000,0,0.00000,0,0.00000,0,0.00000,0,0.00000,0,0.00000,0,0.00000,0,0.00000,0,0.00000,0,0.00000,0,0.00000,137,0.00013,0,0.00000,0,0.00000
Stutzerimonas decontaminans,3022791,S,0,0.00000,0,0.00000,0,0.00000,0,0.00000,0,0.00000,0,0.00000,0,0.00000,0,0.00000,0,0.00000,0,0.00000,0,0.00000,134,0.00012,0,0.00000,0,0.00000
Pseudarthrobacter phenanthrenivorans,361575,S,0,0.00000,0,0.00000,0,0.00000,0,0.00000,0,0.00000,0,0.00000,0,0.00000,0,0.00000,0,0.00000,0,0.00000,0,0.00000,130,0.00012,0,0.00000,0,0.00000
Pseudomonas tohonis,2725477,S,0,0.00000,0,0.00000,0,0.00000,0,0.00000,0,0.00000,0,0.00000,0,0.00000,0,0.00000,0,0.00000,0,0.00000,0,0.00000,130,0.00012,0,0.00000,0,0.00000
Sinorhizobium sp. RAC02,1842534,S,0,0.00000,0,0.00000,0,0.00000,0,0.00000,0,0.00000,0,0.00000,0,0.00000,0,0.00000,0,0.00000,0,0.00000,0,0.00000,128,0.00012,0,0.00000,0,0.00000
Sphingomonas naphthae,1813468,S,0,0.00000,0,0.00000,0,0.00000,0,0.00000,0,0.00000,0,0.00000,0,0.00000,0,0.00000,0,0.00000,0,0.00000,0,0.00000,128,0.00012,0,0.00000,0,0.00000
Arthrobacter sp. FB24,290399,S,0,0.00000,0,0.00000,0,0.00000,0,0.00000,0,0.00000,0,0.00000,0,0.00000,0,0.00000,0,0.00000,0,0.00000,0,0.00000,126,0.00012,0,0.00000,0,0.00000
Pseudomonas paeninsulae,3110772,S,0,0.00000,0,0.00000,0,0.00000,0,0.00000,0,0.00000,0,0.00000,0,0.00000,0,0.00000,0,0.00000,0,0.00000,0,0.00000,126,0.00012,0,0.00000,0,0.00000
Stenotrophomonas cyclobalanopsidis,2771362,S,0,0.00000,0,0.00000,0,0.00000,0,0.00000,0,0.00000,0,0.00000,0,0.00000,0,0.00000,0,0.00000,0,0.00000,0,0.00000,126,0.00012,0,0.00000,0,0.00000
Streptomyces asoensis,249586,S,0,0.00000,0,0.00000,0,0.00000,0,0.00000,0,0.00000,0,0.00000,0,0.00000,0,0.00000,0,0.00000,0,0.00000,0,0.00000,125,0.00012,0,0.00000,0,0.00000
Serratia proteamaculans,28151,S,0,0.00000,0,0.00000,0,0.00000,0,0.00000,0,0.00000,0,0.00000,0,0.00000,0,0.00000,0,0.00000,0,0.00000,0,0.00000,124,0.00012,0,0.00000,0,0.00000
Streptomyces coelicoflavus,285562,S,0,0.00000,0,0.00000,0,0.00000,0,0.00000,0,0.00000,0,0.00000,0,0.00000,0,0.00000,0,0.00000,0,0.00000,0,0.00000,122,0.00011,0,0.00000,0,0.00000
Paenibacillus sp. FSL R10-2782,2954661,S,0,0.00000,0,0.00000,0,0.00000,0,0.00000,0,0.00000,0,0.00000,0,0.00000,0,0.00000,0,0.00000,0,0.00000,0,0.00000,122,0.00011,0,0.00000,0,0.00000
Achromobacter deleyi,1353891,S,0,0.00000,0,0.00000,0,0.00000,0,0.00000,0,0.00000,0,0.00000,0,0.00000,0,0.00000,0,0.00000,0,0.00000,0,0.00000,121,0.00011,0,0.00000,0,0.00000
Pseudomonas denitrificans (nom. rej.),43306,S,0,0.00000,0,0.00000,0,0.00000,0,0.00000,0,0.00000,0,0.00000,0,0.00000,0,0.00000,0,0.00000,0,0.00000,0,0.00000,121,0.00011,0,0.00000,0,0.00000
Arthrobacter sp. PGP41,2079227,S,0,0.00000,0,0.00000,0,0.00000,0,0.00000,0,0.00000,0,0.00000,0,0.00000,0,0.00000,0,0.00000,0,0.00000,0,0.00000,120,0.00011,0,0.00000,0,0.00000
Mesorhizobium loti,381,S,0,0.00000,0,0.00000,0,0.00000,0,0.00000,0,0.00000,0,0.00000,0,0.00000,0,0.00000,0,0.00000,0,0.00000,0,0.00000,120,0.00011,0,0.00000,0,0.00000
Stenotrophomonas sp. YAU14D1_LEIMI4_1,2072407,S,0,0.00000,0,0.00000,0,0.00000,0,0.00000,0,0.00000,0,0.00000,0,0.00000,0,0.00000,0,0.00000,0,0.00000,0,0.00000,120,0.00011,0,0.00000,0,0.00000
Xanthomonas vesicatoria,56460,S,0,0.00000,0,0.00000,0,0.00000,0,0.00000,0,0.00000,0,0.00000,0,0.00000,0,0.00000,0,0.00000,0,0.00000,0,0.00000,119,0.00011,0,0.00000,0,0.00000
Stenotrophomonas sp. ESTM1D_MKCIP4_1,2072414,S,0,0.00000,0,0.00000,0,0.00000,0,0.00000,0,0.00000,0,0.00000,0,0.00000,0,0.00000,0,0.00000,0,0.00000,0,0.00000,118,0.00011,0,0.00000,0,0.00000
Streptomyces sp. NBC_00483,2975756,S,0,0.00000,0,0.00000,0,0.00000,0,0.00000,0,0.00000,0,0.00000,0,0.00000,0,0.00000,0,0.00000,0,0.00000,0,0.00000,117,0.00011,0,0.00000,0,0.00000
Agrococcus beijingensis,3068634,S,0,0.00000,0,0.00000,0,0.00000,0,0.00000,0,0.00000,0,0.00000,0,0.00000,0,0.00000,0,0.00000,0,0.00000,0,0.00000,117,0.00011,0,0.00000,0,0.00000
Thermomonas aquatica,2202149,S,0,0.00000,0,0.00000,0,0.00000,0,0.00000,0,0.00000,0,0.00000,0,0.00000,0,0.00000,0,0.00000,0,0.00000,0,0.00000,116,0.00011,0,0.00000,0,0.00000
Pseudoxanthomonas spadix,415229,S,0,0.00000,0,0.00000,0,0.00000,0,0.00000,0,0.00000,0,0.00000,0,0.00000,0,0.00000,0,0.00000,0,0.00000,0,0.00000,115,0.00011,0,0.00000,0,0.00000
Flavobacterium sp. 140616W15,2478552,S,0,0.00000,0,0.00000,0,0.00000,0,0.00000,0,0.00000,0,0.00000,0,0.00000,0,0.00000,0,0.00000,0,0.00000,0,0.00000,115,0.00011,0,0.00000,0,0.00000
Pseudoxanthomonas sp. SL93,2995142,S,0,0.00000,0,0.00000,0,0.00000,0,0.00000,0,0.00000,0,0.00000,0,0.00000,0,0.00000,0,0.00000,0,0.00000,0,0.00000,114,0.00011,0,0.00000,0,0.00000
Leucobacter rhizosphaerae,2932245,S,0,0.00000,0,0.00000,0,0.00000,0,0.00000,0,0.00000,0,0.00000,0,0.00000,0,0.00000,0,0.00000,0,0.00000,0,0.00000,113,0.00011,0,0.00000,0,0.00000
Mesorhizobium sp. M1D.F.Ca.ET.043.01.1.1,2493669,S,0,0.00000,0,0.00000,0,0.00000,0,0.00000,0,0.00000,0,0.00000,0,0.00000,0,0.00000,0,0.00000,0,0.00000,0,0.00000,112,0.00010,0,0.00000,0,0.00000
Devosia sp. YIM 151766,3017325,S,0,0.00000,0,0.00000,0,0.00000,0,0.00000,0,0.00000,0,0.00000,0,0.00000,0,0.00000,0,0.00000,0,0.00000,0,0.00000,112,0.00010,0,0.00000,0,0.00000
Sphingomonas sp. FARSPH,2219696,S,0,0.00000,0,0.00000,0,0.00000,0,0.00000,0,0.00000,0,0.00000,0,0.00000,0,0.00000,0,0.00000,0,0.00000,0,0.00000,111,0.00010,0,0.00000,0,0.00000
Acidovorax sp. A79,3056107,S,0,0.00000,0,0.00000,0,0.00000,0,0.00000,0,0.00000,0,0.00000,0,0.00000,0,0.00000,0,0.00000,0,0.00000,0,0.00000,109,0.00010,0,0.00000,0,0.00000
Bosea sp. (in: a-proteobacteria),1871050,S,0,0.00000,0,0.00000,0,0.00000,0,0.00000,0,0.00000,0,0.00000,0,0.00000,0,0.00000,0,0.00000,0,0.00000,0,0.00000,108,0.00010,0,0.00000,0,0.00000
Alcaligenes ammonioxydans,2582914,S,0,0.00000,0,0.00000,0,0.00000,0,0.00000,0,0.00000,0,0.00000,0,0.00000,0,0.00000,0,0.00000,0,0.00000,0,0.00000,107,0.00010,0,0.00000,0,0.00000
Lysobacter sp. CW239,2762611,S,0,0.00000,0,0.00000,0,0.00000,0,0.00000,0,0.00000,0,0.00000,0,0.00000,0,0.00000,0,0.00000,0,0.00000,0,0.00000,107,0.00010,0,0.00000,0,0.00000
Stenotrophomonas sp. NA06056,2742129,S,0,0.00000,0,0.00000,0,0.00000,0,0.00000,0,0.00000,0,0.00000,0,0.00000,0,0.00000,0,0.00000,0,0.00000,0,0.00000,106,0.00010,0,0.00000,0,0.00000
Aeromicrobium duanguangcaii,2968086,S,0,0.00000,0,0.00000,0,0.00000,0,0.00000,0,0.00000,0,0.00000,0,0.00000,0,0.00000,0,0.00000,0,0.00000,0,0.00000,104,0.00010,0,0.00000,0,0.00000
Acidovorax radicis,758826,S,0,0.00000,0,0.00000,0,0.00000,0,0.00000,0,0.00000,0,0.00000,0,0.00000,0,0.00000,0,0.00000,0,0.00000,0,0.00000,104,0.00010,0,0.00000,0,0.00000
Xanthomonas sp. AM6,2982531,S,0,0.00000,0,0.00000,0,0.00000,0,0.00000,0,0.00000,0,0.00000,0,0.00000,0,0.00000,0,0.00000,0,0.00000,0,0.00000,103,0.00010,0,0.00000,0,0.00000
Croceicoccus marinus,450378,S,0,0.00000,0,0.00000,0,0.00000,0,0.00000,0,0.00000,0,0.00000,0,0.00000,0,0.00000,0,0.00000,0,0.00000,0,0.00000,101,0.00009,0,0.00000,0,0.00000
Pseudoclavibacter sp. Marseille-Q3772,2866588,S,0,0.00000,0,0.00000,0,0.00000,0,0.00000,0,0.00000,0,0.00000,0,0.00000,0,0.00000,0,0.00000,0,0.00000,0,0.00000,100,0.00009,0,0.00000,0,0.00000
Stenotrophomonas sp. ZAC14A_NAIMI4_1,2072412,S,0,0.00000,0,0.00000,0,0.00000,0,0.00000,0,0.00000,0,0.00000,0,0.00000,0,0.00000,0,0.00000,0,0.00000,0,0.00000,98,0.00009,0,0.00000,0,0.00000
Curtobacterium flaccumfaciens,2035,S,0,0.00000,0,0.00000,0,0.00000,0,0.00000,0,0.00000,0,0.00000,0,0.00000,0,0.00000,0,0.00000,0,0.00000,0,0.00000,97,0.00009,0,0.00000,0,0.00000
Salinibacterium sp. ZJ70,2708084,S,0,0.00000,0,0.00000,0,0.00000,0,0.00000,0,0.00000,0,0.00000,0,0.00000,0,0.00000,0,0.00000,0,0.00000,0,0.00000,97,0.00009,0,0.00000,0,0.00000
Xanthomonas hyacinthi,56455,S,0,0.00000,0,0.00000,0,0.00000,0,0.00000,0,0.00000,0,0.00000,0,0.00000,0,0.00000,0,0.00000,0,0.00000,0,0.00000,97,0.00009,0,0.00000,0,0.00000
Pseudoxanthomonas winnipegensis,2480810,S,0,0.00000,0,0.00000,0,0.00000,0,0.00000,0,0.00000,0,0.00000,0,0.00000,0,0.00000,0,0.00000,0,0.00000,0,0.00000,97,0.00009,0,0.00000,0,0.00000
Streptomyces hawaiiensis,67305,S,0,0.00000,0,0.00000,0,0.00000,0,0.00000,0,0.00000,0,0.00000,0,0.00000,0,0.00000,0,0.00000,0,0.00000,0,0.00000,96,0.00009,0,0.00000,0,0.00000
Agrobacterium vitis,373,S,0,0.00000,0,0.00000,0,0.00000,0,0.00000,0,0.00000,0,0.00000,0,0.00000,0,0.00000,0,0.00000,0,0.00000,0,0.00000,95,0.00009,0,0.00000,0,0.00000
Morganella morganii,582,S,0,0.00000,0,0.00000,0,0.00000,0,0.00000,0,0.00000,0,0.00000,0,0.00000,0,0.00000,0,0.00000,0,0.00000,0,0.00000,95,0.00009,0,0.00000,0,0.00000
Arthrobacter oryzae,409290,S,0,0.00000,0,0.00000,0,0.00000,0,0.00000,0,0.00000,0,0.00000,0,0.00000,0,0.00000,0,0.00000,0,0.00000,0,0.00000,94,0.00009,0,0.00000,0,0.00000
Kocuria sp. TGY1127_2,2711328,S,0,0.00000,0,0.00000,0,0.00000,0,0.00000,0,0.00000,0,0.00000,0,0.00000,0,0.00000,0,0.00000,0,0.00000,0,0.00000,94,0.00009,0,0.00000,0,0.00000
Pseudarthrobacter sulfonivorans,121292,S,0,0.00000,0,0.00000,0,0.00000,0,0.00000,0,0.00000,0,0.00000,0,0.00000,0,0.00000,0,0.00000,0,0.00000,0,0.00000,93,0.00009,0,0.00000,0,0.00000
Mesorhizobium sp. M1E.F.Ca.ET.045.02.1.1,2493672,S,0,0.00000,0,0.00000,0,0.00000,0,0.00000,0,0.00000,0,0.00000,0,0.00000,0,0.00000,0,0.00000,0,0.00000,0,0.00000,93,0.00009,0,0.00000,0,0.00000
Roseateles sp. XES5,2877940,S,0,0.00000,0,0.00000,0,0.00000,0,0.00000,0,0.00000,0,0.00000,0,0.00000,0,0.00000,0,0.00000,0,0.00000,0,0.00000,93,0.00009,0,0.00000,0,0.00000
Sporosarcina ureae,1571,S,0,0.00000,0,0.00000,0,0.00000,0,0.00000,0,0.00000,0,0.00000,0,0.00000,0,0.00000,0,0.00000,0,0.00000,0,0.00000,92,0.00009,0,0.00000,0,0.00000
Enterocloster bolteae,208479,S,0,0.00000,0,0.00000,0,0.00000,0,0.00000,0,0.00000,0,0.00000,0,0.00000,0,0.00000,0,0.00000,0,0.00000,0,0.00000,92,0.00009,0,0.00000,0,0.00000
Pseudoxanthomonas daejeonensis,266062,S,0,0.00000,0,0.00000,0,0.00000,0,0.00000,0,0.00000,0,0.00000,0,0.00000,0,0.00000,0,0.00000,0,0.00000,0,0.00000,92,0.00009,0,0.00000,0,0.00000
Streptomyces sp. ITFR-6,3075197,S,0,0.00000,0,0.00000,0,0.00000,0,0.00000,0,0.00000,0,0.00000,0,0.00000,0,0.00000,0,0.00000,0,0.00000,0,0.00000,91,0.00008,0,0.00000,0,0.00000
Microbacterium abyssi,2782166,S,0,0.00000,0,0.00000,0,0.00000,0,0.00000,0,0.00000,0,0.00000,0,0.00000,0,0.00000,0,0.00000,0,0.00000,0,0.00000,90,0.00008,0,0.00000,0,0.00000
Bradyrhizobium sp. CCBAU 51765,1325102,S,0,0.00000,0,0.00000,0,0.00000,0,0.00000,0,0.00000,0,0.00000,0,0.00000,0,0.00000,0,0.00000,0,0.00000,0,0.00000,90,0.00008,0,0.00000,0,0.00000
Flavobacterium sp. N2270,2986831,S,0,0.00000,0,0.00000,0,0.00000,0,0.00000,0,0.00000,0,0.00000,0,0.00000,0,0.00000,0,0.00000,0,0.00000,0,0.00000,90,0.00008,0,0.00000,0,0.00000
Streptomyces sp. NBC_00388,2975735,S,0,0.00000,0,0.00000,0,0.00000,0,0.00000,0,0.00000,0,0.00000,0,0.00000,0,0.00000,0,0.00000,0,0.00000,0,0.00000,89,0.00008,0,0.00000,0,0.00000
Comamonas flocculans,2597701,S,0,0.00000,0,0.00000,0,0.00000,0,0.00000,0,0.00000,0,0.00000,0,0.00000,0,0.00000,0,0.00000,0,0.00000,0,0.00000,89,0.00008,0,0.00000,0,0.00000
Pusillimonas sp. T7-7,1007105,S,0,0.00000,0,0.00000,0,0.00000,0,0.00000,0,0.00000,0,0.00000,0,0.00000,0,0.00000,0,0.00000,0,0.00000,0,0.00000,89,0.00008,0,0.00000,0,0.00000
Xanthomonas sp. DAR 35659,3160841,S,0,0.00000,0,0.00000,0,0.00000,0,0.00000,0,0.00000,0,0.00000,0,0.00000,0,0.00000,0,0.00000,0,0.00000,0,0.00000,89,0.00008,0,0.00000,0,0.00000
Halomonas chromatireducens,507626,S,0,0.00000,0,0.00000,0,0.00000,0,0.00000,0,0.00000,0,0.00000,0,0.00000,0,0.00000,0,0.00000,0,0.00000,0,0.00000,89,0.00008,0,0.00000,0,0.00000
Sphingobacterium sp. SYP-B4668,2996035,S,0,0.00000,0,0.00000,0,0.00000,0,0.00000,0,0.00000,0,0.00000,0,0.00000,0,0.00000,0,0.00000,0,0.00000,0,0.00000,89,0.00008,0,0.00000,0,0.00000
Pseudomonas sediminis,1691904,S,0,0.00000,0,0.00000,0,0.00000,0,0.00000,0,0.00000,0,0.00000,0,0.00000,0,0.00000,0,0.00000,0,0.00000,0,0.00000,88,0.00008,0,0.00000,0,0.00000
Mesorhizobium sp. NZP2077,2483404,S,0,0.00000,0,0.00000,0,0.00000,0,0.00000,0,0.00000,0,0.00000,0,0.00000,0,0.00000,0,0.00000,0,0.00000,0,0.00000,87,0.00008,0,0.00000,0,0.00000
Frateuria soli,1542730,S,0,0.00000,0,0.00000,0,0.00000,0,0.00000,0,0.00000,0,0.00000,0,0.00000,0,0.00000,0,0.00000,0,0.00000,0,0.00000,87,0.00008,0,0.00000,0,0.00000
Brevibacterium sp. CS2,2575923,S,0,0.00000,0,0.00000,0,0.00000,0,0.00000,0,0.00000,0,0.00000,0,0.00000,0,0.00000,0,0.00000,0,0.00000,0,0.00000,86,0.00008,0,0.00000,0,0.00000
Pseudoxanthomonas sp.,1871049,S,0,0.00000,0,0.00000,0,0.00000,0,0.00000,0,0.00000,0,0.00000,0,0.00000,0,0.00000,0,0.00000,0,0.00000,0,0.00000,86,0.00008,0,0.00000,0,0.00000
Arthrobacter sp. CDRTa11,2651199,S,0,0.00000,0,0.00000,0,0.00000,0,0.00000,0,0.00000,0,0.00000,0,0.00000,0,0.00000,0,0.00000,0,0.00000,0,0.00000,84,0.00008,0,0.00000,0,0.00000
Pseudarthrobacter sp. NIBRBAC000502772,2590775,S,0,0.00000,0,0.00000,0,0.00000,0,0.00000,0,0.00000,0,0.00000,0,0.00000,0,0.00000,0,0.00000,0,0.00000,0,0.00000,84,0.00008,0,0.00000,0,0.00000
Mesorhizobium sp. M4B.F.Ca.ET.058.02.1.1,2493675,S,0,0.00000,0,0.00000,0,0.00000,0,0.00000,0,0.00000,0,0.00000,0,0.00000,0,0.00000,0,0.00000,0,0.00000,0,0.00000,84,0.00008,0,0.00000,0,0.00000
Sinorhizobium medicae,110321,S,0,0.00000,0,0.00000,0,0.00000,0,0.00000,0,0.00000,0,0.00000,0,0.00000,0,0.00000,0,0.00000,0,0.00000,0,0.00000,84,0.00008,0,0.00000,0,0.00000
Azotobacter chroococcum,353,S,0,0.00000,0,0.00000,0,0.00000,0,0.00000,0,0.00000,0,0.00000,0,0.00000,0,0.00000,0,0.00000,0,0.00000,0,0.00000,84,0.00008,0,0.00000,0,0.00000
Laribacter hongkongensis,168471,S,0,0.00000,0,0.00000,0,0.00000,0,0.00000,0,0.00000,0,0.00000,0,0.00000,0,0.00000,0,0.00000,0,0.00000,0,0.00000,83,0.00008,0,0.00000,0,0.00000
Methylobacterium sp. 17Sr1-1,2202826,S,0,0.00000,0,0.00000,0,0.00000,0,0.00000,0,0.00000,0,0.00000,0,0.00000,0,0.00000,0,0.00000,0,0.00000,0,0.00000,82,0.00008,0,0.00000,0,0.00000
Mesorhizobium sp. B2-8-5,2589903,S,0,0.00000,0,0.00000,0,0.00000,0,0.00000,0,0.00000,0,0.00000,0,0.00000,0,0.00000,0,0.00000,0,0.00000,0,0.00000,81,0.00008,0,0.00000,0,0.00000
Mesorhizobium erdmanii,1777866,S,0,0.00000,0,0.00000,0,0.00000,0,0.00000,0,0.00000,0,0.00000,0,0.00000,0,0.00000,0,0.00000,0,0.00000,0,0.00000,81,0.00008,0,0.00000,0,0.00000
Xanthomonas sp. CFBP 8443,2971235,S,0,0.00000,0,0.00000,0,0.00000,0,0.00000,0,0.00000,0,0.00000,0,0.00000,0,0.00000,0,0.00000,0,0.00000,0,0.00000,81,0.00008,0,0.00000,0,0.00000
Mycobacterium sp. ITM-2016-00316,2099695,S,0,0.00000,0,0.00000,0,0.00000,0,0.00000,0,0.00000,0,0.00000,0,0.00000,0,0.00000,0,0.00000,0,0.00000,0,0.00000,80,0.00007,0,0.00000,0,0.00000
Arthrobacter zhaoxinii,2964616,S,0,0.00000,0,0.00000,0,0.00000,0,0.00000,0,0.00000,0,0.00000,0,0.00000,0,0.00000,0,0.00000,0,0.00000,0,0.00000,80,0.00007,0,0.00000,0,0.00000
Cellulomonas iranensis,76862,S,0,0.00000,0,0.00000,0,0.00000,0,0.00000,0,0.00000,0,0.00000,0,0.00000,0,0.00000,0,0.00000,0,0.00000,0,0.00000,80,0.00007,0,0.00000,0,0.00000
Pseudomonas sp. J452,2898441,S,0,0.00000,0,0.00000,0,0.00000,0,0.00000,0,0.00000,0,0.00000,0,0.00000,0,0.00000,0,0.00000,0,0.00000,0,0.00000,80,0.00007,0,0.00000,0,0.00000
Thermomonas carbonis,1463158,S,0,0.00000,0,0.00000,0,0.00000,0,0.00000,0,0.00000,0,0.00000,0,0.00000,0,0.00000,0,0.00000,0,0.00000,0,0.00000,79,0.00007,0,0.00000,0,0.00000
Microbacterium suwonense,683047,S,0,0.00000,0,0.00000,0,0.00000,0,0.00000,0,0.00000,0,0.00000,0,0.00000,0,0.00000,0,0.00000,0,0.00000,0,0.00000,78,0.00007,0,0.00000,0,0.00000
Ruminiclostridium herbifermentans,2488810,S,0,0.00000,0,0.00000,0,0.00000,0,0.00000,0,0.00000,0,0.00000,0,0.00000,0,0.00000,0,0.00000,0,0.00000,0,0.00000,77,0.00007,0,0.00000,0,0.00000
Streptomyces sp. PCS3-D2,1460244,S,0,0.00000,0,0.00000,0,0.00000,0,0.00000,0,0.00000,0,0.00000,0,0.00000,0,0.00000,0,0.00000,0,0.00000,0,0.00000,76,0.00007,0,0.00000,0,0.00000
Brevibacillus brevis,1393,S,0,0.00000,0,0.00000,0,0.00000,0,0.00000,0,0.00000,0,0.00000,0,0.00000,0,0.00000,0,0.00000,0,0.00000,0,0.00000,76,0.00007,0,0.00000,0,0.00000
Sphingomonas sp. AAP5,1523415,S,0,0.00000,0,0.00000,0,0.00000,0,0.00000,0,0.00000,0,0.00000,0,0.00000,0,0.00000,0,0.00000,0,0.00000,0,0.00000,75,0.00007,0,0.00000,0,0.00000
Arenibacter antarcticus,2040469,S,0,0.00000,0,0.00000,0,0.00000,0,0.00000,0,0.00000,0,0.00000,0,0.00000,0,0.00000,0,0.00000,0,0.00000,0,0.00000,74,0.00007,0,0.00000,0,0.00000
Agromyces laixinhei,2585717,S,0,0.00000,0,0.00000,0,0.00000,0,0.00000,0,0.00000,0,0.00000,0,0.00000,0,0.00000,0,0.00000,0,0.00000,0,0.00000,73,0.00007,0,0.00000,0,0.00000
Luteimonas granuli,1176533,S,0,0.00000,0,0.00000,0,0.00000,0,0.00000,0,0.00000,0,0.00000,0,0.00000,0,0.00000,0,0.00000,0,0.00000,0,0.00000,73,0.00007,0,0.00000,0,0.00000
Comamonas antarctica,2743470,S,0,0.00000,0,0.00000,0,0.00000,0,0.00000,0,0.00000,0,0.00000,0,0.00000,0,0.00000,0,0.00000,0,0.00000,0,0.00000,72,0.00007,0,0.00000,0,0.00000
Tessaracoccus flavus,1610493,S,0,0.00000,0,0.00000,0,0.00000,0,0.00000,0,0.00000,0,0.00000,0,0.00000,0,0.00000,0,0.00000,0,0.00000,0,0.00000,71,0.00007,0,0.00000,0,0.00000
Sporosarcina sp. FSL K6-2383,2921556,S,0,0.00000,0,0.00000,0,0.00000,0,0.00000,0,0.00000,0,0.00000,0,0.00000,0,0.00000,0,0.00000,0,0.00000,0,0.00000,71,0.00007,0,0.00000,0,0.00000
Bradyrhizobium sp. B124,3140245,S,0,0.00000,0,0.00000,0,0.00000,0,0.00000,0,0.00000,0,0.00000,0,0.00000,0,0.00000,0,0.00000,0,0.00000,0,0.00000,71,0.00007,0,0.00000,0,0.00000
Pseudomonas campi,2731681,S,0,0.00000,0,0.00000,0,0.00000,0,0.00000,0,0.00000,0,0.00000,0,0.00000,0,0.00000,0,0.00000,0,0.00000,0,0.00000,71,0.00007,0,0.00000,0,0.00000
Xanthomonas hortorum,56454,S,0,0.00000,0,0.00000,0,0.00000,0,0.00000,0,0.00000,0,0.00000,0,0.00000,0,0.00000,0,0.00000,0,0.00000,0,0.00000,71,0.00007,0,0.00000,0,0.00000
Dyella sp. A6,3069105,S,0,0.00000,0,0.00000,0,0.00000,0,0.00000,0,0.00000,0,0.00000,0,0.00000,0,0.00000,0,0.00000,0,0.00000,0,0.00000,71,0.00007,0,0.00000,0,0.00000
Pseudomonas sp. B11D7D,2735906,S,0,0.00000,0,0.00000,0,0.00000,0,0.00000,0,0.00000,0,0.00000,0,0.00000,0,0.00000,0,0.00000,0,0.00000,0,0.00000,70,0.00007,0,0.00000,0,0.00000
Microbacterium sp. LWH11-1.2,3135258,S,0,0.00000,0,0.00000,0,0.00000,0,0.00000,0,0.00000,0,0.00000,0,0.00000,0,0.00000,0,0.00000,0,0.00000,0,0.00000,69,0.00006,0,0.00000,0,0.00000
Arthrobacter sp. StoSoilB5,2830992,S,0,0.00000,0,0.00000,0,0.00000,0,0.00000,0,0.00000,0,0.00000,0,0.00000,0,0.00000,0,0.00000,0,0.00000,0,0.00000,69,0.00006,0,0.00000,0,0.00000
Cupriavidus sp. EM10,2839983,S,0,0.00000,0,0.00000,0,0.00000,0,0.00000,0,0.00000,0,0.00000,0,0.00000,0,0.00000,0,0.00000,0,0.00000,0,0.00000,69,0.00006,0,0.00000,0,0.00000
Luteimonas sp. MC1572,2799325,S,0,0.00000,0,0.00000,0,0.00000,0,0.00000,0,0.00000,0,0.00000,0,0.00000,0,0.00000,0,0.00000,0,0.00000,0,0.00000,69,0.00006,0,0.00000,0,0.00000
Agromyces larvae,2929802,S,0,0.00000,0,0.00000,0,0.00000,0,0.00000,0,0.00000,0,0.00000,0,0.00000,0,0.00000,0,0.00000,0,0.00000,0,0.00000,68,0.00006,0,0.00000,0,0.00000
Microbacterium sp. YJN-G,2763257,S,0,0.00000,0,0.00000,0,0.00000,0,0.00000,0,0.00000,0,0.00000,0,0.00000,0,0.00000,0,0.00000,0,0.00000,0,0.00000,67,0.00006,0,0.00000,0,0.00000
Pseudarthrobacter sp. MM222,3018929,S,0,0.00000,0,0.00000,0,0.00000,0,0.00000,0,0.00000,0,0.00000,0,0.00000,0,0.00000,0,0.00000,0,0.00000,0,0.00000,67,0.00006,0,0.00000,0,0.00000
Pseudomonas sp. CC6-YY-74,1930532,S,0,0.00000,0,0.00000,0,0.00000,0,0.00000,0,0.00000,0,0.00000,0,0.00000,0,0.00000,0,0.00000,0,0.00000,0,0.00000,67,0.00006,0,0.00000,0,0.00000
Dyella telluris,2763498,S,0,0.00000,0,0.00000,0,0.00000,0,0.00000,0,0.00000,0,0.00000,0,0.00000,0,0.00000,0,0.00000,0,0.00000,0,0.00000,67,0.00006,0,0.00000,0,0.00000
Pseudarthrobacter chlorophenolicus,85085,S,0,0.00000,0,0.00000,0,0.00000,0,0.00000,0,0.00000,0,0.00000,0,0.00000,0,0.00000,0,0.00000,0,0.00000,0,0.00000,66,0.00006,0,0.00000,0,0.00000
Cellulomonas sp. ES6,3039384,S,0,0.00000,0,0.00000,0,0.00000,0,0.00000,0,0.00000,0,0.00000,0,0.00000,0,0.00000,0,0.00000,0,0.00000,0,0.00000,66,0.00006,0,0.00000,0,0.00000
Beutenbergia cavernae,84757,S,0,0.00000,0,0.00000,0,0.00000,0,0.00000,0,0.00000,0,0.00000,0,0.00000,0,0.00000,0,0.00000,0,0.00000,0,0.00000,66,0.00006,0,0.00000,0,0.00000
Hydrogenophaga taeniospiralis,65656,S,0,0.00000,0,0.00000,0,0.00000,0,0.00000,0,0.00000,0,0.00000,0,0.00000,0,0.00000,0,0.00000,0,0.00000,0,0.00000,66,0.00006,0,0.00000,0,0.00000
Dyella japonica,231455,S,0,0.00000,0,0.00000,0,0.00000,0,0.00000,0,0.00000,0,0.00000,0,0.00000,0,0.00000,0,0.00000,0,0.00000,0,0.00000,66,0.00006,0,0.00000,0,0.00000
Candidatus Nitrosocosmicus hydrocola,1826872,S,0,0.00000,0,0.00000,0,0.00000,0,0.00000,0,0.00000,0,0.00000,0,0.00000,0,0.00000,0,0.00000,0,0.00000,0,0.00000,66,0.00006,0,0.00000,0,0.00000
Rhizobium sp. 32-5/1,3019602,S,0,0.00000,0,0.00000,0,0.00000,0,0.00000,0,0.00000,0,0.00000,0,0.00000,0,0.00000,0,0.00000,0,0.00000,0,0.00000,65,0.00006,0,0.00000,0,0.00000
Xanthomonas sp. NCPPB 2632,3240912,S,0,0.00000,0,0.00000,0,0.00000,0,0.00000,0,0.00000,0,0.00000,0,0.00000,0,0.00000,0,0.00000,0,0.00000,0,0.00000,65,0.00006,0,0.00000,0,0.00000
Thermomonas sp. HDW16,2714945,S,0,0.00000,0,0.00000,0,0.00000,0,0.00000,0,0.00000,0,0.00000,0,0.00000,0,0.00000,0,0.00000,0,0.00000,0,0.00000,65,0.00006,0,0.00000,0,0.00000
Bacteroides intestinalis,329854,S,0,0.00000,0,0.00000,0,0.00000,0,0.00000,0,0.00000,0,0.00000,0,0.00000,0,0.00000,0,0.00000,0,0.00000,0,0.00000,65,0.00006,0,0.00000,0,0.00000
Microbacterium sp. LWO14-1.2,3135263,S,0,0.00000,0,0.00000,0,0.00000,0,0.00000,0,0.00000,0,0.00000,0,0.00000,0,0.00000,0,0.00000,0,0.00000,0,0.00000,64,0.00006,0,0.00000,0,0.00000
Cryobacterium breve,1259258,S,0,0.00000,0,0.00000,0,0.00000,0,0.00000,0,0.00000,0,0.00000,0,0.00000,0,0.00000,0,0.00000,0,0.00000,0,0.00000,64,0.00006,0,0.00000,0,0.00000
Arthrobacter sp. U41,1849032,S,0,0.00000,0,0.00000,0,0.00000,0,0.00000,0,0.00000,0,0.00000,0,0.00000,0,0.00000,0,0.00000,0,0.00000,0,0.00000,64,0.00006,0,0.00000,0,0.00000
Microbacterium aurum,36805,S,0,0.00000,0,0.00000,0,0.00000,0,0.00000,0,0.00000,0,0.00000,0,0.00000,0,0.00000,0,0.00000,0,0.00000,0,0.00000,63,0.00006,0,0.00000,0,0.00000
Brachybacterium sp. P6-10-X1,1903186,S,0,0.00000,0,0.00000,0,0.00000,0,0.00000,0,0.00000,0,0.00000,0,0.00000,0,0.00000,0,0.00000,0,0.00000,0,0.00000,63,0.00006,0,0.00000,0,0.00000
Ottowia sp. SB7-C50,3081231,S,0,0.00000,0,0.00000,0,0.00000,0,0.00000,0,0.00000,0,0.00000,0,0.00000,0,0.00000,0,0.00000,0,0.00000,0,0.00000,63,0.00006,0,0.00000,0,0.00000
Microbacterium esteraromaticum,57043,S,0,0.00000,0,0.00000,0,0.00000,0,0.00000,0,0.00000,0,0.00000,0,0.00000,0,0.00000,0,0.00000,0,0.00000,0,0.00000,62,0.00006,0,0.00000,0,0.00000
Pseudarthrobacter equi,728066,S,0,0.00000,0,0.00000,0,0.00000,0,0.00000,0,0.00000,0,0.00000,0,0.00000,0,0.00000,0,0.00000,0,0.00000,0,0.00000,62,0.00006,0,0.00000,0,0.00000
Acidovorax sp. JMULE5,2518343,S,0,0.00000,0,0.00000,0,0.00000,0,0.00000,0,0.00000,0,0.00000,0,0.00000,0,0.00000,0,0.00000,0,0.00000,0,0.00000,62,0.00006,0,0.00000,0,0.00000
Pseudomonas sp. ABC1,2748080,S,0,0.00000,0,0.00000,0,0.00000,0,0.00000,0,0.00000,0,0.00000,0,0.00000,0,0.00000,0,0.00000,0,0.00000,0,0.00000,62,0.00006,0,0.00000,0,0.00000
Lysobacter alkalisoli,2591633,S,0,0.00000,0,0.00000,0,0.00000,0,0.00000,0,0.00000,0,0.00000,0,0.00000,0,0.00000,0,0.00000,0,0.00000,0,0.00000,62,0.00006,0,0.00000,0,0.00000
Legionella pneumophila,446,S,0,0.00000,0,0.00000,0,0.00000,0,0.00000,0,0.00000,0,0.00000,0,0.00000,0,0.00000,0,0.00000,0,0.00000,0,0.00000,62,0.00006,0,0.00000,0,0.00000
Microbacterium sp. LWO13-1.2,3135262,S,0,0.00000,0,0.00000,0,0.00000,0,0.00000,0,0.00000,0,0.00000,0,0.00000,0,0.00000,0,0.00000,0,0.00000,0,0.00000,61,0.00006,0,0.00000,0,0.00000
Arthrobacter sp. NicSoilB8,2830998,S,0,0.00000,0,0.00000,0,0.00000,0,0.00000,0,0.00000,0,0.00000,0,0.00000,0,0.00000,0,0.00000,0,0.00000,0,0.00000,61,0.00006,0,0.00000,0,0.00000
Olsenella timonensis,1805478,S,0,0.00000,0,0.00000,0,0.00000,0,0.00000,0,0.00000,0,0.00000,0,0.00000,0,0.00000,0,0.00000,0,0.00000,0,0.00000,61,0.00006,0,0.00000,0,0.00000
Bordetella hinzii,103855,S,0,0.00000,0,0.00000,0,0.00000,0,0.00000,0,0.00000,0,0.00000,0,0.00000,0,0.00000,0,0.00000,0,0.00000,0,0.00000,61,0.00006,0,0.00000,0,0.00000
Agromyces mangrovi,1858653,S,0,0.00000,0,0.00000,0,0.00000,0,0.00000,0,0.00000,0,0.00000,0,0.00000,0,0.00000,0,0.00000,0,0.00000,0,0.00000,60,0.00006,0,0.00000,0,0.00000
Humibacter ginsenosidimutans,2599293,S,0,0.00000,0,0.00000,0,0.00000,0,0.00000,0,0.00000,0,0.00000,0,0.00000,0,0.00000,0,0.00000,0,0.00000,0,0.00000,60,0.00006,0,0.00000,0,0.00000
Acidilutibacter cellobiosedens,2507161,S,0,0.00000,0,0.00000,0,0.00000,0,0.00000,0,0.00000,0,0.00000,0,0.00000,0,0.00000,0,0.00000,0,0.00000,0,0.00000,60,0.00006,0,0.00000,0,0.00000
Xanthomonas cucurbitae,56453,S,0,0.00000,0,0.00000,0,0.00000,0,0.00000,0,0.00000,0,0.00000,0,0.00000,0,0.00000,0,0.00000,0,0.00000,0,0.00000,60,0.00006,0,0.00000,0,0.00000
Microcella humidisoli,2963406,S,0,0.00000,0,0.00000,0,0.00000,0,0.00000,0,0.00000,0,0.00000,0,0.00000,0,0.00000,0,0.00000,0,0.00000,0,0.00000,59,0.00005,0,0.00000,0,0.00000
Georgenia faecalis,2483799,S,0,0.00000,0,0.00000,0,0.00000,0,0.00000,0,0.00000,0,0.00000,0,0.00000,0,0.00000,0,0.00000,0,0.00000,0,0.00000,59,0.00005,0,0.00000,0,0.00000
Sporosarcina sp. Marseille-Q4063,2810514,S,0,0.00000,0,0.00000,0,0.00000,0,0.00000,0,0.00000,0,0.00000,0,0.00000,0,0.00000,0,0.00000,0,0.00000,0,0.00000,59,0.00005,0,0.00000,0,0.00000
Comamonas kerstersii,225992,S,0,0.00000,0,0.00000,0,0.00000,0,0.00000,0,0.00000,0,0.00000,0,0.00000,0,0.00000,0,0.00000,0,0.00000,0,0.00000,59,0.00005,0,0.00000,0,0.00000
Hydrogenophaga sp. YM1,2806262,S,0,0.00000,0,0.00000,0,0.00000,0,0.00000,0,0.00000,0,0.00000,0,0.00000,0,0.00000,0,0.00000,0,0.00000,0,0.00000,59,0.00005,0,0.00000,0,0.00000
Massilia antarctica,2765360,S,0,0.00000,0,0.00000,0,0.00000,0,0.00000,0,0.00000,0,0.00000,0,0.00000,0,0.00000,0,0.00000,0,0.00000,0,0.00000,59,0.00005,0,0.00000,0,0.00000
Rhodococcus sp. Z13,2962047,S,0,0.00000,0,0.00000,0,0.00000,0,0.00000,0,0.00000,0,0.00000,0,0.00000,0,0.00000,0,0.00000,0,0.00000,0,0.00000,58,0.00005,0,0.00000,0,0.00000
Schnuerera ultunensis,45497,S,0,0.00000,0,0.00000,0,0.00000,0,0.00000,0,0.00000,0,0.00000,0,0.00000,0,0.00000,0,0.00000,0,0.00000,0,0.00000,58,0.00005,0,0.00000,0,0.00000
Sphingopyxis sp. PAMC25046,2565556,S,0,0.00000,0,0.00000,0,0.00000,0,0.00000,0,0.00000,0,0.00000,0,0.00000,0,0.00000,0,0.00000,0,0.00000,0,0.00000,58,0.00005,0,0.00000,0,0.00000
Hydrogenophaga sp. SNF1,3098762,S,0,0.00000,0,0.00000,0,0.00000,0,0.00000,0,0.00000,0,0.00000,0,0.00000,0,0.00000,0,0.00000,0,0.00000,0,0.00000,58,0.00005,0,0.00000,0,0.00000
Janthinobacterium lividum,29581,S,0,0.00000,0,0.00000,0,0.00000,0,0.00000,0,0.00000,0,0.00000,0,0.00000,0,0.00000,0,0.00000,0,0.00000,0,0.00000,58,0.00005,0,0.00000,0,0.00000
Homoserinibacter sp. YIM 151385,2985506,S,0,0.00000,0,0.00000,0,0.00000,0,0.00000,0,0.00000,0,0.00000,0,0.00000,0,0.00000,0,0.00000,0,0.00000,0,0.00000,57,0.00005,0,0.00000,0,0.00000
Desulfovibrio desulfuricans,876,S,0,0.00000,0,0.00000,0,0.00000,0,0.00000,0,0.00000,0,0.00000,0,0.00000,0,0.00000,0,0.00000,0,0.00000,0,0.00000,57,0.00005,0,0.00000,0,0.00000
Caulobacter soli,2708539,S,0,0.00000,0,0.00000,0,0.00000,0,0.00000,0,0.00000,0,0.00000,0,0.00000,0,0.00000,0,0.00000,0,0.00000,0,0.00000,56,0.00005,0,0.00000,0,0.00000
Mycolicibacterium aubagnense,319707,S,0,0.00000,0,0.00000,0,0.00000,0,0.00000,0,0.00000,0,0.00000,0,0.00000,0,0.00000,0,0.00000,0,0.00000,0,0.00000,55,0.00005,0,0.00000,0,0.00000
Sinomonas atrocyanea,37927,S,0,0.00000,0,0.00000,0,0.00000,0,0.00000,0,0.00000,0,0.00000,0,0.00000,0,0.00000,0,0.00000,0,0.00000,0,0.00000,55,0.00005,0,0.00000,0,0.00000
Acidovorax sp. NCPPB 3576,2940488,S,0,0.00000,0,0.00000,0,0.00000,0,0.00000,0,0.00000,0,0.00000,0,0.00000,0,0.00000,0,0.00000,0,0.00000,0,0.00000,55,0.00005,0,0.00000,0,0.00000
Mycolicibacterium mucogenicum,56689,S,0,0.00000,0,0.00000,0,0.00000,0,0.00000,0,0.00000,0,0.00000,0,0.00000,0,0.00000,0,0.00000,0,0.00000,0,0.00000,54,0.00005,0,0.00000,0,0.00000
Acidovorax sp. 1608163,2478662,S,0,0.00000,0,0.00000,0,0.00000,0,0.00000,0,0.00000,0,0.00000,0,0.00000,0,0.00000,0,0.00000,0,0.00000,0,0.00000,54,0.00005,0,0.00000,0,0.00000
Xanthomonas theicola,56464,S,0,0.00000,0,0.00000,0,0.00000,0,0.00000,0,0.00000,0,0.00000,0,0.00000,0,0.00000,0,0.00000,0,0.00000,0,0.00000,54,0.00005,0,0.00000,0,0.00000
Pseudomonas rhodesiae,76760,S,0,0.00000,0,0.00000,0,0.00000,0,0.00000,0,0.00000,0,0.00000,0,0.00000,0,0.00000,0,0.00000,0,0.00000,0,0.00000,53,0.00005,0,0.00000,0,0.00000
Pseudomonas marincola,437900,S,0,0.00000,0,0.00000,0,0.00000,0,0.00000,0,0.00000,0,0.00000,0,0.00000,0,0.00000,0,0.00000,0,0.00000,0,0.00000,53,0.00005,0,0.00000,0,0.00000
Leucobacter sp. CX169,2813744,S,0,0.00000,0,0.00000,0,0.00000,0,0.00000,0,0.00000,0,0.00000,0,0.00000,0,0.00000,0,0.00000,0,0.00000,0,0.00000,52,0.00005,0,0.00000,0,0.00000
Pseudarthrobacter psychrotolerans,2697569,S,0,0.00000,0,0.00000,0,0.00000,0,0.00000,0,0.00000,0,0.00000,0,0.00000,0,0.00000,0,0.00000,0,0.00000,0,0.00000,52,0.00005,0,0.00000,0,0.00000
Xylanimonas cellulosilytica,186189,S,0,0.00000,0,0.00000,0,0.00000,0,0.00000,0,0.00000,0,0.00000,0,0.00000,0,0.00000,0,0.00000,0,0.00000,0,0.00000,52,0.00005,0,0.00000,0,0.00000
Bradyrhizobium sp. NDS-1,3080014,S,0,0.00000,0,0.00000,0,0.00000,0,0.00000,0,0.00000,0,0.00000,0,0.00000,0,0.00000,0,0.00000,0,0.00000,0,0.00000,52,0.00005,0,0.00000,0,0.00000
Sphingopyxis sp. QXT-31,1357916,S,0,0.00000,0,0.00000,0,0.00000,0,0.00000,0,0.00000,0,0.00000,0,0.00000,0,0.00000,0,0.00000,0,0.00000,0,0.00000,52,0.00005,0,0.00000,0,0.00000
Aromatoleum bremense,76115,S,0,0.00000,0,0.00000,0,0.00000,0,0.00000,0,0.00000,0,0.00000,0,0.00000,0,0.00000,0,0.00000,0,0.00000,0,0.00000,52,0.00005,0,0.00000,0,0.00000
Chromobacterium violaceum,536,S,0,0.00000,0,0.00000,0,0.00000,0,0.00000,0,0.00000,0,0.00000,0,0.00000,0,0.00000,0,0.00000,0,0.00000,0,0.00000,52,0.00005,0,0.00000,0,0.00000
Pseudomonas furukawaii,1149133,S,0,0.00000,0,0.00000,0,0.00000,0,0.00000,0,0.00000,0,0.00000,0,0.00000,0,0.00000,0,0.00000,0,0.00000,0,0.00000,52,0.00005,0,0.00000,0,0.00000
Cellulomonas dongxiuzhuiae,2819979,S,0,0.00000,0,0.00000,0,0.00000,0,0.00000,0,0.00000,0,0.00000,0,0.00000,0,0.00000,0,0.00000,0,0.00000,0,0.00000,51,0.00005,0,0.00000,0,0.00000
Devosia oryziradicis,2801335,S,0,0.00000,0,0.00000,0,0.00000,0,0.00000,0,0.00000,0,0.00000,0,0.00000,0,0.00000,0,0.00000,0,0.00000,0,0.00000,51,0.00005,0,0.00000,0,0.00000
Luteimonas sp. MC1750,2799326,S,0,0.00000,0,0.00000,0,0.00000,0,0.00000,0,0.00000,0,0.00000,0,0.00000,0,0.00000,0,0.00000,0,0.00000,0,0.00000,51,0.00005,0,0.00000,0,0.00000
Corallococcus macrosporus,35,S,0,0.00000,0,0.00000,0,0.00000,0,0.00000,0,0.00000,0,0.00000,0,0.00000,0,0.00000,0,0.00000,0,0.00000,0,0.00000,51,0.00005,0,0.00000,0,0.00000
Devosia sp. SD17-2,2976459,S,0,0.00000,0,0.00000,0,0.00000,0,0.00000,0,0.00000,0,0.00000,0,0.00000,0,0.00000,0,0.00000,0,0.00000,0,0.00000,50,0.00005,0,0.00000,0,0.00000
Cereibacter azotoformans,43057,S,0,0.00000,0,0.00000,0,0.00000,0,0.00000,0,0.00000,0,0.00000,0,0.00000,0,0.00000,0,0.00000,0,0.00000,0,0.00000,50,0.00005,0,0.00000,0,0.00000
Paenacidovorax monticola,1926868,S,0,0.00000,0,0.00000,0,0.00000,0,0.00000,0,0.00000,0,0.00000,0,0.00000,0,0.00000,0,0.00000,0,0.00000,0,0.00000,50,0.00005,0,0.00000,0,0.00000
Pseudomonas argentinensis,289370,S,0,0.00000,0,0.00000,0,0.00000,0,0.00000,0,0.00000,0,0.00000,0,0.00000,0,0.00000,0,0.00000,0,0.00000,0,0.00000,50,0.00005,0,0.00000,0,0.00000
Microbacterium sp. H1-D42,2925844,S,0,0.00000,0,0.00000,0,0.00000,0,0.00000,0,0.00000,0,0.00000,0,0.00000,0,0.00000,0,0.00000,0,0.00000,0,0.00000,49,0.00005,0,0.00000,0,0.00000
Sphingopyxis sp. YF1,2482763,S,0,0.00000,0,0.00000,0,0.00000,0,0.00000,0,0.00000,0,0.00000,0,0.00000,0,0.00000,0,0.00000,0,0.00000,0,0.00000,49,0.00005,0,0.00000,0,0.00000
Mycobacterium marseillense,701042,S,0,0.00000,0,0.00000,0,0.00000,0,0.00000,0,0.00000,0,0.00000,0,0.00000,0,0.00000,0,0.00000,0,0.00000,0,0.00000,48,0.00004,0,0.00000,0,0.00000
Sanguibacter keddieii,60920,S,0,0.00000,0,0.00000,0,0.00000,0,0.00000,0,0.00000,0,0.00000,0,0.00000,0,0.00000,0,0.00000,0,0.00000,0,0.00000,48,0.00004,0,0.00000,0,0.00000
Micromonospora chokoriensis,356851,S,0,0.00000,0,0.00000,0,0.00000,0,0.00000,0,0.00000,0,0.00000,0,0.00000,0,0.00000,0,0.00000,0,0.00000,0,0.00000,48,0.00004,0,0.00000,0,0.00000
Comamonas sp. NLF-1-9,2853163,S,0,0.00000,0,0.00000,0,0.00000,0,0.00000,0,0.00000,0,0.00000,0,0.00000,0,0.00000,0,0.00000,0,0.00000,0,0.00000,48,0.00004,0,0.00000,0,0.00000
Mycobacterium heidelbergense,53376,S,0,0.00000,0,0.00000,0,0.00000,0,0.00000,0,0.00000,0,0.00000,0,0.00000,0,0.00000,0,0.00000,0,0.00000,0,0.00000,47,0.00004,0,0.00000,0,0.00000
Leucobacter tenebrionis,2873270,S,0,0.00000,0,0.00000,0,0.00000,0,0.00000,0,0.00000,0,0.00000,0,0.00000,0,0.00000,0,0.00000,0,0.00000,0,0.00000,47,0.00004,0,0.00000,0,0.00000
Salinibacterium sp. ZJ450,2708338,S,0,0.00000,0,0.00000,0,0.00000,0,0.00000,0,0.00000,0,0.00000,0,0.00000,0,0.00000,0,0.00000,0,0.00000,0,0.00000,47,0.00004,0,0.00000,0,0.00000
Pararhizobium qamdonense,3031126,S,0,0.00000,0,0.00000,0,0.00000,0,0.00000,0,0.00000,0,0.00000,0,0.00000,0,0.00000,0,0.00000,0,0.00000,0,0.00000,47,0.00004,0,0.00000,0,0.00000
Sulfitobacter sp. LCG007,3233575,S,0,0.00000,0,0.00000,0,0.00000,0,0.00000,0,0.00000,0,0.00000,0,0.00000,0,0.00000,0,0.00000,0,0.00000,0,0.00000,47,0.00004,0,0.00000,0,0.00000
Pulveribacter suum,2116657,S,0,0.00000,0,0.00000,0,0.00000,0,0.00000,0,0.00000,0,0.00000,0,0.00000,0,0.00000,0,0.00000,0,0.00000,0,0.00000,47,0.00004,0,0.00000,0,0.00000
Alcaligenes sp. SORT26,2813780,S,0,0.00000,0,0.00000,0,0.00000,0,0.00000,0,0.00000,0,0.00000,0,0.00000,0,0.00000,0,0.00000,0,0.00000,0,0.00000,47,0.00004,0,0.00000,0,0.00000
Xanthomonas fragariae,48664,S,0,0.00000,0,0.00000,0,0.00000,0,0.00000,0,0.00000,0,0.00000,0,0.00000,0,0.00000,0,0.00000,0,0.00000,0,0.00000,47,0.00004,0,0.00000,0,0.00000
Dyella sp. GSA-30,2994496,S,0,0.00000,0,0.00000,0,0.00000,0,0.00000,0,0.00000,0,0.00000,0,0.00000,0,0.00000,0,0.00000,0,0.00000,0,0.00000,47,0.00004,0,0.00000,0,0.00000
Aequorivita sp. H23M31,2494375,S,0,0.00000,0,0.00000,0,0.00000,0,0.00000,0,0.00000,0,0.00000,0,0.00000,0,0.00000,0,0.00000,0,0.00000,0,0.00000,47,0.00004,0,0.00000,0,0.00000
Microbacterium atlanticum,2782168,S,0,0.00000,0,0.00000,0,0.00000,0,0.00000,0,0.00000,0,0.00000,0,0.00000,0,0.00000,0,0.00000,0,0.00000,0,0.00000,46,0.00004,0,0.00000,0,0.00000
Agromyces flavus,589382,S,0,0.00000,0,0.00000,0,0.00000,0,0.00000,0,0.00000,0,0.00000,0,0.00000,0,0.00000,0,0.00000,0,0.00000,0,0.00000,46,0.00004,0,0.00000,0,0.00000
Leifsonia sp. PS1209,2724914,S,0,0.00000,0,0.00000,0,0.00000,0,0.00000,0,0.00000,0,0.00000,0,0.00000,0,0.00000,0,0.00000,0,0.00000,0,0.00000,46,0.00004,0,0.00000,0,0.00000
Caulobacter sp. NIBR1757,3016000,S,0,0.00000,0,0.00000,0,0.00000,0,0.00000,0,0.00000,0,0.00000,0,0.00000,0,0.00000,0,0.00000,0,0.00000,0,0.00000,46,0.00004,0,0.00000,0,0.00000
Pseudomonas sp. Q1-7,3020843,S,0,0.00000,0,0.00000,0,0.00000,0,0.00000,0,0.00000,0,0.00000,0,0.00000,0,0.00000,0,0.00000,0,0.00000,0,0.00000,46,0.00004,0,0.00000,0,0.00000
Pseudoxanthomonas sp. JBR18,2969308,S,0,0.00000,0,0.00000,0,0.00000,0,0.00000,0,0.00000,0,0.00000,0,0.00000,0,0.00000,0,0.00000,0,0.00000,0,0.00000,46,0.00004,0,0.00000,0,0.00000
Luteimonas sp. MC1825,2761107,S,0,0.00000,0,0.00000,0,0.00000,0,0.00000,0,0.00000,0,0.00000,0,0.00000,0,0.00000,0,0.00000,0,0.00000,0,0.00000,46,0.00004,0,0.00000,0,0.00000
Gordonia terrae,2055,S,0,0.00000,0,0.00000,0,0.00000,0,0.00000,0,0.00000,0,0.00000,0,0.00000,0,0.00000,0,0.00000,0,0.00000,0,0.00000,45,0.00004,0,0.00000,0,0.00000
Agromyces aureus,453304,S,0,0.00000,0,0.00000,0,0.00000,0,0.00000,0,0.00000,0,0.00000,0,0.00000,0,0.00000,0,0.00000,0,0.00000,0,0.00000,45,0.00004,0,0.00000,0,0.00000
Devosia salina,2860336,S,0,0.00000,0,0.00000,0,0.00000,0,0.00000,0,0.00000,0,0.00000,0,0.00000,0,0.00000,0,0.00000,0,0.00000,0,0.00000,45,0.00004,0,0.00000,0,0.00000
Magnetospirillum gryphiswaldense,55518,S,0,0.00000,0,0.00000,0,0.00000,0,0.00000,0,0.00000,0,0.00000,0,0.00000,0,0.00000,0,0.00000,0,0.00000,0,0.00000,45,0.00004,0,0.00000,0,0.00000
Acidovorax sp. DW039,3095606,S,0,0.00000,0,0.00000,0,0.00000,0,0.00000,0,0.00000,0,0.00000,0,0.00000,0,0.00000,0,0.00000,0,0.00000,0,0.00000,45,0.00004,0,0.00000,0,0.00000
Sulfurivermis fontis,1972068,S,0,0.00000,0,0.00000,0,0.00000,0,0.00000,0,0.00000,0,0.00000,0,0.00000,0,0.00000,0,0.00000,0,0.00000,0,0.00000,45,0.00004,0,0.00000,0,0.00000
Microbacterium rhizosphaerae,1678237,S,0,0.00000,0,0.00000,0,0.00000,0,0.00000,0,0.00000,0,0.00000,0,0.00000,0,0.00000,0,0.00000,0,0.00000,0,0.00000,44,0.00004,0,0.00000,0,0.00000
Leucobacter luti,340320,S,0,0.00000,0,0.00000,0,0.00000,0,0.00000,0,0.00000,0,0.00000,0,0.00000,0,0.00000,0,0.00000,0,0.00000,0,0.00000,44,0.00004,0,0.00000,0,0.00000
Agromyces sp. LHK192,2498704,S,0,0.00000,0,0.00000,0,0.00000,0,0.00000,0,0.00000,0,0.00000,0,0.00000,0,0.00000,0,0.00000,0,0.00000,0,0.00000,44,0.00004,0,0.00000,0,0.00000
Lacrimispora sp. BS-2,3151850,S,0,0.00000,0,0.00000,0,0.00000,0,0.00000,0,0.00000,0,0.00000,0,0.00000,0,0.00000,0,0.00000,0,0.00000,0,0.00000,44,0.00004,0,0.00000,0,0.00000
Rhodoferax ferrireducens,192843,S,0,0.00000,0,0.00000,0,0.00000,0,0.00000,0,0.00000,0,0.00000,0,0.00000,0,0.00000,0,0.00000,0,0.00000,0,0.00000,44,0.00004,0,0.00000,0,0.00000
Sphaerotilus sulfidivorans,639200,S,0,0.00000,0,0.00000,0,0.00000,0,0.00000,0,0.00000,0,0.00000,0,0.00000,0,0.00000,0,0.00000,0,0.00000,0,0.00000,44,0.00004,0,0.00000,0,0.00000
Microbacterium sp. zg-Y1090,3049073,S,0,0.00000,0,0.00000,0,0.00000,0,0.00000,0,0.00000,0,0.00000,0,0.00000,0,0.00000,0,0.00000,0,0.00000,0,0.00000,43,0.00004,0,0.00000,0,0.00000
Microbacterium oleivorans,273677,S,0,0.00000,0,0.00000,0,0.00000,0,0.00000,0,0.00000,0,0.00000,0,0.00000,0,0.00000,0,0.00000,0,0.00000,0,0.00000,43,0.00004,0,0.00000,0,0.00000
Pseudarthrobacter sp. IC2-21,3092262,S,0,0.00000,0,0.00000,0,0.00000,0,0.00000,0,0.00000,0,0.00000,0,0.00000,0,0.00000,0,0.00000,0,0.00000,0,0.00000,43,0.00004,0,0.00000,0,0.00000
Demequina capsici,3075620,S,0,0.00000,0,0.00000,0,0.00000,0,0.00000,0,0.00000,0,0.00000,0,0.00000,0,0.00000,0,0.00000,0,0.00000,0,0.00000,43,0.00004,0,0.00000,0,0.00000
Thermaerobacter sp. PB12/4term,2293838,S,0,0.00000,0,0.00000,0,0.00000,0,0.00000,0,0.00000,0,0.00000,0,0.00000,0,0.00000,0,0.00000,0,0.00000,0,0.00000,43,0.00004,0,0.00000,0,0.00000
Pseudomonas sp. FP597,2954096,S,0,0.00000,0,0.00000,0,0.00000,0,0.00000,0,0.00000,0,0.00000,0,0.00000,0,0.00000,0,0.00000,0,0.00000,0,0.00000,43,0.00004,0,0.00000,0,0.00000
Microbacterium galbinum,2851646,S,0,0.00000,0,0.00000,0,0.00000,0,0.00000,0,0.00000,0,0.00000,0,0.00000,0,0.00000,0,0.00000,0,0.00000,0,0.00000,42,0.00004,0,0.00000,0,0.00000
Microbacterium lushaniae,2614639,S,0,0.00000,0,0.00000,0,0.00000,0,0.00000,0,0.00000,0,0.00000,0,0.00000,0,0.00000,0,0.00000,0,0.00000,0,0.00000,42,0.00004,0,0.00000,0,0.00000
Hydrogenophaga sp. SL48,2806347,S,0,0.00000,0,0.00000,0,0.00000,0,0.00000,0,0.00000,0,0.00000,0,0.00000,0,0.00000,0,0.00000,0,0.00000,0,0.00000,42,0.00004,0,0.00000,0,0.00000
Pseudomonas entomophila,312306,S,0,0.00000,0,0.00000,0,0.00000,0,0.00000,0,0.00000,0,0.00000,0,0.00000,0,0.00000,0,0.00000,0,0.00000,0,0.00000,42,0.00004,0,0.00000,0,0.00000
Xanthomonas nasturtii,1843581,S,0,0.00000,0,0.00000,0,0.00000,0,0.00000,0,0.00000,0,0.00000,0,0.00000,0,0.00000,0,0.00000,0,0.00000,0,0.00000,42,0.00004,0,0.00000,0,0.00000
Pseudoroseomonas cervicalis,204525,S,0,0.00000,0,0.00000,0,0.00000,0,0.00000,0,0.00000,0,0.00000,0,0.00000,0,0.00000,0,0.00000,0,0.00000,0,0.00000,41,0.00004,0,0.00000,0,0.00000
Pseudomonas sp. LS44,1357074,S,0,0.00000,0,0.00000,0,0.00000,0,0.00000,0,0.00000,0,0.00000,0,0.00000,0,0.00000,0,0.00000,0,0.00000,0,0.00000,41,0.00004,0,0.00000,0,0.00000
Mycobacterium sp. MS1601,1936029,S,0,0.00000,0,0.00000,0,0.00000,0,0.00000,0,0.00000,0,0.00000,0,0.00000,0,0.00000,0,0.00000,0,0.00000,0,0.00000,40,0.00004,0,0.00000,0,0.00000
Microbacterium pygmaeum,370764,S,0,0.00000,0,0.00000,0,0.00000,0,0.00000,0,0.00000,0,0.00000,0,0.00000,0,0.00000,0,0.00000,0,0.00000,0,0.00000,40,0.00004,0,0.00000,0,0.00000
Actinomyces slackii,52774,S,0,0.00000,0,0.00000,0,0.00000,0,0.00000,0,0.00000,0,0.00000,0,0.00000,0,0.00000,0,0.00000,0,0.00000,0,0.00000,40,0.00004,0,0.00000,0,0.00000
Methylocystis bryophila,655015,S,0,0.00000,0,0.00000,0,0.00000,0,0.00000,0,0.00000,0,0.00000,0,0.00000,0,0.00000,0,0.00000,0,0.00000,0,0.00000,40,0.00004,0,0.00000,0,0.00000
Paraburkholderia atlantica,2654982,S,0,0.00000,0,0.00000,0,0.00000,0,0.00000,0,0.00000,0,0.00000,0,0.00000,0,0.00000,0,0.00000,0,0.00000,0,0.00000,40,0.00004,0,0.00000,0,0.00000
Pseudomonas orientalis,76758,S,0,0.00000,0,0.00000,0,0.00000,0,0.00000,0,0.00000,0,0.00000,0,0.00000,0,0.00000,0,0.00000,0,0.00000,0,0.00000,40,0.00004,0,0.00000,0,0.00000
Luteibacter pinisoli,2589080,S,0,0.00000,0,0.00000,0,0.00000,0,0.00000,0,0.00000,0,0.00000,0,0.00000,0,0.00000,0,0.00000,0,0.00000,0,0.00000,40,0.00004,0,0.00000,0,0.00000
Mycobacterium xenopi,1789,S,0,0.00000,0,0.00000,0,0.00000,0,0.00000,0,0.00000,0,0.00000,0,0.00000,0,0.00000,0,0.00000,0,0.00000,0,0.00000,39,0.00004,0,0.00000,0,0.00000
Mycobacteroides salmoniphilum,404941,S,0,0.00000,0,0.00000,0,0.00000,0,0.00000,0,0.00000,0,0.00000,0,0.00000,0,0.00000,0,0.00000,0,0.00000,0,0.00000,39,0.00004,0,0.00000,0,0.00000
Arthrobacter antioxidans,2895818,S,0,0.00000,0,0.00000,0,0.00000,0,0.00000,0,0.00000,0,0.00000,0,0.00000,0,0.00000,0,0.00000,0,0.00000,0,0.00000,39,0.00004,0,0.00000,0,0.00000
Aureimonas sp. AU20,1349819,S,0,0.00000,0,0.00000,0,0.00000,0,0.00000,0,0.00000,0,0.00000,0,0.00000,0,0.00000,0,0.00000,0,0.00000,0,0.00000,39,0.00004,0,0.00000,0,0.00000
Methylosinus sp. C49,2699395,S,0,0.00000,0,0.00000,0,0.00000,0,0.00000,0,0.00000,0,0.00000,0,0.00000,0,0.00000,0,0.00000,0,0.00000,0,0.00000,39,0.00004,0,0.00000,0,0.00000
Diaphorobacter sp. HDW4B,2714925,S,0,0.00000,0,0.00000,0,0.00000,0,0.00000,0,0.00000,0,0.00000,0,0.00000,0,0.00000,0,0.00000,0,0.00000,0,0.00000,39,0.00004,0,0.00000,0,0.00000
Verminephrobacter eiseniae,364317,S,0,0.00000,0,0.00000,0,0.00000,0,0.00000,0,0.00000,0,0.00000,0,0.00000,0,0.00000,0,0.00000,0,0.00000,0,0.00000,39,0.00004,0,0.00000,0,0.00000
Pseudomonas sp. TCU-HL1,1856685,S,0,0.00000,0,0.00000,0,0.00000,0,0.00000,0,0.00000,0,0.00000,0,0.00000,0,0.00000,0,0.00000,0,0.00000,0,0.00000,39,0.00004,0,0.00000,0,0.00000
Pseudomonas poae,200451,S,0,0.00000,0,0.00000,0,0.00000,0,0.00000,0,0.00000,0,0.00000,0,0.00000,0,0.00000,0,0.00000,0,0.00000,0,0.00000,39,0.00004,0,0.00000,0,0.00000
Luteimonas chenhongjianii,2006110,S,0,0.00000,0,0.00000,0,0.00000,0,0.00000,0,0.00000,0,0.00000,0,0.00000,0,0.00000,0,0.00000,0,0.00000,0,0.00000,39,0.00004,0,0.00000,0,0.00000
Agrococcus sp. SGAir0287,2070347,S,0,0.00000,0,0.00000,0,0.00000,0,0.00000,0,0.00000,0,0.00000,0,0.00000,0,0.00000,0,0.00000,0,0.00000,0,0.00000,38,0.00004,0,0.00000,0,0.00000
Caulobacter flavus,1679497,S,0,0.00000,0,0.00000,0,0.00000,0,0.00000,0,0.00000,0,0.00000,0,0.00000,0,0.00000,0,0.00000,0,0.00000,0,0.00000,38,0.00004,0,0.00000,0,0.00000
Comamonas endophytica,2949090,S,0,0.00000,0,0.00000,0,0.00000,0,0.00000,0,0.00000,0,0.00000,0,0.00000,0,0.00000,0,0.00000,0,0.00000,0,0.00000,38,0.00004,0,0.00000,0,0.00000
Rhodococcus globerulus,33008,S,0,0.00000,0,0.00000,0,0.00000,0,0.00000,0,0.00000,0,0.00000,0,0.00000,0,0.00000,0,0.00000,0,0.00000,0,0.00000,37,0.00003,0,0.00000,0,0.00000
Devosia lacusdianchii,2917991,S,0,0.00000,0,0.00000,0,0.00000,0,0.00000,0,0.00000,0,0.00000,0,0.00000,0,0.00000,0,0.00000,0,0.00000,0,0.00000,37,0.00003,0,0.00000,0,0.00000
Comamonas sp. Y33R10-2,2853257,S,0,0.00000,0,0.00000,0,0.00000,0,0.00000,0,0.00000,0,0.00000,0,0.00000,0,0.00000,0,0.00000,0,0.00000,0,0.00000,37,0.00003,0,0.00000,0,0.00000
Hydrogenophaga sp. PAMC20947,2565558,S,0,0.00000,0,0.00000,0,0.00000,0,0.00000,0,0.00000,0,0.00000,0,0.00000,0,0.00000,0,0.00000,0,0.00000,0,0.00000,37,0.00003,0,0.00000,0,0.00000
Paracidovorax cattleyae,80868,S,0,0.00000,0,0.00000,0,0.00000,0,0.00000,0,0.00000,0,0.00000,0,0.00000,0,0.00000,0,0.00000,0,0.00000,0,0.00000,37,0.00003,0,0.00000,0,0.00000
Alcaligenes sp. SDU_A2,3136634,S,0,0.00000,0,0.00000,0,0.00000,0,0.00000,0,0.00000,0,0.00000,0,0.00000,0,0.00000,0,0.00000,0,0.00000,0,0.00000,37,0.00003,0,0.00000,0,0.00000
Herbaspirillum frisingense,92645,S,0,0.00000,0,0.00000,0,0.00000,0,0.00000,0,0.00000,0,0.00000,0,0.00000,0,0.00000,0,0.00000,0,0.00000,0,0.00000,37,0.00003,0,0.00000,0,0.00000
Azotobacter salinestris,69964,S,0,0.00000,0,0.00000,0,0.00000,0,0.00000,0,0.00000,0,0.00000,0,0.00000,0,0.00000,0,0.00000,0,0.00000,0,0.00000,37,0.00003,0,0.00000,0,0.00000
Sphingobacterium sp. ML3W,1538644,S,0,0.00000,0,0.00000,0,0.00000,0,0.00000,0,0.00000,0,0.00000,0,0.00000,0,0.00000,0,0.00000,0,0.00000,0,0.00000,37,0.00003,0,0.00000,0,0.00000
Microbacterium sp. LKL04,912630,S,0,0.00000,0,0.00000,0,0.00000,0,0.00000,0,0.00000,0,0.00000,0,0.00000,0,0.00000,0,0.00000,0,0.00000,0,0.00000,36,0.00003,0,0.00000,0,0.00000
Leifsonia xyli,1575,S,0,0.00000,0,0.00000,0,0.00000,0,0.00000,0,0.00000,0,0.00000,0,0.00000,0,0.00000,0,0.00000,0,0.00000,0,0.00000,36,0.00003,0,0.00000,0,0.00000
Paenibacillus sp. HWE-109,1306526,S,0,0.00000,0,0.00000,0,0.00000,0,0.00000,0,0.00000,0,0.00000,0,0.00000,0,0.00000,0,0.00000,0,0.00000,0,0.00000,36,0.00003,0,0.00000,0,0.00000
Neorhizobium sp. CSC1952,2978974,S,0,0.00000,0,0.00000,0,0.00000,0,0.00000,0,0.00000,0,0.00000,0,0.00000,0,0.00000,0,0.00000,0,0.00000,0,0.00000,36,0.00003,0,0.00000,0,0.00000
uncultured Sphingopyxis sp.,310581,S,0,0.00000,0,0.00000,0,0.00000,0,0.00000,0,0.00000,0,0.00000,0,0.00000,0,0.00000,0,0.00000,0,0.00000,0,0.00000,36,0.00003,0,0.00000,0,0.00000
Brevundimonas subvibrioides,74313,S,0,0.00000,0,0.00000,0,0.00000,0,0.00000,0,0.00000,0,0.00000,0,0.00000,0,0.00000,0,0.00000,0,0.00000,0,0.00000,36,0.00003,0,0.00000,0,0.00000
Bordetella pseudohinzii,1331258,S,0,0.00000,0,0.00000,0,0.00000,0,0.00000,0,0.00000,0,0.00000,0,0.00000,0,0.00000,0,0.00000,0,0.00000,0,0.00000,36,0.00003,0,0.00000,0,0.00000
Paralcaligenes sp. KSB-10,2901142,S,0,0.00000,0,0.00000,0,0.00000,0,0.00000,0,0.00000,0,0.00000,0,0.00000,0,0.00000,0,0.00000,0,0.00000,0,0.00000,36,0.00003,0,0.00000,0,0.00000
Pseudomonas guangdongensis,1245526,S,0,0.00000,0,0.00000,0,0.00000,0,0.00000,0,0.00000,0,0.00000,0,0.00000,0,0.00000,0,0.00000,0,0.00000,0,0.00000,36,0.00003,0,0.00000,0,0.00000
Gryllotalpicola protaetiae,2419771,S,0,0.00000,0,0.00000,0,0.00000,0,0.00000,0,0.00000,0,0.00000,0,0.00000,0,0.00000,0,0.00000,0,0.00000,0,0.00000,35,0.00003,0,0.00000,0,0.00000
Sphingomonas sp. PAMC26645,2565555,S,0,0.00000,0,0.00000,0,0.00000,0,0.00000,0,0.00000,0,0.00000,0,0.00000,0,0.00000,0,0.00000,0,0.00000,0,0.00000,35,0.00003,0,0.00000,0,0.00000
Comamonas serinivorans,1082851,S,0,0.00000,0,0.00000,0,0.00000,0,0.00000,0,0.00000,0,0.00000,0,0.00000,0,0.00000,0,0.00000,0,0.00000,0,0.00000,35,0.00003,0,0.00000,0,0.00000
Bordetella holmesii,35814,S,0,0.00000,0,0.00000,0,0.00000,0,0.00000,0,0.00000,0,0.00000,0,0.00000,0,0.00000,0,0.00000,0,0.00000,0,0.00000,35,0.00003,0,0.00000,0,0.00000
Pseudomonas sp. LPB0260,2614442,S,0,0.00000,0,0.00000,0,0.00000,0,0.00000,0,0.00000,0,0.00000,0,0.00000,0,0.00000,0,0.00000,0,0.00000,0,0.00000,35,0.00003,0,0.00000,0,0.00000
Dyella terrae,522259,S,0,0.00000,0,0.00000,0,0.00000,0,0.00000,0,0.00000,0,0.00000,0,0.00000,0,0.00000,0,0.00000,0,0.00000,0,0.00000,35,0.00003,0,0.00000,0,0.00000
Rhodoferax mekongensis,3068341,S,0,0.00000,0,0.00000,0,0.00000,0,0.00000,0,0.00000,0,0.00000,0,0.00000,0,0.00000,0,0.00000,0,0.00000,0,0.00000,34,0.00003,0,0.00000,0,0.00000
Polaromonas hydrogenivorans,335476,S,0,0.00000,0,0.00000,0,0.00000,0,0.00000,0,0.00000,0,0.00000,0,0.00000,0,0.00000,0,0.00000,0,0.00000,0,0.00000,34,0.00003,0,0.00000,0,0.00000
Polaromonas naphthalenivorans,216465,S,0,0.00000,0,0.00000,0,0.00000,0,0.00000,0,0.00000,0,0.00000,0,0.00000,0,0.00000,0,0.00000,0,0.00000,0,0.00000,34,0.00003,0,0.00000,0,0.00000
Pseudomonas seleniipraecipitans,640205,S,0,0.00000,0,0.00000,0,0.00000,0,0.00000,0,0.00000,0,0.00000,0,0.00000,0,0.00000,0,0.00000,0,0.00000,0,0.00000,34,0.00003,0,0.00000,0,0.00000
Thermomonas paludicola,2884874,S,0,0.00000,0,0.00000,0,0.00000,0,0.00000,0,0.00000,0,0.00000,0,0.00000,0,0.00000,0,0.00000,0,0.00000,0,0.00000,34,0.00003,0,0.00000,0,0.00000
Luteibacter aegosomaticola,2911538,S,0,0.00000,0,0.00000,0,0.00000,0,0.00000,0,0.00000,0,0.00000,0,0.00000,0,0.00000,0,0.00000,0,0.00000,0,0.00000,34,0.00003,0,0.00000,0,0.00000
Microbacterium hydrocarbonoxydans,273678,S,0,0.00000,0,0.00000,0,0.00000,0,0.00000,0,0.00000,0,0.00000,0,0.00000,0,0.00000,0,0.00000,0,0.00000,0,0.00000,33,0.00003,0,0.00000,0,0.00000
Massilia endophytica,2899220,S,0,0.00000,0,0.00000,0,0.00000,0,0.00000,0,0.00000,0,0.00000,0,0.00000,0,0.00000,0,0.00000,0,0.00000,0,0.00000,33,0.00003,0,0.00000,0,0.00000
Aromatoleum aromaticum,551760,S,0,0.00000,0,0.00000,0,0.00000,0,0.00000,0,0.00000,0,0.00000,0,0.00000,0,0.00000,0,0.00000,0,0.00000,0,0.00000,33,0.00003,0,0.00000,0,0.00000
Pseudomonas sp. SO81,2983246,S,0,0.00000,0,0.00000,0,0.00000,0,0.00000,0,0.00000,0,0.00000,0,0.00000,0,0.00000,0,0.00000,0,0.00000,0,0.00000,33,0.00003,0,0.00000,0,0.00000
Paenibacillus psychroresistens,1778678,S,0,0.00000,0,0.00000,0,0.00000,0,0.00000,0,0.00000,0,0.00000,0,0.00000,0,0.00000,0,0.00000,0,0.00000,0,0.00000,32,0.00003,0,0.00000,0,0.00000
Clostridium argentinense,29341,S,0,0.00000,0,0.00000,0,0.00000,0,0.00000,0,0.00000,0,0.00000,0,0.00000,0,0.00000,0,0.00000,0,0.00000,0,0.00000,32,0.00003,0,0.00000,0,0.00000
Rhodoferax sp. WC2427,3234144,S,0,0.00000,0,0.00000,0,0.00000,0,0.00000,0,0.00000,0,0.00000,0,0.00000,0,0.00000,0,0.00000,0,0.00000,0,0.00000,32,0.00003,0,0.00000,0,0.00000
Xanthomonas sp. 10-10,3115848,S,0,0.00000,0,0.00000,0,0.00000,0,0.00000,0,0.00000,0,0.00000,0,0.00000,0,0.00000,0,0.00000,0,0.00000,0,0.00000,32,0.00003,0,0.00000,0,0.00000
Luteibacter anthropi,564369,S,0,0.00000,0,0.00000,0,0.00000,0,0.00000,0,0.00000,0,0.00000,0,0.00000,0,0.00000,0,0.00000,0,0.00000,0,0.00000,32,0.00003,0,0.00000,0,0.00000
Mycobacterium sp. Aquia_216,2991729,S,0,0.00000,0,0.00000,0,0.00000,0,0.00000,0,0.00000,0,0.00000,0,0.00000,0,0.00000,0,0.00000,0,0.00000,0,0.00000,31,0.00003,0,0.00000,0,0.00000
Microbacterium sp. ProA8,3153754,S,0,0.00000,0,0.00000,0,0.00000,0,0.00000,0,0.00000,0,0.00000,0,0.00000,0,0.00000,0,0.00000,0,0.00000,0,0.00000,31,0.00003,0,0.00000,0,0.00000
Microbacterium invictum,515415,S,0,0.00000,0,0.00000,0,0.00000,0,0.00000,0,0.00000,0,0.00000,0,0.00000,0,0.00000,0,0.00000,0,0.00000,0,0.00000,31,0.00003,0,0.00000,0,0.00000
Nitratireductor sp. OM-1,1756988,S,0,0.00000,0,0.00000,0,0.00000,0,0.00000,0,0.00000,0,0.00000,0,0.00000,0,0.00000,0,0.00000,0,0.00000,0,0.00000,31,0.00003,0,0.00000,0,0.00000
Devosia sp. SL43,2806348,S,0,0.00000,0,0.00000,0,0.00000,0,0.00000,0,0.00000,0,0.00000,0,0.00000,0,0.00000,0,0.00000,0,0.00000,0,0.00000,31,0.00003,0,0.00000,0,0.00000
Streptomyces sp. NBC_00019,2975623,S,0,0.00000,0,0.00000,0,0.00000,0,0.00000,0,0.00000,0,0.00000,0,0.00000,0,0.00000,0,0.00000,0,0.00000,0,0.00000,30,0.00003,0,0.00000,0,0.00000
Paenibacillus sp. FSL K6-3182,2921495,S,0,0.00000,0,0.00000,0,0.00000,0,0.00000,0,0.00000,0,0.00000,0,0.00000,0,0.00000,0,0.00000,0,0.00000,0,0.00000,30,0.00003,0,0.00000,0,0.00000
Limnohabitans sp. 63ED37-2,1678128,S,0,0.00000,0,0.00000,0,0.00000,0,0.00000,0,0.00000,0,0.00000,0,0.00000,0,0.00000,0,0.00000,0,0.00000,0,0.00000,30,0.00003,0,0.00000,0,0.00000
Pseudomonas pohangensis,364197,S,0,0.00000,0,0.00000,0,0.00000,0,0.00000,0,0.00000,0,0.00000,0,0.00000,0,0.00000,0,0.00000,0,0.00000,0,0.00000,30,0.00003,0,0.00000,0,0.00000
Xanthomonas dyei,743699,S,0,0.00000,0,0.00000,0,0.00000,0,0.00000,0,0.00000,0,0.00000,0,0.00000,0,0.00000,0,0.00000,0,0.00000,0,0.00000,30,0.00003,0,0.00000,0,0.00000
Rhodoferax sp. AJA081-3,2752316,S,0,0.00000,0,0.00000,0,0.00000,0,0.00000,0,0.00000,0,0.00000,0,0.00000,0,0.00000,0,0.00000,0,0.00000,0,0.00000,29,0.00003,0,0.00000,0,0.00000
Ottowia oryzae,2109914,S,0,0.00000,0,0.00000,0,0.00000,0,0.00000,0,0.00000,0,0.00000,0,0.00000,0,0.00000,0,0.00000,0,0.00000,0,0.00000,29,0.00003,0,0.00000,0,0.00000
Pseudomonas sp. Lz4W,1206777,S,0,0.00000,0,0.00000,0,0.00000,0,0.00000,0,0.00000,0,0.00000,0,0.00000,0,0.00000,0,0.00000,0,0.00000,0,0.00000,29,0.00003,0,0.00000,0,0.00000
Pseudomonas viridiflava,33069,S,0,0.00000,0,0.00000,0,0.00000,0,0.00000,0,0.00000,0,0.00000,0,0.00000,0,0.00000,0,0.00000,0,0.00000,0,0.00000,29,0.00003,0,0.00000,0,0.00000
Solidesulfovibrio carbinoliphilus,345370,S,0,0.00000,0,0.00000,0,0.00000,0,0.00000,0,0.00000,0,0.00000,0,0.00000,0,0.00000,0,0.00000,0,0.00000,0,0.00000,29,0.00003,0,0.00000,0,0.00000
Mycobacterium paraseoulense,590652,S,0,0.00000,0,0.00000,0,0.00000,0,0.00000,0,0.00000,0,0.00000,0,0.00000,0,0.00000,0,0.00000,0,0.00000,0,0.00000,28,0.00003,0,0.00000,0,0.00000
Microbacterium sp. zg-B185,3049070,S,0,0.00000,0,0.00000,0,0.00000,0,0.00000,0,0.00000,0,0.00000,0,0.00000,0,0.00000,0,0.00000,0,0.00000,0,0.00000,28,0.00003,0,0.00000,0,0.00000
Arthrobacter sulfonylureivorans,2486855,S,0,0.00000,0,0.00000,0,0.00000,0,0.00000,0,0.00000,0,0.00000,0,0.00000,0,0.00000,0,0.00000,0,0.00000,0,0.00000,28,0.00003,0,0.00000,0,0.00000
Paenibacillus elgii,189691,S,0,0.00000,0,0.00000,0,0.00000,0,0.00000,0,0.00000,0,0.00000,0,0.00000,0,0.00000,0,0.00000,0,0.00000,0,0.00000,28,0.00003,0,0.00000,0,0.00000
Pandoraea faecigallinarum,656179,S,0,0.00000,0,0.00000,0,0.00000,0,0.00000,0,0.00000,0,0.00000,0,0.00000,0,0.00000,0,0.00000,0,0.00000,0,0.00000,28,0.00003,0,0.00000,0,0.00000
Pseudomonas sp. StFLB209,1028989,S,0,0.00000,0,0.00000,0,0.00000,0,0.00000,0,0.00000,0,0.00000,0,0.00000,0,0.00000,0,0.00000,0,0.00000,0,0.00000,28,0.00003,0,0.00000,0,0.00000
Blastopirellula sp. J2-11,2943192,S,0,0.00000,0,0.00000,0,0.00000,0,0.00000,0,0.00000,0,0.00000,0,0.00000,0,0.00000,0,0.00000,0,0.00000,0,0.00000,28,0.00003,0,0.00000,0,0.00000
Agreia sp. COWG,2773266,S,0,0.00000,0,0.00000,0,0.00000,0,0.00000,0,0.00000,0,0.00000,0,0.00000,0,0.00000,0,0.00000,0,0.00000,0,0.00000,27,0.00003,0,0.00000,0,0.00000
Clostridium intestinale,36845,S,0,0.00000,0,0.00000,0,0.00000,0,0.00000,0,0.00000,0,0.00000,0,0.00000,0,0.00000,0,0.00000,0,0.00000,0,0.00000,27,0.00003,0,0.00000,0,0.00000
Sphingomonas psychrotolerans,1327635,S,0,0.00000,0,0.00000,0,0.00000,0,0.00000,0,0.00000,0,0.00000,0,0.00000,0,0.00000,0,0.00000,0,0.00000,0,0.00000,27,0.00003,0,0.00000,0,0.00000
Variovorax sp. PAMC26660,2762322,S,0,0.00000,0,0.00000,0,0.00000,0,0.00000,0,0.00000,0,0.00000,0,0.00000,0,0.00000,0,0.00000,0,0.00000,0,0.00000,27,0.00003,0,0.00000,0,0.00000
Comamonas sp. GB3 AK4-5,3231487,S,0,0.00000,0,0.00000,0,0.00000,0,0.00000,0,0.00000,0,0.00000,0,0.00000,0,0.00000,0,0.00000,0,0.00000,0,0.00000,27,0.00003,0,0.00000,0,0.00000
Comamonas sp. B21-038,2918299,S,0,0.00000,0,0.00000,0,0.00000,0,0.00000,0,0.00000,0,0.00000,0,0.00000,0,0.00000,0,0.00000,0,0.00000,0,0.00000,27,0.00003,0,0.00000,0,0.00000
Kerstersia gyiorum,206506,S,0,0.00000,0,0.00000,0,0.00000,0,0.00000,0,0.00000,0,0.00000,0,0.00000,0,0.00000,0,0.00000,0,0.00000,0,0.00000,27,0.00003,0,0.00000,0,0.00000
Pandoraea fibrosis,1891094,S,0,0.00000,0,0.00000,0,0.00000,0,0.00000,0,0.00000,0,0.00000,0,0.00000,0,0.00000,0,0.00000,0,0.00000,0,0.00000,27,0.00003,0,0.00000,0,0.00000
Halopseudomonas xinjiangensis,487184,S,0,0.00000,0,0.00000,0,0.00000,0,0.00000,0,0.00000,0,0.00000,0,0.00000,0,0.00000,0,0.00000,0,0.00000,0,0.00000,27,0.00003,0,0.00000,0,0.00000
Halopseudomonas sp. SMJS2,3041098,S,0,0.00000,0,0.00000,0,0.00000,0,0.00000,0,0.00000,0,0.00000,0,0.00000,0,0.00000,0,0.00000,0,0.00000,0,0.00000,27,0.00003,0,0.00000,0,0.00000
Diaminobutyricibacter sp. McL0608,3143537,S,0,0.00000,0,0.00000,0,0.00000,0,0.00000,0,0.00000,0,0.00000,0,0.00000,0,0.00000,0,0.00000,0,0.00000,0,0.00000,26,0.00002,0,0.00000,0,0.00000
Paenibacillus sp. FSL H8-0548,1920422,S,0,0.00000,0,0.00000,0,0.00000,0,0.00000,0,0.00000,0,0.00000,0,0.00000,0,0.00000,0,0.00000,0,0.00000,0,0.00000,26,0.00002,0,0.00000,0,0.00000
Devosia beringensis,2657486,S,0,0.00000,0,0.00000,0,0.00000,0,0.00000,0,0.00000,0,0.00000,0,0.00000,0,0.00000,0,0.00000,0,0.00000,0,0.00000,26,0.00002,0,0.00000,0,0.00000
Sphingomonas donggukensis,2949093,S,0,0.00000,0,0.00000,0,0.00000,0,0.00000,0,0.00000,0,0.00000,0,0.00000,0,0.00000,0,0.00000,0,0.00000,0,0.00000,26,0.00002,0,0.00000,0,0.00000
Rhodoferax sp. PAMC 29310,2822760,S,0,0.00000,0,0.00000,0,0.00000,0,0.00000,0,0.00000,0,0.00000,0,0.00000,0,0.00000,0,0.00000,0,0.00000,0,0.00000,26,0.00002,0,0.00000,0,0.00000
Rhodoferax antarcticus,81479,S,0,0.00000,0,0.00000,0,0.00000,0,0.00000,0,0.00000,0,0.00000,0,0.00000,0,0.00000,0,0.00000,0,0.00000,0,0.00000,26,0.00002,0,0.00000,0,0.00000
Inhella inkyongensis,392593,S,0,0.00000,0,0.00000,0,0.00000,0,0.00000,0,0.00000,0,0.00000,0,0.00000,0,0.00000,0,0.00000,0,0.00000,0,0.00000,26,0.00002,0,0.00000,0,0.00000
Pseudomonas cavernae,2320867,S,0,0.00000,0,0.00000,0,0.00000,0,0.00000,0,0.00000,0,0.00000,0,0.00000,0,0.00000,0,0.00000,0,0.00000,0,0.00000,26,0.00002,0,0.00000,0,0.00000
Geothrix oryzae,2927975,S,0,0.00000,0,0.00000,0,0.00000,0,0.00000,0,0.00000,0,0.00000,0,0.00000,0,0.00000,0,0.00000,0,0.00000,0,0.00000,26,0.00002,0,0.00000,0,0.00000
Mycobacterium malmoense,1780,S,0,0.00000,0,0.00000,0,0.00000,0,0.00000,0,0.00000,0,0.00000,0,0.00000,0,0.00000,0,0.00000,0,0.00000,0,0.00000,25,0.00002,0,0.00000,0,0.00000
Paenibacillus spongiae,2909671,S,0,0.00000,0,0.00000,0,0.00000,0,0.00000,0,0.00000,0,0.00000,0,0.00000,0,0.00000,0,0.00000,0,0.00000,0,0.00000,25,0.00002,0,0.00000,0,0.00000
Comamonas odontotermitis,379895,S,0,0.00000,0,0.00000,0,0.00000,0,0.00000,0,0.00000,0,0.00000,0,0.00000,0,0.00000,0,0.00000,0,0.00000,0,0.00000,25,0.00002,0,0.00000,0,0.00000
uncultured Hydrogenophaga sp.,199683,S,0,0.00000,0,0.00000,0,0.00000,0,0.00000,0,0.00000,0,0.00000,0,0.00000,0,0.00000,0,0.00000,0,0.00000,0,0.00000,25,0.00002,0,0.00000,0,0.00000
Luteibacter flocculans,2780091,S,0,0.00000,0,0.00000,0,0.00000,0,0.00000,0,0.00000,0,0.00000,0,0.00000,0,0.00000,0,0.00000,0,0.00000,0,0.00000,25,0.00002,0,0.00000,0,0.00000
Legionella antarctica,2708020,S,0,0.00000,0,0.00000,0,0.00000,0,0.00000,0,0.00000,0,0.00000,0,0.00000,0,0.00000,0,0.00000,0,0.00000,0,0.00000,25,0.00002,0,0.00000,0,0.00000
Mycobacterium sp. SMC-2,2857058,S,0,0.00000,0,0.00000,0,0.00000,0,0.00000,0,0.00000,0,0.00000,0,0.00000,0,0.00000,0,0.00000,0,0.00000,0,0.00000,24,0.00002,0,0.00000,0,0.00000
Mycobacterium colombiense,339268,S,0,0.00000,0,0.00000,0,0.00000,0,0.00000,0,0.00000,0,0.00000,0,0.00000,0,0.00000,0,0.00000,0,0.00000,0,0.00000,24,0.00002,0,0.00000,0,0.00000
Sandaracinobacteroides saxicola,2759707,S,0,0.00000,0,0.00000,0,0.00000,0,0.00000,0,0.00000,0,0.00000,0,0.00000,0,0.00000,0,0.00000,0,0.00000,0,0.00000,24,0.00002,0,0.00000,0,0.00000
Pararhodospirillum photometricum,1084,S,0,0.00000,0,0.00000,0,0.00000,0,0.00000,0,0.00000,0,0.00000,0,0.00000,0,0.00000,0,0.00000,0,0.00000,0,0.00000,24,0.00002,0,0.00000,0,0.00000
Rhodoferax saidenbachensis,1484693,S,0,0.00000,0,0.00000,0,0.00000,0,0.00000,0,0.00000,0,0.00000,0,0.00000,0,0.00000,0,0.00000,0,0.00000,0,0.00000,24,0.00002,0,0.00000,0,0.00000
Vogesella sp. XCS3,2877939,S,0,0.00000,0,0.00000,0,0.00000,0,0.00000,0,0.00000,0,0.00000,0,0.00000,0,0.00000,0,0.00000,0,0.00000,0,0.00000,24,0.00002,0,0.00000,0,0.00000
Paenibacillus sp. sptzw28,715179,S,0,0.00000,0,0.00000,0,0.00000,0,0.00000,0,0.00000,0,0.00000,0,0.00000,0,0.00000,0,0.00000,0,0.00000,0,0.00000,23,0.00002,0,0.00000,0,0.00000
Caldilinea aerophila,133453,S,0,0.00000,0,0.00000,0,0.00000,0,0.00000,0,0.00000,0,0.00000,0,0.00000,0,0.00000,0,0.00000,0,0.00000,0,0.00000,23,0.00002,0,0.00000,0,0.00000
Devosia neptuniae,191302,S,0,0.00000,0,0.00000,0,0.00000,0,0.00000,0,0.00000,0,0.00000,0,0.00000,0,0.00000,0,0.00000,0,0.00000,0,0.00000,23,0.00002,0,0.00000,0,0.00000
Pseudomonas vanderleydeniana,2745495,S,0,0.00000,0,0.00000,0,0.00000,0,0.00000,0,0.00000,0,0.00000,0,0.00000,0,0.00000,0,0.00000,0,0.00000,0,0.00000,23,0.00002,0,0.00000,0,0.00000
Ralstonia wenshanensis,2842456,S,0,0.00000,0,0.00000,0,0.00000,0,0.00000,0,0.00000,0,0.00000,0,0.00000,0,0.00000,0,0.00000,0,0.00000,0,0.00000,22,0.00002,0,0.00000,0,0.00000
Alcanivorax sp.,1872427,S,0,0.00000,0,0.00000,0,0.00000,0,0.00000,0,0.00000,0,0.00000,0,0.00000,0,0.00000,0,0.00000,0,0.00000,0,0.00000,22,0.00002,0,0.00000,0,0.00000
Mycobacterium shinjukuense,398694,S,0,0.00000,0,0.00000,0,0.00000,0,0.00000,0,0.00000,0,0.00000,0,0.00000,0,0.00000,0,0.00000,0,0.00000,0,0.00000,21,0.00002,0,0.00000,0,0.00000
Mesorhizobium sp. NBSH29,2654249,S,0,0.00000,0,0.00000,0,0.00000,0,0.00000,0,0.00000,0,0.00000,0,0.00000,0,0.00000,0,0.00000,0,0.00000,0,0.00000,21,0.00002,0,0.00000,0,0.00000
Stakelama saccharophila,3075605,S,0,0.00000,0,0.00000,0,0.00000,0,0.00000,0,0.00000,0,0.00000,0,0.00000,0,0.00000,0,0.00000,0,0.00000,0,0.00000,21,0.00002,0,0.00000,0,0.00000
Comamonas piscis,1562974,S,0,0.00000,0,0.00000,0,0.00000,0,0.00000,0,0.00000,0,0.00000,0,0.00000,0,0.00000,0,0.00000,0,0.00000,0,0.00000,21,0.00002,0,0.00000,0,0.00000
Pseudomonas sp. M30-35,1981174,S,0,0.00000,0,0.00000,0,0.00000,0,0.00000,0,0.00000,0,0.00000,0,0.00000,0,0.00000,0,0.00000,0,0.00000,0,0.00000,21,0.00002,0,0.00000,0,0.00000
Pseudomonas sp. DTU_2021_1001937_2_SI_NGA_ILE_001,3077589,S,0,0.00000,0,0.00000,0,0.00000,0,0.00000,0,0.00000,0,0.00000,0,0.00000,0,0.00000,0,0.00000,0,0.00000,0,0.00000,21,0.00002,0,0.00000,0,0.00000
Dyella sp. M7H15-1,2501295,S,0,0.00000,0,0.00000,0,0.00000,0,0.00000,0,0.00000,0,0.00000,0,0.00000,0,0.00000,0,0.00000,0,0.00000,0,0.00000,21,0.00002,0,0.00000,0,0.00000
Hydrogenophaga crassostreae,1763535,S,0,0.00000,0,0.00000,0,0.00000,0,0.00000,0,0.00000,0,0.00000,0,0.00000,0,0.00000,0,0.00000,0,0.00000,0,0.00000,20,0.00002,0,0.00000,0,0.00000
Hylemonella gracilis,80880,S,0,0.00000,0,0.00000,0,0.00000,0,0.00000,0,0.00000,0,0.00000,0,0.00000,0,0.00000,0,0.00000,0,0.00000,0,0.00000,20,0.00002,0,0.00000,0,0.00000
Advenella kashmirensis,310575,S,0,0.00000,0,0.00000,0,0.00000,0,0.00000,0,0.00000,0,0.00000,0,0.00000,0,0.00000,0,0.00000,0,0.00000,0,0.00000,20,0.00002,0,0.00000,0,0.00000
Xanthomonas albilineans,29447,S,0,0.00000,0,0.00000,0,0.00000,0,0.00000,0,0.00000,0,0.00000,0,0.00000,0,0.00000,0,0.00000,0,0.00000,0,0.00000,20,0.00002,0,0.00000,0,0.00000
Desulfuromonas soudanensis,1603606,S,0,0.00000,0,0.00000,0,0.00000,0,0.00000,0,0.00000,0,0.00000,0,0.00000,0,0.00000,0,0.00000,0,0.00000,0,0.00000,20,0.00002,0,0.00000,0,0.00000
Antiquaquibacter oligotrophicus,2880260,S,0,0.00000,0,0.00000,0,0.00000,0,0.00000,0,0.00000,0,0.00000,0,0.00000,0,0.00000,0,0.00000,0,0.00000,0,0.00000,19,0.00002,0,0.00000,0,0.00000
Devosia rhizoryzae,2774137,S,0,0.00000,0,0.00000,0,0.00000,0,0.00000,0,0.00000,0,0.00000,0,0.00000,0,0.00000,0,0.00000,0,0.00000,0,0.00000,19,0.00002,0,0.00000,0,0.00000
Vandammella animalimorsus,2029117,S,0,0.00000,0,0.00000,0,0.00000,0,0.00000,0,0.00000,0,0.00000,0,0.00000,0,0.00000,0,0.00000,0,0.00000,0,0.00000,19,0.00002,0,0.00000,0,0.00000
Pandoraea norimbergensis,93219,S,0,0.00000,0,0.00000,0,0.00000,0,0.00000,0,0.00000,0,0.00000,0,0.00000,0,0.00000,0,0.00000,0,0.00000,0,0.00000,19,0.00002,0,0.00000,0,0.00000
Candidatus Nitrosotalea okcheonensis,1903276,S,0,0.00000,0,0.00000,0,0.00000,0,0.00000,0,0.00000,0,0.00000,0,0.00000,0,0.00000,0,0.00000,0,0.00000,0,0.00000,19,0.00002,0,0.00000,0,0.00000
Bythopirellula goksoeyrii,1400387,S,0,0.00000,0,0.00000,0,0.00000,0,0.00000,0,0.00000,0,0.00000,0,0.00000,0,0.00000,0,0.00000,0,0.00000,0,0.00000,17,0.00002,0,0.00000,0,0.00000
Roseimaritima ulvae,980254,S,0,0.00000,0,0.00000,0,0.00000,0,0.00000,0,0.00000,0,0.00000,0,0.00000,0,0.00000,0,0.00000,0,0.00000,0,0.00000,17,0.00002,0,0.00000,0,0.00000
Achromobacter seleniivolatilans,3047478,S,0,0.00000,0,0.00000,0,0.00000,0,0.00000,0,0.00000,0,0.00000,0,0.00000,0,0.00000,0,0.00000,0,0.00000,0,0.00000,16,0.00001,0,0.00000,0,0.00000
Ktedonosporobacter rubrisoli,2509675,S,0,0.00000,0,0.00000,0,0.00000,0,0.00000,0,0.00000,0,0.00000,0,0.00000,0,0.00000,0,0.00000,0,0.00000,0,0.00000,15,0.00001,0,0.00000,0,0.00000
Gimibacter soli,3024400,S,0,0.00000,0,0.00000,0,0.00000,0,0.00000,0,0.00000,0,0.00000,0,0.00000,0,0.00000,0,0.00000,0,0.00000,0,0.00000,14,0.00001,0,0.00000,0,0.00000
Aminithiophilus ramosus,3029084,S,0,0.00000,0,0.00000,0,0.00000,0,0.00000,0,0.00000,0,0.00000,0,0.00000,0,0.00000,0,0.00000,0,0.00000,0,0.00000,12,0.00001,0,0.00000,0,0.00000
