,MS11679_kraken_2024-standard_conf0,MS11669_kraken_2024-standard_conf0,MS11774_kraken_2024-standard_conf0,MS11675_kraken_2024-standard_conf0,MS11683_kraken_2024-standard_conf0,MS11686_kraken_2024-standard_conf0,MS11673_kraken_2024-standard_conf0,MS11771_kraken_2024-standard_conf0,MS11775_kraken_2024-standard_conf0,MS11677_kraken_2024-standard_conf0,MS11670_kraken_2024-standard_conf0,MS11770_kraken_2024-standard_conf0,MS11676_kraken_2024-standard_conf0,MS11674_kraken_2024-standard_conf0,MS11684_kraken_2024-standard_conf0,MS11678_kraken_2024-standard_conf0
Canis_familiaris,0.9053819589436285,0.1557121015490037,0.4108385245694847,0.9459293979379174,0.9045428198300212,0.5414889737891977,0.07502287442806818,0.42050941374411627,0.8297253478501261,0.6111936502706484,0.19618462092271272,0.18401523925102833,0.18183681095063856,0.08018667292330277,0.3318311141782,0.11089953799298309
Homo_sapiens,0.0,0.0,0.0,0.0,0.0,0.0,0.0,0.0,0.0,0.0,0.0,0.0,0.0,0.0,0.0,0.0
Sediment,0.06550477602580726,0.8148761395646799,0.5597497165439366,0.0,0.06604542128410607,0.42909926732466314,0.8955653666856435,0.5526102611306187,0.0,0.35939459084242736,0.7744036201921601,0.7865730018622727,0.7887514301638527,0.8904015681905522,0.6387571269358173,0.4169769715188863
unknown,0.029113265030564356,0.029411758886316485,0.02941175888657874,0.054070602062082584,0.02941175888587273,0.02941175888613909,0.029411758886288327,0.026880325125264927,0.17027465214987386,0.029411758886924183,0.029411758885127173,0.029411758886698867,0.029411758885508687,0.02941175888614496,0.029411758885982714,0.47212349048813057
