clade_name	MS11669_jun23_nreads	MS11670_jun23_nreads	MS11673_jun23_nreads	MS11674_jun23_nreads	MS11675_jun23_nreads	MS11676_jun23_nreads	MS11677_jun23_nreads	MS11678_jun23_nreads	MS11679_jun23_nreads	MS11683_jun23_nreads	MS11684_jun23_nreads	MS11686_jun23_nreads	MS11770_jun23_nreads	MS11771_jun23_nreads	MS11774_jun23_nreads	MS11775_jun23_nreads
s__Arcobacter_caeni	38.988	1.55522	0.0	0.0	0.0	0.01495	0.0	0.0	0.0	0.0	0.0	0.0	0.0	0.0	0.0068	0.0
s__GGB32963_SGB54433	7.11294	0.57377	1.47541	0.32333	0.18202	0.10256	0.19382	0.23977	0.21724	0.25156	0.33262	0.26078	0.92897	0.35243	0.30326	0.03448
s__GGB16996_SGB25597	5.79277	1.72482	12.90976	3.91567	4.12408	2.31953	7.9585	4.10327	2.22235	0.02132	0.0	11.98606	1.20296	0.25084	0.56645	1.47494
s__Clostridium_perfringens	2.88174	8.55808	1.94756	10.39011	4.38435	1.75699	10.4195	2.27821	9.57997	8.59426	0.84127	2.66267	1.32689	1.31952	2.84915	3.34841
s__Oerskovia_enterophila	2.58902	0.0	0.95142	0.0	3.28594	0.01333	1.30801	0.0	1.23139	0.61543	0.07251	0.0	4.39963	0.0	0.04566	0.08718
s__Myroides_guanonis	2.51319	0.06384	0.0	0.0	0.39549	0.08927	0.0	0.0	0.19648	0.0	0.0	0.0	0.0	0.14099	0.03888	0.00155
s__GGB91291_SGB134920	2.16907	2.77925	7.61974	0.58661	0.60991	0.15774	0.5838	0.45637	2.21514	3.62179	2.93399	1.72612	3.2891	0.42923	0.48674	0.24302
s__GGB93439_SGB131938	2.04558	0.45511	3.70726	0.48708	0.49951	0.32756	2.33285	0.1558	0.06994	0.6718	0.20651	0.03157	9.72472	0.87622	0.74946	0.14992
s__GGB91375_SGB134870	1.71047	1.48198	1.56949	0.09445	0.47704	0.06484	0.2185	0.47468	1.50908	11.2627	0.77408	0.29318	3.47262	0.22765	0.8813	0.13911
s__Rhodococcus_qingshengii	1.70835	0.0	0.0	0.0	0.51974	0.0	0.0	0.00433	0.34431	0.19593	0.04939	0.0	0.19791	0.07277	0.0	0.00527
s__GGB91399_SGB134831	1.53353	0.95123	6.59122	0.46275	0.2584	0.15857	0.23544	0.40031	0.41386	0.84417	0.72999	0.18326	3.81317	0.81566	0.55202	0.05088
s__GGB32963_SGB71265	1.44743	0.77901	2.3194	0.20891	0.25658	0.10839	0.25821	0.33131	0.44254	0.55279	0.55073	0.49515	1.55796	0.61958	0.44436	0.0842
s__GGB15815_SGB24062	1.41826	3.37111	6.9138	0.03581	0.06142	0.10403	0.12118	0.6941	0.12182	0.22459	0.19888	0.12737	0.11934	0.15034	0.26679	0.20211
s__Sporosarcina_sp_ZBG7A	1.39895	0.0	0.0	0.0	0.00352	0.2839	0.0	0.0	0.0	0.0	0.15687	0.0	0.0	0.19135	0.0	0.0
s__Sphingopyxis_witflariensis	1.32075	0.0	0.0	0.0	0.00465	0.01393	0.0	0.0	0.0	0.0	0.0	0.00736	0.05809	0.0	0.0	0.0
s__Arthrobacter_luteolus	1.21965	0.0	0.0	0.0	0.13164	0.0	0.0	0.0	0.0	0.0	0.0	0.0	0.0	0.02751	0.0	0.0075
s__Comamonas_SGB88312	1.16255	0.0	0.0	0.0	0.23506	0.49647	0.0	0.0	0.08166	0.0	0.0	0.0	1.92559	0.07649	0.05705	0.0
s__Psychrobacillus_faecigallinarum	0.90278	0.0	0.0	0.0	0.27735	0.08389	0.0	0.0	0.07257	0.14741	0.69429	0.2446	0.09975	0.62522	0.0	0.00389
s__Rhodococcus_globerulus	0.78027	0.0	0.0	0.0	0.34968	0.0	0.0	0.01925	0.0	0.0	0.0	0.0	0.12887	0.0	0.0	0.00281
s__Eubacterium_tenue	0.77954	7.47181	1.1748	2.67884	1.34181	3.42758	1.79038	1.49342	1.1035	0.84791	0.08756	0.84957	1.51352	0.77983	1.20206	0.51362
s__Betaproteobacteria_bacterium_SCGC_AG_212_J23	0.70646	0.138	1.26102	0.03442	0.06256	0.04516	0.09697	0.21897	0.15542	0.43007	0.17887	0.05809	0.72955	0.08333	0.16603	0.00777
s__GGB34943_SGB57189	0.62619	0.32307	1.03691	0.05177	0.10185	0.03197	0.12772	0.26341	0.33489	0.75456	0.34029	0.09555	0.85481	0.11243	0.21586	0.0188
s__GGB91384_SGB134809	0.62263	0.17388	1.11697	0.05567	0.08819	0.02159	0.06736	0.18366	0.27467	0.73916	0.34023	0.08043	0.87745	0.13147	0.17814	0.01166
s__Rhodococcus_sp_OK519	0.60507	0.0	0.0	0.0	0.02054	0.0	0.0	0.0	0.02432	0.00935	0.06531	0.0	0.00723	0.0	0.0	0.0
s__GGB91392_SGB134812	0.60244	0.22054	1.05409	0.07481	0.07978	0.02149	0.08478	0.1621	0.19795	0.56885	0.33951	0.07961	0.71847	0.11786	0.16297	0.01131
s__Pseudoxanthomonas_yeongjuensis	0.60118	0.0	0.0	0.0	0.00404	0.00069	0.26581	0.63345	0.18187	0.11853	0.0	0.0	0.0	0.00738	0.19125	0.0
s__GGB8467_SGB13173	0.58143	0.24716	0.95279	0.05651	0.07477	0.01823	0.10711	0.19544	0.27085	0.86134	0.31197	0.069	0.71952	0.07944	0.1428	0.02011
s__Stenotrophomonas_rhizophila	0.53986	0.0	0.0	0.0	0.01852	0.0	0.0	0.26356	0.08068	0.0	0.82824	0.0	1.18581	22.3648	0.0	0.0
s__Bifidobacterium_longum	0.53568	0.0	0.0	0.0	0.0	0.0	0.0	0.0	0.0	0.0	0.0	0.0	0.0	0.0	0.0	0.0
s__Sphingomonas_sp_KC8	0.51906	0.0	0.0	0.0	0.0	0.0	0.0	0.0	0.0	0.0	0.0	0.0	0.0	0.0	0.0	0.0
s__GGB93539_SGB132226	0.48767	0.28512	0.0	0.12317	0.09502	0.01702	0.02394	0.19543	0.02937	0.0171	0.12292	0.07434	0.16035	0.01345	0.05905	0.03839
s__GGB91402_SGB134821	0.4494	0.19898	0.65518	0.05951	0.06617	0.01881	0.08254	0.20024	0.25623	0.57084	0.37261	0.06949	0.46416	0.05985	0.14633	0.01327
s__Nitrospira_sp_SCGC_AG_212_E16	0.44072	0.22542	0.39919	0.0	0.04255	0.01321	0.10631	0.08234	0.03434	0.05203	0.07869	0.03566	0.31877	0.11362	0.16256	0.00549
s__Aliarcobacter_butzleri	0.42681	0.0	0.0	0.0	0.0	0.0	0.0	0.0	0.0	0.0	0.0	0.0	0.0	0.0	0.0	0.0
s__Brevundimonas_terrae	0.404	0.0	0.0	0.0	0.1621	0.0102	0.0	0.0	0.26003	0.13397	0.40325	0.09085	0.21984	0.34069	0.04376	0.0
s__Fusobacterium_perfoetens	0.39587	0.21554	5.31367	8.51156	10.74426	10.72974	8.29919	5.40214	3.65095	4.27647	8.57535	12.56059	2.74566	0.53712	13.26174	4.70375
s__Pedobacter_arcticus	0.39037	0.23865	0.0	0.0	0.0	0.03045	0.04211	0.04747	0.0	0.0	0.0	0.0	0.0	0.0	0.00421	0.00213
s__Brevundimonas_bullata	0.38654	0.0	0.0	0.0	0.0	0.0	0.0	0.0	0.0	0.0	0.0	0.05897	0.43973	2.45664	0.0	0.0
s__Brucella_thiophenivorans	0.36841	0.0	0.0	0.0	0.0	0.0	0.0	0.0	0.0	0.0	0.0	0.0	0.0	0.0	0.0	0.0
s__Staphylococcus_equorum	0.36688	0.01662	0.0	2.0301	0.0	0.66081	0.14697	0.49001	0.0	0.0	0.06721	0.0	0.01782	0.05848	0.0	0.08632
s__GGB38784_SGB73422	0.32941	0.50173	0.36973	0.36743	0.03569	0.02013	0.0	0.0587	0.00658	0.03538	0.00504	0.00556	0.0881	0.0	0.03411	0.03296
s__Arcobacter_suis	0.32047	0.0	0.0	0.0	0.0	0.0	0.0	0.0	0.0	0.0	0.0	0.0	0.0	0.0	0.0	0.0
s__Clostridium_moniliforme	0.31377	2.7088	0.90693	3.43607	1.03856	0.14617	0.84912	0.07527	1.42722	1.57494	1.04419	9.4281	0.0	1.21754	0.51383	0.52971
s__GGB63470_SGB85778	0.2837	0.14014	0.43335	0.0222	0.05373	0.02496	0.07719	0.05262	0.01383	0.0329	0.07701	0.04506	0.16943	0.08023	0.0532	0.00591
s__GGB14621_SGB22159	0.27123	0.14743	0.34142	0.0	0.04614	0.01653	0.05075	0.05012	0.04098	0.05338	0.0564	0.04609	0.19014	0.07087	0.06585	0.00859
s__Nocardioides_soli	0.25954	0.0	0.0	0.0	0.0	0.0	0.0	0.00773	0.30265	0.10106	0.0	0.04343	0.0	0.0	0.0	0.0
s__GGB91395_SGB134845	0.24966	0.10018	0.45753	0.03693	0.03106	0.01158	0.04783	0.09674	0.10851	0.31898	0.12716	0.03334	0.33643	0.03937	0.07463	0.00607
s__GGB73405_SGB57195	0.24883	0.0918	0.52777	0.01196	0.03744	0.00933	0.05015	0.11489	0.12499	0.2753	0.14751	0.06273	0.3702	0.03982	0.09063	0.00541
s__Mycolicibacterium_sp_YH_1	0.2461	0.0	0.0	0.0	0.0	0.0	0.0	0.0	0.0	0.0	0.0	0.0	0.02219	0.0	0.0	0.0
s__GGB4386_SGB6036	0.2307	0.76793	1.90281	1.37536	5.803	6.388	0.89355	0.53963	2.84087	3.94309	4.25801	2.81124	1.88548	0.21097	7.50507	3.61561
s__Paeniclostridium_sordellii	0.2274	3.32946	0.0	0.89676	0.07551	0.44313	0.0	0.03946	0.0	0.0	0.17557	0.59143	0.3751	0.21588	0.05327	0.02449
s__Alcaligenes_pakistanensis	0.22018	0.0	0.0	0.0	0.0039	0.0	0.0	0.0	0.30021	0.0	0.0	0.0	0.0	0.0	0.0	0.0
s__Pseudomonas_proteolytica	0.21324	0.0	0.0	0.0	0.00586	0.0	0.00592	0.0	0.0	0.0	0.0	0.0	0.0	1.2953	0.0	0.0
s__GGB91397_SGB134825	0.18636	0.08582	0.46047	0.08575	0.032	0.0107	0.0315	0.08693	0.10235	0.23542	0.14492	0.0558	0.28297	0.04038	0.06671	0.0074
s__Eoetvoesia_caeni	0.16774	0.0	0.0	0.0	0.0	0.0	0.0	0.0	0.00309	0.0	0.0	0.0	0.0	0.0	0.0	0.0
s__Streptomyces_rutgersensis	0.16699	0.0	0.0	0.0	0.0	0.0	0.0	0.0	0.38808	0.04382	0.0	0.11431	0.31042	0.03718	0.0	0.0
s__Fusobacterium_SGB6028	0.16046	0.22231	0.80393	0.83927	2.6084	3.38524	1.30242	1.15583	1.03336	1.7062	7.77844	2.81268	1.45345	0.31284	4.29602	0.97832
s__Micromonospora_peucetia	0.15945	0.0	0.39246	0.0	0.01663	0.24253	0.14922	0.35524	0.9751	0.65303	0.0301	0.0	0.33373	0.05124	0.07206	0.0
s__GGB32910_SGB85772	0.15235	0.03868	3.58882	0.01492	0.1925	0.11767	0.07607	0.0	0.19809	0.10658	0.21072	0.27377	0.0	0.0	0.0	0.0
s__Rhodospirillaceae_bacterium_SYSU_D60009	0.14815	0.07976	0.14952	0.01386	0.00455	0.02017	0.04158	0.0	0.0	0.01839	0.0	0.0	0.04111	0.0	0.03519	0.00245
s__Romboutsia_hominis	0.14233	2.94482	1.5853	7.11346	1.25266	1.0797	0.40199	0.35965	0.3955	0.35533	0.26577	0.33628	1.19105	0.47645	0.46335	0.17938
s__Arcobacter_ellisii	0.14064	0.0	0.0	0.0	0.0	0.0	0.0	0.0	0.0	0.0	0.0	0.0	0.0	0.0	0.0	0.0
s__GGB48227_SGB66234	0.13604	0.01158	0.5791	0.8149	0.0	0.52345	0.0	0.0	0.0	0.0	0.0	0.0	0.0	0.0	0.0	0.0
s__GGB78298_SGB107406	0.12988	0.09198	0.60442	0.01661	0.01347	0.00591	0.00819	0.01495	0.03155	0.04425	0.03229	0.02872	0.04976	0.00986	0.01433	0.00867
s__GGB52660_SGB131926	0.12767	0.0	0.30024	0.0	0.02451	0.00799	0.05946	0.00092	0.0	0.05474	0.0	0.0	0.12727	0.01116	0.01064	0.00536
s__GGB15820_SGB24072	0.12209	0.08598	0.526	0.03931	0.0132	0.00758	0.03451	0.0198	0.03114	0.05366	0.04678	0.03471	0.0917	0.02692	0.01689	0.0145
s__Arcobacter_venerupis	0.12053	0.0	0.0	0.0	0.0	0.0	0.0	0.0	0.0	0.0	0.0	0.0	0.0	0.0	0.0	0.0
s__Serratia_proteamaculans	0.12026	0.0	0.0	0.0	0.0	0.0	0.0	0.0	0.0	0.0	0.0	0.0	0.0	0.0	0.0	0.0
s__GGB15812_SGB24058	0.12001	0.06386	0.69731	0.0337	0.01556	0.0	0.0	0.0	0.0	0.0	0.0	0.0	0.0	0.0	0.0	0.0
s__Clostridium_thermobutyricum	0.11471	2.57136	0.20052	1.38997	2.78087	0.01617	4.98999	0.05987	0.8867	0.94789	5.42125	2.06335	1.76203	2.07035	0.90666	0.28461
s__GGB15819_SGB24071	0.11234	0.10041	0.38807	0.0	0.01196	0.00315	0.02131	0.00716	0.0262	0.04665	0.04094	0.0301	0.03971	0.00882	0.01554	0.00881
s__Desemzia_incerta	0.10372	0.0	0.0	0.0	0.0	0.11209	0.0	0.0	0.0	0.0	0.0	0.0	0.0	0.0	0.0	0.0
s__GGB15817_SGB24066	0.10368	0.07929	0.57106	0.05121	0.01086	0.00516	0.03701	0.02375	0.02083	0.04369	0.03881	0.03329	0.06013	0.01887	0.00902	0.00612
s__Mammaliicoccus_sciuri	0.10233	0.0	0.0	0.02394	0.10223	0.0	0.0	0.0	0.0	0.0	0.0	0.0	0.0	0.0	0.0	0.0
s__Clostridium_sp_Ade_TY	0.09452	0.53106	0.11139	1.20576	0.32078	0.10475	0.33279	0.05673	0.23107	0.17912	0.29909	0.08452	0.97013	0.15499	0.09718	0.14778
s__GGB61948_SGB84082	0.09282	0.10239	0.6638	0.0	0.00674	0.05073	0.21052	0.01383	0.0	0.0	0.0	0.0	0.14427	0.06314	0.04185	0.0053
s__GGB97290_SGB56134	0.09059	0.03038	0.37134	0.0	0.00476	0.0	0.0	0.0	0.0	0.0	0.0	0.0	0.0	0.0	0.0	0.0
s__Oerskovia_gallyi	0.08989	0.0	0.0	0.0	0.14122	0.0	0.0	0.0	2.76884	0.82012	0.00509	0.0	0.21912	0.0	0.00434	0.0
s__GGB36712_SGB24061	0.08982	0.06754	0.41253	0.02023	0.01404	0.01049	0.00946	0.00227	0.02405	0.02611	0.02382	0.01998	0.0535	0.01798	0.00676	0.00972
s__Clostridium_massiliamazoniense	0.08708	0.03058	0.0	0.8533	0.49529	0.0	0.67068	0.00097	0.2779	0.37421	0.21115	0.28201	0.34001	0.04895	0.26178	0.01
s__Sphingobacterium_sp_B16_2022	0.08524	0.0	0.0	0.0	0.12337	0.0	0.0	0.0	0.0	0.0	0.24088	0.0	0.08516	0.29834	0.0	0.0
s__GGB49350_SGB69252	0.08421	0.0	0.13387	0.0	0.01306	0.0021	0.0	0.0	0.0	0.0	0.0	0.0	0.08201	0.0	0.0	0.00137
s__Streptomyces_anulatus	0.07919	0.0	0.0	0.0	0.17203	0.0	0.0	0.0	0.0	0.0	0.10794	0.0	0.197	0.0	0.0	0.0
s__GGB49350_SGB131930	0.07547	0.0	0.05876	0.0	0.00713	0.0	0.0	0.0	0.0	0.00428	0.0	0.0	0.03581	0.0	0.0	0.0
s__GGB15812_SGB24059	0.07249	0.06725	0.37031	0.02398	0.00499	0.0	0.0	0.0	0.0	0.0	0.0	0.0	0.0	0.0	0.0	0.0
s__GGB33998_SGB56062	0.07176	0.0577	0.28388	0.0	0.00449	0.01137	0.0	0.00075	0.0	0.0	0.0	0.03905	0.04461	0.0172	0.00481	0.0
s__Alcaligenaceae_bacterium	0.07077	0.0	0.0	0.0	0.05528	0.0	0.0	0.0	0.0	0.0	0.0	0.0	0.0	0.0	0.0	0.00012
s__Stenotrophomonas_pictorum	0.07062	0.0	0.0	0.0	0.61514	0.0749	0.01288	0.00938	0.50724	0.03654	0.0	0.0	0.05269	0.91285	0.0679	0.01268
s__Hydrogenophaga_sp_2FB	0.07045	0.0	0.0	0.0	0.0	0.0	0.0	0.0	0.0	0.0	0.0	0.0	0.0	0.0	0.0	0.0
s__Sphingobacterium_hungaricum	0.07019	0.0	0.0	0.0	0.0	0.0	0.0	0.0	0.0	0.0	0.06176	0.0	0.0	0.01619	0.0	0.0
s__GGB44506_SGB61938	0.0676	0.00314	0.09966	0.0	0.00863	0.00326	0.0	0.02482	0.02222	0.08939	0.02711	0.00145	0.13253	0.01177	0.02903	0.00197
s__Arcobacter_acticola	0.0651	0.0	0.0	0.0	0.0	0.0	0.0	0.0	0.0	0.0	0.0	0.0	0.0	0.0	0.0	0.0
s__GGB96933_SGB136513	0.06337	0.0	0.0	0.0	0.0	0.0	0.0	0.0	0.0	0.0	0.0	0.0	0.0	0.0	0.0	0.0
s__GGB93435_SGB131913	0.06086	0.0	0.20106	0.0	0.00805	0.00229	0.00478	0.0	0.0	0.01074	0.0	0.0	0.02391	0.0	0.0	0.00054
s__Pollutimonas_subterranea	0.05984	0.0	0.0	0.0	0.0	0.0	0.0	0.0	0.0	0.0	0.0	0.0	0.0	0.0	0.0	0.0
s__Rhodococcus_sp_KBS0724	0.05938	0.0	0.0	0.0	0.15855	0.0	0.0	0.0	0.00092	0.0	0.0	0.0	0.0	0.0	0.0	0.0
s__GGB40651_SGB56143	0.05797	0.03652	0.29518	0.0	0.01067	0.0	0.00717	0.00809	0.01087	0.02453	0.01009	0.00703	0.06833	0.00973	0.00317	0.00349
s__GGB8463_SGB13169	0.05797	0.02685	0.2483	0.0	0.01116	0.00249	0.0	0.02571	0.00771	0.02612	0.02414	0.00664	0.05058	0.01139	0.02539	0.00451
s__GGB61494_SGB83575	0.05509	0.0	0.0	0.0	0.00353	0.0	0.00712	0.0	0.0	0.0	0.0	0.0	0.0	0.0	0.02243	0.00482
s__GGB89562_SGB125918	0.0517	0.0	0.0	0.0	0.0	0.0	0.0	0.0	0.0	0.0	0.0	0.0	0.0	0.0	0.02204	0.00297
s__Sporosarcina_sp_P20a	0.05132	0.0	0.0	0.0	0.06091	0.0392	0.0	0.0	0.0	0.0	0.0	0.0	0.0	0.0	0.0	0.0
s__Candidimonas_sp_SYP_B2681	0.05032	0.0	0.0	0.0	0.0	0.0	0.0	0.0	0.0	0.0	0.0	0.0	0.0	0.0	0.0	0.0
s__GGB44695_SGB62151	0.04983	0.06252	0.06249	0.0	0.00373	0.00133	0.00809	0.00941	0.03551	0.08535	0.0	0.0	0.15938	0.0152	0.02152	0.00486
s__Aquamicrobium_aerolatum	0.0492	0.0	0.0	0.0	0.0	0.0	0.0	0.0	0.58088	0.03049	0.00484	0.0	0.0	0.0	0.0	0.00057
s__GGB34048_SGB73551	0.04859	0.09275	0.42627	0.0	0.00469	0.00638	0.00839	0.02423	0.05528	0.08188	0.05764	0.0524	0.07893	0.02463	0.01201	0.00871
s__Oerskovia_rustica	0.04706	0.0	0.0	0.0	0.20152	0.0	0.27055	0.0	0.49578	0.34448	0.49864	0.0	0.78221	0.0	0.0	0.0
s__Herminiimonas_arsenicoxydans	0.04684	0.06363	0.0	0.0	0.00271	0.00105	0.01372	0.0	0.0	0.0	0.0	0.0	0.0	0.0	0.0	0.00578
s__Brevundimonas_naejangsanensis	0.04623	0.0	0.0	0.0	0.0	0.0	0.0	0.0	0.0	0.0	0.08509	0.0	0.0	0.0	0.0	0.0
s__Arcobacter_defluvii	0.04489	0.0	0.0	0.0	0.0	0.0	0.0	0.0	0.0	0.0	0.0	0.0	0.0	0.0	0.0	0.0
s__GGB34048_SGB56130	0.04416	0.05732	0.40402	0.0	0.00424	0.0	0.00434	0.01068	0.07834	0.0365	0.04302	0.0558	0.09735	0.01928	0.00313	0.00371
s__GGB52662_SGB73546	0.0439	0.02121	0.16313	0.0	0.0067	0.00456	0.01717	0.00531	0.0	0.00897	0.00372	0.0	0.03094	0.00363	0.005	0.0028
s__Pusillimonas_thiosulfatoxidans	0.04254	0.0	0.0	0.0	0.0	0.0	0.0	0.0	0.0	0.0	0.0	0.0	0.0	0.01402	0.0	0.00218
s__GGB93409_SGB131987	0.04232	0.05863	0.1891	0.00393	0.0331	0.00667	0.02347	0.02724	0.01367	0.03073	0.01393	0.00717	0.056	0.01988	0.00812	0.02341
s__GGB7903_SGB11757	0.04166	0.0	0.0	0.0	0.0	0.0	0.0	0.0	0.0	0.0	0.0	0.0	0.0	0.00112	0.0	0.0
s__GGB15811_SGB24057	0.03945	0.0	0.12624	0.0	0.00774	0.0	0.0	0.0	0.0	0.0	0.0	0.0	0.0	0.00113	0.0	0.0
s__Arcobacter_cloacae	0.03809	0.0	0.0	0.0	0.0	0.0	0.0	0.0	0.0	0.0	0.0	0.0	0.0	0.0	0.0	0.0
s__GGB61495_SGB83576	0.03729	0.0	0.0	0.0	0.00141	0.0	0.08711	0.0	0.0	0.0	0.0	0.0	0.0	0.0	0.00904	0.00207
s__GGB49350_SGB131936	0.03628	0.0	0.00838	0.0	0.00419	0.0	0.0	0.0	0.0	0.0	0.0	0.0	0.02999	0.0	0.0	0.0
s__Sporosarcina_ureae	0.03593	0.0	0.0	0.0	0.00049	0.00535	0.0	0.0	0.0	0.0	0.0	0.0	0.0	0.0	0.0	0.0
s__GGB77687_SGB108590	0.03559	0.75803	0.62379	0.0	0.00599	0.03233	0.37845	0.01131	0.0	0.0	0.0	0.0	0.05977	0.02454	0.01112	0.0
s__Sphingopyxis_sp_FBM22	0.03523	0.0	0.0	0.0	0.0	0.0	0.0	0.0	0.0184	0.0	0.0	0.0	0.0	0.0	0.0	0.0
s__GGB32011_SGB57187	0.035	0.028	0.0	0.0	0.00246	0.0	0.0	0.00188	0.0	0.0	0.0	0.0	0.0	0.0	0.0	0.0013
s__GGB32486_SGB56139	0.03451	0.0	0.10654	0.0	0.00285	0.0	0.0	0.0	0.0	0.00532	0.0	0.0	0.0	0.0	0.0	0.00106
s__Rhodocyclaceae_bacterium	0.03339	0.0	0.07843	0.0	0.00487	0.0	0.0	0.01093	0.00918	0.02632	0.00859	0.0	0.02661	0.0	0.01122	0.0
s__GGB32011_SGB57188	0.0332	0.01878	0.0	0.0	0.0	0.0	0.0	0.0	0.0	0.0	0.0	0.0	0.0	0.0	0.0	0.0007
s__GGB89586_SGB125898	0.0332	0.0	0.0	0.0	0.00036	0.0	0.04297	0.0	0.0	0.0	0.0	0.0	0.0	0.0	0.01022	0.00275
s__GGB95927_SGB125544	0.03123	0.0	0.0	0.0	0.0	0.0	0.0	0.0	0.0	0.0	0.0	0.0	0.0	0.0	0.0	0.0
s__Steroidobacter_denitrificans	0.03114	0.0	0.0	0.0	0.0	0.0	0.01135	0.00687	0.0	0.0	0.0	0.0	0.00342	0.00033	0.00636	0.0
s__GGB90628_SGB127264	0.03097	0.0322	0.2093	0.0	0.00127	0.0121	0.0401	0.00035	0.0	0.0	0.0	0.0	0.04829	0.01837	0.00755	0.0
s__GGB61947_SGB84081	0.03094	0.06259	0.23911	0.0	0.00038	0.01175	0.06058	0.0	0.0	0.0	0.0	0.0	0.05038	0.02222	0.01161	0.0
s__GGB64074_SGB86472	0.02971	0.03626	0.11453	0.0	0.00286	0.00192	0.00991	0.00621	0.01563	0.03366	0.00407	0.01313	0.03394	0.00947	0.00641	0.00077
s__GGB91348_SGB134887	0.0292	0.03729	0.12078	0.0	0.00274	0.0	0.02384	0.0084	0.0583	0.10471	0.00195	0.04362	0.04694	0.00107	0.01185	0.0
s__Bosea_sp_WAO	0.02911	0.0	0.0	0.0	0.0	0.0	0.0	0.0	0.00209	0.0	0.0	0.01348	0.0	0.0	0.0	0.0
s__Lederbergia_lenta	0.02873	0.0	0.0	0.0	0.0	0.0	0.0	0.0	0.0	0.0	0.0	0.0	0.0	0.0	0.0	0.0
s__GGB44793_SGB62258	0.0278	0.0	0.0	0.0	0.0	0.0	0.0	0.0	0.0	0.0	0.0	0.0	0.0	0.0	0.0	0.0
s__Pseudomonas_rustica	0.02703	0.0	0.0	0.0	0.0	0.0	0.0	0.0	0.0	0.0	0.0	0.0	0.0	0.05087	0.0	0.0
s__Pelomicrobium_methylotrophicum	0.02698	0.00572	0.07915	0.0	0.00362	0.0	0.0	0.00653	0.00831	0.02381	0.00392	0.0	0.01372	0.0013	0.0089	0.0
s__GGB33537_SGB46614	0.02642	0.0	0.0	0.0	0.0	0.0	0.0	0.0	0.0	0.0	0.0	0.0	0.0	0.0	0.0	0.0
s__Candidimonas_bauzanensis	0.02637	0.0	0.0	0.0	0.0	0.0	0.0	0.0	0.0	0.0	0.0	0.0	0.0	0.0	0.0	0.0
s__Sphingopyxis_terrae	0.0253	0.0	0.0	0.0	0.0	0.0	0.0	0.0	0.0	0.0	0.0	0.0	0.0	0.0	0.0	0.0
s__GGB91756_SGB134018	0.02361	0.0	0.0	0.0	0.0	0.0	0.0	0.0	0.0	0.0	0.0	0.0	0.0	0.0	0.0	0.0
s__GGB74136_SGB132293	0.02278	0.04111	0.08118	0.0	0.00296	0.0	0.0	0.0	0.0	0.0	0.0	0.0	0.00802	0.0	0.00375	0.00306
s__GGB14953_SGB22619	0.02194	0.0	0.01647	0.0	0.00494	0.0	0.0	0.00698	0.01041	0.03422	0.0	0.0	0.02306	0.0	0.00771	0.0
s__Lachnospiraceae_bacterium_2_1_46FAA	0.02185	0.0	0.0	0.0	0.62348	0.03871	0.0	0.0	0.0	0.0	2.13785	0.0	0.0	0.0	0.43251	0.73728
s__Pseudoxanthomonas_gei	0.02109	0.0	0.0	0.0	0.0	0.0	0.0	0.00686	0.0	0.0	0.0	0.0	0.0	0.00043	0.00042	0.0
s__GGB82146_SGB113463	0.021	3.12496	3.3018	1.05504	3.13115	6.50746	0.00258	0.0	0.0	0.01148	0.06997	0.06891	0.0	0.0	1.72082	0.00185
s__Malaciobacter_pacificus	0.02088	0.0	0.0	0.0	0.0	0.0	0.0	0.0	0.0	0.0	0.0	0.0	0.0	0.0	0.0	0.0
s__GGB65186_SGB88148	0.02013	0.00655	0.02426	0.0	0.00118	0.0	0.00537	0.00663	0.00176	0.01617	0.0	0.00077	0.00689	0.0034	0.00569	0.00045
s__GGB66348_SGB89905	0.01991	0.0	0.17013	0.0	0.0	0.00711	0.01586	0.0	0.0	0.00759	0.0	0.0	0.0	0.0	0.0	0.0
s__Helicobacter_sp_NHP19_0003	0.01959	0.0	0.14028	0.87802	0.20871	0.14715	5.45097	0.03868	0.17762	0.24314	0.82193	2.97377	0.20156	0.54923	0.33412	0.02888
s__GGB93324_SGB131738	0.01949	0.0097	0.06646	0.0	0.00102	0.0	0.0	0.0	0.0	0.0	0.0	0.00115	0.00787	0.0	0.0021	0.00045
s__Sporosarcina_gallistercoris	0.01857	0.0	0.0	0.0	0.0	0.0	0.0	0.0	0.0	0.0	0.0	0.0	0.0	0.0	0.0	0.0
s__GGB91165_SGB135004	0.0185	0.0	0.0	0.0	0.0	0.0	0.0	0.0	0.0	0.0	0.0	0.0	0.0	0.0	0.0	0.0
s__Hydrogenophaga_sp_IBVHS1	0.0184	0.0	0.0	0.0	0.0	0.0	0.0	0.0	0.0	0.0	0.0	0.0	0.0	0.0	0.0	0.0
s__GGB52551_SGB73429	0.01709	0.0	0.00847	0.0	0.0	0.0	0.0	0.00315	0.00271	0.01861	0.0	0.0	0.0072	0.0	0.0005	0.0
s__GGB93000_SGB131315	0.01618	0.01729	0.04672	0.0	0.00025	0.0	0.01416	0.0	0.01087	0.02067	0.0	0.0	0.0	0.0	0.0	0.0
s__Sphingopyxis_solisilvae	0.01538	0.0	0.0	0.0	0.0	0.0	0.0	0.0	0.0	0.0	0.0	0.0	0.0	0.0	0.0	0.0
s__GGB36850_SGB56170	0.01509	0.0331	0.09797	0.0	0.0	0.0	0.0	0.0	0.0	0.00176	0.0	0.0	0.0	0.0	0.0	0.0
s__Devosia_limi	0.01502	0.0	0.0	0.0	0.02091	0.00245	0.0	0.00388	0.0	0.0	0.0	0.01587	0.0	0.0	0.01477	0.00526
s__GGB52616_SGB73496	0.01356	0.0	0.08582	0.0	0.0	0.0	0.00479	0.0	0.0	0.0	0.0	0.0	0.0	0.0	0.0	0.0
s__Aliarcobacter_skirrowii	0.0135	0.0	0.0	0.0	0.0	0.0	0.0	0.0	0.0	0.0	0.0	0.0	0.0	0.0	0.0	0.0
s__Alcaligenaceae_unclassified_SGB57624	0.01349	0.0	0.0	0.0	0.0	0.0	0.0	0.0	0.0	0.0	0.0	0.0	0.0	0.0	0.0	0.0
s__GGB44498_SGB103071	0.01347	0.0	0.02088	0.0	0.00179	0.0	0.0	0.00794	0.00225	0.01631	0.0	0.0	0.01119	0.0	0.01019	0.0
s__Brevundimonas_abyssalis	0.01344	0.0	0.0	0.0	0.0	0.0	0.0	0.0	0.0	0.0	0.0	0.0	0.0	0.0	0.0	0.0
s__GGB44392_SGB61810	0.01322	0.0026	0.00657	0.0	0.0022	0.0	0.0	0.00839	0.0	0.01123	0.00221	0.0	0.00953	0.0008	0.00449	0.0
s__Polaromonas_eurypsychrophila	0.01284	0.0	0.0	0.0	0.0	0.0	0.0	0.0	0.0	0.0	0.0	0.0	0.02519	0.0	0.0	0.0
s__Pseudaminobacter_arsenicus	0.01241	0.0	0.0	0.0	0.0	0.0	0.0	0.0	0.0	0.0	0.0	0.0	0.0	0.0	0.0	0.0
s__GGB64386_SGB86855	0.01169	0.0	0.05849	0.0	0.0	0.0	0.0	0.0	0.0	0.00994	0.0	0.0	0.0	0.0	0.0	0.0
s__Phenylobacterium_sp_Root700	0.01146	0.0	0.0	0.0	0.0	0.0	0.0	0.0	0.0	0.0	0.0	0.0	0.0	0.0	0.0	0.0
s__Devosia_epidermidihirudinis	0.01133	0.0	0.0	0.0	0.0	0.0	0.0	0.0	0.0	0.0	0.0	0.0	0.0	0.0	0.0	0.0
s__Aliarcobacter_cryaerophilus	0.01123	0.0	0.0	0.0	0.0	0.0	0.0	0.0	0.0	0.0	0.0	0.0	0.0	0.0	0.0	0.0
s__GGB8060_SGB11998	0.01121	0.0	0.0	0.0	0.0	0.0	0.0	0.0	0.0	0.00131	0.0	0.0	0.0	0.0	0.0	0.0
s__GGB66626_SGB90250	0.01119	0.0	0.0	0.0	0.0	0.0	0.0	0.0	0.0	0.0	0.0	0.0	0.0	0.0	0.0	0.0
s__GGB15827_SGB24079	0.01116	0.0	0.07734	0.0	0.00132	0.0	0.0	0.0	0.0	0.0	0.0	0.00152	0.0	0.00854	0.0	0.0003
s__Aliarcobacter_lanthieri	0.01084	0.0	0.0	0.0	0.0	0.0	0.0	0.0	0.0	0.0	0.0	0.0	0.0	0.0	0.0	0.0
s__Sphingopyxis_sp_MWB1	0.0108	0.0	0.0	0.0	0.0	0.0	0.0	0.0	0.0	0.0	0.0	0.0	0.0	0.0	0.0	0.0
s__Dongia_mobilis	0.01056	0.0	0.04977	0.0	0.0	0.00119	0.01596	0.0	0.0	0.0	0.0	0.0	0.0	0.0	0.00098	0.0
s__GGB91320_SGB134759	0.01044	0.0	0.0	0.0	0.00084	0.0	0.0	0.00121	0.0	0.01299	0.0	0.0	0.00788	0.0	0.00044	0.0
s__Arcobacter_peruensis	0.01018	0.0	0.0	0.0	0.0	0.0	0.0	0.0	0.0	0.0	0.0	0.0	0.0	0.0	0.0	0.0
s__Sphingomonas_soli	0.01015	0.0	0.0	0.0	0.0	0.0	0.0	0.0	0.0	0.0	0.0	0.0	0.0	0.0	0.0	0.0
s__GGB44858_SGB62335	0.00989	0.0	0.0	0.0	0.0	0.0	0.00343	0.0	0.00672	0.01781	0.0	0.0	0.0	0.0	0.0	0.0
s__Brevundimonas_fluminis	0.00984	0.0	0.0	0.0	0.0	0.0	0.0	0.0	0.0	0.0	0.0	0.0	0.0	0.0	0.0	0.0
s__GGB74134_SGB132366	0.00942	0.0	0.0	0.01583	0.0	0.0	0.0	0.0	0.0	0.0	0.0	0.0	0.0	0.0	0.0	0.0
s__GGB32453_SGB57139	0.00936	0.0	0.0	0.0	0.0	0.0	0.0	0.0	0.0	0.0	0.0	0.0	0.0	0.0	0.0	0.0
s__GGB40665_SGB58442	0.00907	0.0	0.0	0.0	0.0	0.0	0.0	0.0	0.0	0.0	0.0	0.0	0.0	0.0	0.0	0.0
s__Hydrogenophaga_palleronii	0.00891	0.0	0.0	0.0	0.0	0.0	0.0	0.0	0.0	0.0	0.0	0.00621	0.0	0.0	0.0	0.0
s__Pollutimonas_nitritireducens	0.00873	0.0	0.0	0.0	0.0	0.0	0.0	0.0	0.0	0.0	0.0	0.0	0.0	0.0	0.0	0.0
s__Sulfurifustis_variabilis	0.00847	0.0	0.0	0.0	0.0	0.0	0.0	0.00088	0.0	0.00411	0.0	0.0	0.01035	0.0	0.0	0.0
s__GGB78246_SGB107425	0.00842	0.00595	0.0176	0.0	0.0	0.0	0.02991	0.00221	0.04232	0.06986	0.0	0.0	0.0	0.0	0.0	0.0
s__Aliarcobacter_cibarius	0.00791	0.0	0.0	0.0	0.0	0.0	0.0	0.0	0.0	0.0	0.0	0.0	0.0	0.0	0.0	0.0
s__GGB15795_SGB24038	0.00753	0.0	0.10893	0.0	0.0	0.0	0.0	0.0	0.0	0.0	0.0	0.0	0.0	0.0	0.0	0.0
s__GGB99432_SGB133726	0.00751	0.0	0.0	0.0	0.0	0.0	0.0	0.0	0.0	0.0	0.0	0.0	0.0	0.0	0.0	0.0
s__Sphingomonas_laterariae	0.00712	0.0	0.0	0.0	0.0	0.0	0.0	0.0	0.0	0.0	0.0	0.0	0.0	0.0	0.0	0.0
s__Sporosarcina_aquimarina	0.00701	0.0	0.0	0.0	0.0	0.0	0.0	0.0	0.0	0.0	0.0	0.0	0.0	0.0	0.0	0.0
s__Oerskovia_jenensis	0.00681	0.0	0.0	0.0	0.04189	0.0	0.0239	0.0	0.24148	0.01989	0.0	0.0	0.00247	0.0	0.0	0.0
s__GGB91335_SGB134737	0.0067	0.0	0.0	0.0	0.0	0.0	0.0	0.0	0.0	0.00342	0.0	0.0	0.0	0.0	0.0	0.0
s__Oerskovia_douganii	0.00569	0.0	0.0	0.0	0.02707	0.0	0.00468	0.0	0.16386	0.33362	0.0	0.0	0.02821	0.0	0.0	0.0
s__GGB92817_SGB131160	0.00507	0.0	0.00437	0.0	0.00097	0.0	0.0	0.0	0.0	0.02337	0.0	0.0	0.00365	0.0	0.0	0.0
s__Polaromonas_sp_AER18D_145	0.00478	0.0	0.0	0.0	0.0	0.0	0.0	0.0	0.0	0.0	0.0	0.0	0.0	0.0	0.0	0.0
s__Arenimonas_maotaiensis	0.00476	0.0	0.0	0.0	0.0025	0.0	0.0	0.0	0.01783	0.00099	0.0	0.0	0.0	0.02092	0.0	0.0
s__Rhodospirillaceae_bacterium_SYSU_D60014	0.0044	0.0	0.05157	0.0	0.0	0.0	0.0	0.0	0.0	0.0	0.0	0.0	0.0	0.0	0.0	0.0
s__GGB37999_SGB56118	0.00435	0.0	0.01805	0.0	0.00153	0.0	0.0	0.0	0.0	0.0	0.0	0.0	0.04214	0.0	0.00214	0.0
s__Carnobacterium_mobile	0.00429	0.0	0.0	0.0	0.0	0.0	0.0	0.0	0.0	0.0	0.0	0.0	0.0	0.0	0.0	0.0
s__Sphingomonas_fennica	0.00399	0.0	0.0	0.0	0.0	0.0	0.0	0.0	0.0	0.0	0.0	0.0	0.0	0.0	0.0	0.0
s__Usitatibacter_palustris	0.00387	0.15786	0.11272	0.0	0.0	0.0	0.0157	0.00403	0.03833	0.03981	0.0	0.01051	0.00694	0.0	0.00645	0.0
s__Arcobacter_aquimarinus	0.00362	0.0	0.0	0.0	0.0	0.0	0.0	0.0	0.0	0.0	0.0	0.0	0.0	0.0	0.0	0.0
s__Sphingopyxis_granuli	0.00351	0.0	0.0	0.0	0.0	0.0	0.0	0.0	0.0	0.0	0.0	0.0	0.0	0.0	0.0	0.0
s__Cellulomonas_timonensis	0.00342	0.0	0.0	0.0	0.00613	0.12502	0.1383	0.0	2.10105	0.9388	0.00874	0.0	0.0	0.0	0.00444	0.0
s__GGB52622_SGB132851	0.00307	0.0	0.0645	0.0	0.0	0.0	0.0	0.0	0.0	0.00107	0.0	0.0	0.0	0.0	0.0	0.0
s__Phenylobacterium_sp_CCH12_B4	0.00277	0.0	0.0	0.0	0.0	0.0	0.02075	0.0	0.0	0.0	0.0	0.0	0.0	0.0	0.0	0.0
s__GGB98463_SGB138837	0.00266	0.0	0.0	0.0	0.0	0.0	0.0	0.0	0.0	0.0	0.0	0.0	0.0	0.0	0.0	0.0
s__Myxococcaceae_bacterium	0.00241	0.0	0.0	0.0	0.0	0.0	0.0	0.0	0.0	0.0	0.0	0.0	0.0	0.0	0.0	0.0
s__Dietzia_aerolata	0.00237	0.0	0.0	0.0	0.0	0.0	0.0	0.0	0.0	0.0	0.0	0.0	0.0	0.0	0.0	0.0
s__Brevundimonas_sp_MF30_B	0.00236	0.0	0.0	0.0	0.0	0.0	0.0	0.0	0.0	0.0	0.0	0.0	0.0	0.0	0.0	0.0
s__Pedobacter_cryotolerans	0.00236	0.0	0.0	0.0	0.0	0.0	0.0	0.0	0.0	0.0	0.0	0.0	0.0	0.0	0.0	0.0
s__Stenotrophomonas_terrae	0.00223	0.0	0.0	0.0	0.08599	0.02488	0.0	0.00384	0.3137	0.01638	0.0	0.0	4.88028	0.43375	0.0	0.0
s__Brevundimonas_SGB38289	0.0022	0.0	0.0	0.0	0.0	0.0	0.0	0.0	0.0	0.0	0.0	0.0	0.0	0.01077	0.0	0.0
s__GGB91330_SGB134744	0.00209	0.0	0.0	0.0	0.0	0.0	0.0	0.0	0.0	0.02083	0.0	0.0	0.0	0.0	0.0	0.0
s__Inmirania_thermothiophila	0.00202	0.0	0.0	0.0	0.0	0.0	0.0	0.0	0.0	0.0	0.0	0.0	0.0	0.0	0.0	0.0
s__Paralcaligenes_ureilyticus	0.00202	0.0	0.0	0.0	0.0	0.0	0.0	0.0	0.0	0.0	0.0	0.0	0.0	0.0	0.0	0.0
s__Sphingopyxis_sp_DHUNG17	0.0019	0.0	0.0	0.0	0.0	0.0	0.0	0.0	0.0	0.0	0.0	0.0	0.0	0.0	0.0	0.0
s__Brevundimonas_lenta	0.00179	0.0	0.0	0.0	0.0	0.0	0.0	0.0	0.0	0.0	0.0	0.0	0.0	0.0	0.0	0.0
s__Daejeonella_lutea	0.00175	0.0	0.0	0.0	0.0	0.0	0.0	0.0	0.0	0.0	0.0	0.0	0.0	0.0	0.0	0.0
s__GGB91645_SGB133927	0.00171	0.0	0.0	0.0	0.0	0.0	0.0	0.0	0.0	0.0	0.0	0.0	0.0	0.0	0.0	0.0
s__Arcobacter_sp_LA11	0.00142	0.0	0.0	0.0	0.0	0.0	0.0	0.0	0.0	0.0	0.0	0.0	0.0	0.0	0.0	0.0
s__Brevundimonas_SGB107853	0.00114	0.0	0.0	0.0	0.0	0.0	0.0	0.0	0.0	0.0	0.0	0.0	0.0	0.0	0.0	0.0
s__Poseidonibacter_sp_JOD_M_6	0.00113	0.0	0.0	0.0	0.0	0.0	0.0	0.0	0.0	0.0	0.0	0.0	0.0	0.0	0.0	0.0
s__Brevundimonas_sp_Root608	0.00095	0.0	0.0	0.0	0.0	0.0	0.0	0.0	0.0	0.0	0.0	0.0	0.0	0.0	0.0	0.0
s__GGB45011_SGB62515	0.00093	0.0	0.00394	0.0	0.0	0.0	0.0	0.0	0.0	0.01336	0.0	0.0	0.0	0.0	0.0	0.0
s__Sporosarcina_sp_BI001_red	0.00091	0.0	0.0	0.0	0.0	0.0	0.0	0.0	0.0	0.0	0.0	0.0	0.0	0.0	0.0	0.0
s__Brevundimonas_pishanensis	0.00081	0.0	0.0	0.0	0.0	0.0	0.0	0.0	0.0	0.0	0.0	0.0	0.0	0.00122	0.0	0.0
s__Pusillimonas_sp_MFBS29	0.00077	0.0	0.0	0.0	0.0	0.0	0.0	0.0	0.0	0.0	0.0	0.0	0.0	0.0	0.0	0.0
s__Pusillimonas_sp_T7_7	0.00076	0.0	0.0	0.0	0.0	0.0	0.0	0.0	0.0	0.0	0.0	0.0	0.0	0.0	0.0	0.0
s__Pusillimonas_ginsengisoli	0.00068	0.0	0.0	0.0	0.0	0.0	0.0	0.0	0.0	0.0	0.0	0.0	0.0	0.0	0.0	0.0
s__Pedobacter_namyangjuensis	0.00065	0.0	0.0	0.0	0.0	0.0	0.0	0.0	0.0	0.0	0.0	0.0	0.0	0.0	0.0	0.0
s__Rhodospirillaceae_bacterium_SYSU_D60015	0.00064	0.0	0.01888	0.0	0.0	0.0	0.0	0.0	0.0	0.0	0.0	0.0	0.0	0.0	0.0	0.0
s__GGB4884_SGB6823	0.0	11.26721	0.20652	0.0	0.0	0.00186	0.0	8.37373	0.0	0.0	0.0	0.0	0.40864	0.0	0.28082	0.0
s__Flavobacterium_sp_140616W15	0.0	7.71552	0.0	0.0	0.0	1.17019	0.03668	0.0	0.0	0.0	0.0	0.0	0.0	0.0	0.0	0.01279
s__Denitrificimonas_caeni	0.0	6.97787	1.50457	3.2137	0.43611	1.19797	0.0	0.0	0.0	0.0	0.0	0.0	0.0	0.02735	0.48953	8.17909
s__Schaalia_turicensis	0.0	5.25013	0.0	0.0	0.0	0.0	0.0	0.0	0.0	0.0	0.0	0.0	0.0	0.0	0.0	0.0
s__Ruminococcus_bromii	0.0	2.49266	0.0	0.0	0.0	0.0	0.0	0.0	0.0	0.0	0.0	0.0	0.0	0.0	0.0	0.0
s__GGB13315_SGB20561	0.0	2.35445	0.06016	0.0	0.0	0.04526	0.0	2.09556	0.0	0.0	0.0	0.0	0.0	0.0	0.19873	0.0
s__GGB4574_SGB6324	0.0	0.7548	0.0	0.0	0.0	0.0	0.0	0.0	0.0	0.0	0.0	0.0	0.0	0.0	0.0	0.0
s__GGB13174_SGB20388	0.0	0.6449	0.0	0.0	0.0	0.07091	0.0	0.04932	0.0	0.0	0.0	0.0	0.07206	0.0	3.16288	0.0
s__Escherichia_coli	0.0	0.61617	0.08773	6.81255	1.13845	3.36489	0.0542	0.1775	2.0604	1.11357	20.65225	0.87376	1.13429	19.97226	1.17634	0.00973
s__Bacteroides_stercoris	0.0	0.47852	0.01594	0.03161	1.39366	0.4594	4.64616	1.13799	1.47157	2.20777	0.63391	3.64477	0.93852	0.29605	5.16775	1.33256
s__Mogibacterium_kristiansenii	0.0	0.46873	0.0	0.0	0.0	0.33465	0.0	0.44106	0.0	0.0	0.0	0.0	0.40139	0.0	0.625	0.0
s__GGB51648_SGB4350	0.0	0.46815	0.16119	0.0	0.0	0.0	0.0	0.03369	0.0	0.0	0.0	0.0	0.0	0.0	0.0	0.0
s__Amedibacillus_dolichus	0.0	0.44901	0.74902	0.0	0.63716	0.49773	0.0	0.11882	0.0553	0.04905	1.90814	0.30152	1.23101	0.06068	0.19754	1.57305
s__GGB4672_SGB6461	0.0	0.41495	0.0	0.0	0.0	0.00077	0.0	0.73784	0.0	0.0	0.0	0.0	0.0	0.0	0.0	0.0
s__Vescimonas_coprocola	0.0	0.35618	0.0	0.0	0.0	0.0	0.0	0.06268	0.0	0.0	0.0	0.0	0.07042	0.0	0.0	0.0
s__Streptococcus_gallolyticus	0.0	0.30638	0.0	0.0	0.0	0.0	0.0	0.0	0.0	0.0	0.0	0.0	0.0	0.0	0.0	0.0
s__Eubacterium_ramulus	0.0	0.29529	0.0	0.0	0.0	0.0	0.0	0.01238	0.0	0.0	0.0	0.0	0.0	0.0	0.0	0.0
s__GGB4584_SGB6338	0.0	0.29515	0.0	0.0	0.0	0.0	0.0	0.0	0.0	0.0	0.0	0.0	0.0	0.0	0.0	0.0
s__Clostridiales_bacterium_KLE1615	0.0	0.28443	0.0	0.0	0.0	0.0	0.0	0.01918	0.0	0.0	0.0	0.0	0.06652	0.0	0.0	0.0
s__Clostridium_baratii	0.0	0.28429	0.0	1.62489	0.2483	0.17032	0.09646	0.02692	0.10478	0.11768	0.23878	0.14959	0.45971	0.09539	0.09617	0.09769
s__GGB9642_SGB15119	0.0	0.27568	0.0	0.0	0.0	0.0	0.0	0.04397	0.0	0.0	0.0	0.0	0.0	0.0	0.01177	0.0
s__Pseudomonas_psychrophila	0.0	0.25431	0.0	0.0	0.02941	0.0	0.0	0.0	0.0	0.0	0.0	0.0	0.0	0.6319	0.0	0.0
s__GGB3637_SGB4930	0.0	0.25313	0.0	0.0	0.0	0.0	0.0	0.0	0.0	0.0	0.0	0.0	0.0	0.0	0.0	0.0
s__Flavobacterium_sp_F_65	0.0	0.2531	0.0	0.0	0.0	0.00111	0.0	0.0	0.0	0.0	0.0	0.0	0.0	0.0	0.00525	0.0
s__Mediterraneibacter_faecis	0.0	0.22503	0.25433	0.0	0.0	0.02725	0.0	0.19393	0.0	0.0	0.0	0.0	0.83386	0.0	0.08359	0.0
s__GGB1491_SGB2066	0.0	0.22178	0.0	0.0	0.00613	0.0	0.0	0.08695	0.0	0.0	0.0	0.0	0.0	0.0	0.0	0.0
s__GGB4682_SGB6472	0.0	0.21207	0.0	0.0	0.0	0.0	0.0	0.13969	0.0	0.0	0.0	0.0	0.0	0.0	0.0	0.0
s__GGB9715_SGB15260	0.0	0.20061	0.0	0.0	0.0	0.04077	0.0	0.04713	0.0	0.0	0.0	0.0	0.0	0.0	0.0	0.0
s__GGB3649_SGB4958	0.0	0.1873	0.0	0.0	0.0	0.0	0.0	0.11854	0.0	0.0	0.0	0.0	0.0	0.0	0.0	0.0
s__Clostridium_fallax	0.0	0.17137	0.0	0.0	0.0	0.0	0.0	0.0	0.0	0.0	0.0	0.0665	0.0	0.0	0.0	0.0
s__Escherichia_marmotae	0.0	0.15706	0.0	0.15614	0.38172	0.10498	0.0	0.0	0.00201	0.0	0.38296	0.0	0.03898	0.37781	0.46949	0.27737
s__GGB4250_SGB5751	0.0	0.13673	0.0	0.01705	0.14843	0.23266	0.0	0.04101	0.29489	0.39846	0.0	0.0	0.0	0.00948	0.24051	0.0
s__Acinetobacter_harbinensis	0.0	0.13536	0.0	0.12269	0.75453	0.05639	0.03321	0.16261	0.0	0.0	0.0	0.0	0.0	5.7505	0.0	0.12053
s__Eubacterium_coprostanoligenes	0.0	0.13103	0.0	0.0	0.0	0.0	0.0	0.0	0.0	0.0	0.0	0.0	0.0	0.0	0.09771	0.0
s__Prevotella_stercorea	0.0	0.12937	0.0	0.0	0.0	0.0	0.0	1.00785	0.0	0.0	0.0	0.0	0.0	0.0	0.0	0.0
s__Holdemanella_biformis	0.0	0.12264	0.08274	0.0	0.0	0.04358	0.0	1.3997	0.0	0.0	0.0	0.0	2.74118	0.0	0.12181	0.0
s__Collinsella_sp_BA40	0.0	0.12258	0.0	0.39171	0.68791	0.10573	0.00907	0.0	0.19942	0.38002	0.01831	0.07101	0.02	0.0	0.09255	0.87551
s__GGB4251_SGB5752	0.0	0.12215	0.0	0.0	0.0	0.0	0.0	0.06889	0.0	0.0	0.0	0.0	0.0	0.0	0.00621	0.09478
s__GGB13294_SGB20534	0.0	0.11624	0.0	0.0	0.0	0.0	0.0	0.00065	0.0	0.0	0.0	0.0	0.0	0.0	0.0	0.0
s__Shewanella_oncorhynchi	0.0	0.11447	0.0	0.0	0.0	0.0	0.0	0.0	0.0	0.0	0.0	0.0	0.0	0.0	0.0	0.0
s__Erysipelotrichaceae_bacterium_7770_A6	0.0	0.10235	0.0	0.0	0.0	0.0	0.0	1.71965	0.0	0.0	0.0	0.0	0.77087	0.0	0.32642	0.0
s__Flavobacterium_sp_HSC_61S13	0.0	0.09329	0.0	0.0	0.0	0.02495	0.0	0.0	0.0	0.0	0.0	0.0	0.0	0.07723	0.0	0.02135
s__GGB4629_SGB6407	0.0	0.09182	0.0	0.0	0.0	0.0	0.0	0.20107	0.0	0.0	0.0	0.0	0.0	0.0	0.0	0.0
s__Parabacteroides_merdae	0.0	0.08873	0.0	0.0	0.05287	0.0	0.05925	0.07282	0.08514	0.11311	0.0	0.39731	0.0513	0.0	0.0049	0.13587
s__GGB9559_SGB14969	0.0	0.0857	0.0	0.0	0.0	0.0	0.0	0.0	0.0	0.0	0.0	0.0	0.0	0.0	0.0	0.0
s__Bacteroides_fragilis	0.0	0.0825	0.0	0.0	0.0	0.0	0.0	0.0	0.0	0.0	0.0	0.0	0.0	0.0	0.0	0.0
s__Faecalicatena_fissicatena	0.0	0.0815	0.0	0.0	0.0	0.0	0.0	0.0	0.0	0.0	0.0	0.0	0.0	0.0	0.0	0.0
s__Butyrivibrio_crossotus	0.0	0.08063	0.0	0.0	0.0	0.0	0.0	0.0	0.0	0.0	0.0	0.0	0.0	0.0	0.0	0.0
s__Stenotrophomonas_humi	0.0	0.07973	0.0	0.0	0.03088	0.00548	0.0	0.04218	5.14689	0.01629	0.0	0.0	0.03707	0.09807	0.00992	0.0
s__GGB9634_SGB15095	0.0	0.07419	0.0	0.0	0.0	0.0	0.0	0.06022	0.0	0.0	0.0	0.0	0.0	0.0	0.0	0.0
s__Collinsella_intestinalis	0.0	0.07328	0.0	0.37176	0.36392	0.48824	0.05907	0.09889	0.27653	0.35667	0.04045	0.62319	0.0	0.75282	0.14662	1.42397
s__GGB1385_SGB1890	0.0	0.07042	0.0	0.11543	0.02616	0.2589	0.67561	0.84542	0.42606	0.76792	0.61077	3.31287	0.41241	0.25733	1.19709	0.0
s__Simplicispira_psychrophila	0.0	0.06872	0.0	0.0	0.0	0.02033	0.0	0.0	0.0	0.0	0.0	0.0	0.0	0.00623	0.0	0.03244
s__Citrobacter_braakii	0.0	0.06791	0.0	0.0	0.2759	0.06873	0.0	0.01579	0.08995	0.0	0.24163	0.0	0.05977	0.00841	0.07894	0.0
s__Jeotgalicoccus_SGB96891	0.0	0.06499	0.23977	0.11407	0.0	0.3915	0.0	0.2556	0.0	0.0	0.0	0.0	0.0	0.0	0.0	0.0
s__GGB2631_SGB3548	0.0	0.0647	0.0	0.0	0.0	0.0	0.0	0.0	0.0	0.0	0.0	0.0	0.0	0.0	0.0	0.0
s__Pseudomonas_sp_NKUCC02_KPG	0.0	0.05832	0.0	0.0	0.05468	0.0	0.0	0.0	0.0	0.0	0.0	0.0	0.0	0.02717	0.0	0.0
s__Flavobacterium_antarcticum	0.0	0.05601	0.0	0.0	0.00266	0.03387	0.0	0.0	0.0	0.0	0.0	0.0	0.0	0.0	0.0	0.00894
s__Blautia_wexlerae	0.0	0.0551	0.0	0.0	0.0	0.0	0.0	0.0673	0.0	0.0	0.0	0.0	0.0	0.0	0.0	0.0
s__GGB4577_SGB6327	0.0	0.05262	0.0	0.0	0.0	0.0	0.0	0.34342	0.0	0.0	0.0	0.0	0.0	0.0	0.0	0.0
s__Clostridium_uliginosum	0.0	0.05089	0.0	0.0	0.0	0.0	0.0	0.0	0.0	0.0	0.0	0.0	0.0	0.0	0.0	0.0
s__GGB4684_SGB6476	0.0	0.04868	0.0	0.0	0.0	0.0	0.0	0.0	0.0	0.0	0.0	0.0	0.0	0.0	0.0	0.0
s__GGB1492_SGB2067	0.0	0.04698	0.0	0.0	0.0582	0.03478	0.0	0.09715	0.09891	0.08619	0.0	0.0	0.16594	0.0	0.17298	0.0
s__Oscillospiraceae_bacterium_CLA_AA_H250	0.0	0.04557	0.0	0.0	0.0	0.0	0.0	0.03801	0.0	0.0	0.0	0.0	0.0	0.0	0.0	0.0
s__GGB3105_SGB4114	0.0	0.04472	0.0	0.0	0.0	0.0	0.0	0.0	0.0	0.0	0.0	0.0	0.08109	0.0	0.0	0.0
s__GGB1615_SGB2212	0.0	0.04148	0.0	0.0	0.0	0.0	0.0	0.51806	0.0	0.0	0.0	0.0	0.0	0.0	0.0	0.0
s__Mediterraneibacter_sp_NSJ_151	0.0	0.04114	0.0	0.0	0.0	0.0	0.0	0.02984	0.0	0.0	0.0	0.0	0.0	0.0	0.0	0.0
s__Falcatimonas_sp_MSJ_15	0.0	0.04091	0.0	0.0	0.0	0.0	0.0	0.00041	0.0	0.0	0.0	0.0	0.0	0.0	0.0	0.0
s__GGB4593_SGB6353	0.0	0.04058	0.0	0.0	0.75235	0.0438	0.01097	0.06954	0.0	0.0	0.46709	2.06861	0.02156	0.0256	3.02329	0.19014
s__Faecalimonas_umbilicata	0.0	0.0375	0.46971	0.03547	0.46867	1.19902	0.0	0.0	0.37037	0.57482	0.67775	0.16718	0.06861	0.11071	1.63023	1.64124
s__Bacteroides_finegoldii	0.0	0.03657	0.0	0.0	0.01029	0.00208	0.38596	0.06641	0.03026	0.06045	0.05026	0.23676	0.04378	0.0	0.35223	0.7698
s__Prevotella_pectinovora	0.0	0.03598	0.0	0.0	0.0	0.0	0.0	0.38827	0.0	0.0	0.0	0.0	0.0	0.0	0.0	0.0
s__GGB34476_SGB65958	0.0	0.03596	1.52882	0.09069	0.45069	0.19542	0.0	0.22508	0.2734	0.41303	0.78401	0.06227	0.09041	0.00541	1.51562	1.11193
s__Romboutsia_timonensis	0.0	0.03526	0.0	0.0	0.0	0.09105	0.0	0.55827	0.0	0.0	0.0	0.0	0.14201	0.0	0.0	0.0
s__Simplicispira_sp_110	0.0	0.03109	0.0	0.0	0.0	0.0	0.0	0.0	0.0	0.0	0.0	0.0	0.0	0.0	0.0	0.0
s__Beduini_massiliensis	0.0	0.03017	0.0	0.0	0.09464	0.0	0.0	0.01169	0.0	0.0	0.0	0.03003	0.01034	0.01919	0.02145	0.02613
s__GGB6572_SGB9285	0.0	0.0285	0.1232	5.67886	1.30937	5.00658	0.0	2.89686	0.0	0.0	0.0	0.0	0.0	0.0	2.89915	1.32358
s__Dysgonomonas_alginatilytica	0.0	0.02374	0.0	0.0	0.0	0.0	0.0	0.0	0.0	0.0	0.0	0.0	0.0	0.0	0.0	0.0
s__Clostridium_gasigenes	0.0	0.02361	0.0	0.0	0.0	0.0	0.0	0.0	0.0	0.0	0.0	0.0	0.0	0.0	0.0	0.0
s__Dysgonomonas_sp_ZJ279	0.0	0.0208	0.0	0.0	0.0	0.0	0.0	0.0	0.0	0.0	0.0	0.0	0.0	0.0	0.0	0.0
s__Oscillospiraceae_unclassified_SGB15257	0.0	0.02017	0.0	0.0	0.0	0.0	0.0	0.26938	0.0	0.0	0.0	0.0	0.0	0.0	0.0	0.0
s__Firmicutes_unclassified_SGB47660	0.0	0.01947	0.0	0.0	0.1698	0.0905	0.04851	0.1722	0.25563	0.33896	0.31067	0.5368	0.01649	0.01703	2.0709	3.55581
s__GGB15779_SGB24021	0.0	0.01824	0.02556	0.0	0.0	0.0	0.0	0.0	0.0	0.0	0.0	0.0	0.01549	0.0	0.0	0.0
s__Phocaeicola_massiliensis	0.0	0.01691	0.44859	0.0	0.69099	0.0	7.38354	1.39234	2.73457	5.42139	0.68988	0.71087	1.10631	0.09938	3.74352	10.52522
s__Peptacetobacter_hiranonis	0.0	0.01649	0.25157	0.09071	0.6839	0.96999	0.0992	0.45633	0.34549	0.67838	0.40936	0.27208	0.11173	0.09094	1.04203	1.34548
s__Clostridium_sp_NSJ_6	0.0	0.01064	0.0	0.11014	0.02927	0.11286	0.0	0.20875	1.07336	1.02667	0.0	0.0	0.0	0.0	0.0	0.00128
s__Phocaeicola_vulgatus	0.0	0.00856	0.3539	0.03368	0.11683	0.02669	6.57577	0.96944	0.84959	1.01012	0.51128	1.53896	0.39441	0.05236	2.70306	4.01179
s__GGB9559_SGB69175	0.0	0.0084	0.0	0.0	0.0	0.0	0.0	0.01624	0.0	0.0	0.0	0.0	0.0	0.0	0.0	0.0
s__Clostridium_SGB6177	0.0	0.00827	0.0	0.0	0.0	0.64185	0.0	0.63985	0.0	0.0	0.0	0.0	0.34327	0.0	0.0	0.0
s__GGB79301_SGB105706	0.0	0.00682	0.0	0.0	0.0	1.62605	1.4241	1.48811	0.09602	0.09926	0.70475	0.0	1.33807	0.0	0.0	0.0
s__Clostridium_SGB5112	0.0	0.00591	0.0	0.0	0.0	0.0	0.0	0.0	0.0	0.0	0.0	0.0	0.0	0.0	0.0	0.0
s__Lentihominibacter_faecis	0.0	0.00365	0.0	0.0	0.0	0.0	0.0	0.12143	0.0	0.0	0.0	0.0	0.09348	0.0	0.0	0.0
s__Terrisporobacter_mayombei	0.0	0.00363	0.0	0.27139	0.0	0.08724	0.0	0.11337	0.0	0.0	0.0	0.0	0.0	0.0	0.0	0.0
s__GGB3730_SGB5060	0.0	0.00319	0.0	0.0	0.0	0.0	0.0	0.05808	0.0	0.0	0.0	0.0	0.0	0.0	0.0	0.0
s__Clostridium_sp_CS001	0.0	0.00119	0.0	0.0	0.0	0.01207	0.0	0.0	0.0	0.0	0.0	0.0	0.0	0.0	0.0	0.00011
s__Enterococcus_faecium	0.0	0.0	2.01248	1.97575	0.0	0.00377	0.0	0.0	0.04824	0.05565	0.0	0.0	0.48006	3.66753	0.18686	0.05663
s__Yaniella_halotolerans	0.0	0.0	1.29743	0.2064	0.0	0.0441	0.0	0.0	0.0	0.0	0.0	0.0	0.0	0.0	0.0	0.0
s__GGB3440_SGB4589	0.0	0.0	0.70494	0.03612	0.7168	0.0	0.0428	0.3673	0.0	0.0	0.98123	1.10806	0.97101	0.00534	1.09006	1.6392
s__GGB3600_SGB4859	0.0	0.0	0.64467	0.1624	0.87563	3.41004	0.0	0.03298	0.28339	0.72885	1.3853	0.0	0.2337	0.0	0.9697	1.87497
s__GGB3051_SGB4051	0.0	0.0	0.63685	0.0	0.10142	0.09787	0.07595	0.11883	0.23093	0.26973	0.02013	0.11009	0.30983	0.0	0.7619	0.0
s__Jeotgalicoccus_halotolerans	0.0	0.0	0.62806	0.0	0.0	0.03469	0.0	0.0	0.0	0.0	0.0	0.0	0.0	0.0	0.0	0.0
s__GGB89632_SGB125949	0.0	0.0	0.42135	0.0	0.0	0.0	0.0	0.0	0.0	0.0	0.0	0.0	0.0	0.0	0.0	0.0
s__GGB3602_SGB4865	0.0	0.0	0.33844	0.0825	0.8328	0.28314	0.01095	0.28462	0.07728	0.09009	0.0	0.84811	0.0	0.0263	0.81879	2.04262
s__GGB3433_SGB4574	0.0	0.0	0.23857	0.0	0.15217	0.0	0.0	0.0	0.0	0.0	0.0	0.01476	0.0	0.0	0.31828	0.69948
s__Sutterella_wadsworthensis	0.0	0.0	0.23517	0.0	0.01057	0.29923	0.39961	0.386	0.16666	0.25585	0.60644	2.04511	0.48105	0.13597	0.72994	0.03023
s__Lachnospiraceae_unclassified_SGB65957	0.0	0.0	0.19909	0.0	0.17128	3.21561	0.0	0.71307	0.01027	0.01367	0.0	0.0	1.13453	0.20621	0.0	0.19637
s__GGB41005_SGB56035	0.0	0.0	0.09908	0.0	0.0	0.0	0.0	0.0	0.0	0.0	0.0	0.0	0.0	0.0	0.0	0.0
s__GGB87586_SGB122575	0.0	0.0	0.07686	0.0	0.0	0.0	0.0	0.0	0.0	0.0	0.0	0.0	0.0	0.0	0.0	0.0
s__GGB3441_SGB4591	0.0	0.0	0.07342	0.00332	1.53317	0.00172	0.53548	0.02827	0.0	0.02158	0.19343	0.80995	0.81228	0.0	1.51741	0.68435
s__Coprococcus_sp_AF21_14LB	0.0	0.0	0.06097	0.02806	0.23525	0.02212	0.08998	0.0446	0.02993	0.0469	0.38355	0.89027	0.0	0.00612	0.87319	0.43313
s__Acrocarpospora_corrugata	0.0	0.0	0.04666	0.0	0.0	0.0	0.0	0.0	0.0	0.0	0.0	0.0	0.0	0.0	0.0	0.0
s__GGB4379_SGB70926	0.0	0.0	0.04231	0.05143	0.69121	0.35034	0.43966	0.23441	0.08026	0.13033	1.2888	0.43194	0.0	0.00207	0.81148	0.22352
s__GGB37210_SGB54391	0.0	0.0	0.02241	0.0	0.0	0.0	0.0	0.0	0.0	0.0	0.0	0.0	0.0	0.0	0.0	0.0
s__GGB44870_SGB62355	0.0	0.0	0.01147	0.0	0.0	0.0	0.0	0.0	0.0	0.01207	0.0	0.0	0.0	0.0	0.0	0.0
s__GGB52697_SGB73595	0.0	0.0	0.00909	0.0	0.0	0.0	0.0	0.0	0.0	0.0087	0.0	0.0	0.0	0.0	0.0	0.0
s__Ferrovibrio_terrae	0.0	0.0	0.00894	0.0	0.0	0.0	0.08904	0.00351	0.0	0.0	0.0	0.0	0.0	0.0	0.02893	0.0
s__Limimonas_halophila	0.0	0.0	0.00883	0.0	0.0	0.0	0.0	0.0	0.0	0.0	0.0	0.0	0.0	0.0	0.0	0.0
s__GGB39851_SGB89662	0.0	0.0	0.00866	0.0	0.0	0.0	0.0	0.0	0.0	0.0	0.0	0.0	0.0	0.0	0.0	0.0
s__Lactococcus_petauri	0.0	0.0	0.0	14.86752	0.0	0.0	0.0	0.0	0.0	0.0	0.0	0.0	0.0	1.36781	0.0	0.0
s__Enterococcus_faecalis	0.0	0.0	0.0	4.89646	1.06527	0.0	0.0	0.06742	0.0	0.0	2.79491	0.0	0.0	1.0936	0.0514	0.0
s__Lactococcus_garvieae	0.0	0.0	0.0	0.86427	1.2766	0.0	0.0	0.0	0.0	0.0	0.21403	0.0	0.0	0.07148	0.0	0.0
s__Conchiformibius_steedae	0.0	0.0	0.0	0.82475	0.06058	0.32776	0.52793	0.15281	0.06964	0.09773	0.07687	0.01525	0.04601	0.0	0.03047	0.00695
s__GGB81434_SGB115923	0.0	0.0	0.0	0.73845	0.05042	6.59436	0.01837	5.06871	0.0	0.0	0.1032	0.04214	0.0	0.0	0.08169	0.01642
s__GGB72446_SGB99643	0.0	0.0	0.0	0.67529	0.55522	0.14777	0.0	0.03529	0.0	0.0	0.0	0.0	0.0	0.0	0.0	0.00664
s__Canicola_haemoglobinophilus	0.0	0.0	0.0	0.62377	0.02983	0.01436	0.12551	0.01292	0.02612	0.02977	0.0	0.00969	0.00331	0.00938	0.0	0.01835
s__Shewanella_morhuae	0.0	0.0	0.0	0.48933	2.07563	0.14457	0.0	0.0	0.0	0.0	0.0	0.0	0.0	0.32356	0.09183	1.01504
s__Psychrobacter_faecalis	0.0	0.0	0.0	0.37578	0.95951	0.75779	0.0	0.45658	0.0	0.0	0.0	0.0	0.0	0.04765	0.01481	0.02567
s__GGB48468_SGB66515	0.0	0.0	0.0	0.32719	0.19759	0.31323	0.30226	0.49036	0.0	0.0	0.0	0.0	0.0	0.04363	0.26996	0.0
s__Gemella_palaticanis	0.0	0.0	0.0	0.28419	0.0	0.0	0.0	0.0	0.0	0.0	0.0	0.00127	0.0	0.0	0.0	0.00256
s__Kurthia_zopfii	0.0	0.0	0.0	0.27667	2.3809	0.32928	0.0	0.57183	0.26267	0.2805	0.0	0.0	0.01497	0.07706	0.38142	0.0
s__Helicobacter_ailurogastricus	0.0	0.0	0.0	0.26647	0.01531	0.04215	1.8483	0.0	0.0	0.0	0.05896	0.32712	0.0	0.03586	0.00676	0.0
s__Shewanella_glacialipiscicola	0.0	0.0	0.0	0.22479	0.00286	0.0	0.0	0.0	0.0	0.0	0.0	0.0	0.0	0.0	0.0	0.01729
s__Psychrobacter_immobilis	0.0	0.0	0.0	0.20035	2.17913	0.25644	0.0	0.47358	0.0	0.0	0.0	0.0	0.0	0.33616	0.08953	0.89865
s__Zhenhengia_yiwuensis	0.0	0.0	0.0	0.1766	0.0	0.06629	0.0	0.0	0.0	0.0	0.0	0.0	0.0	0.0	0.0	0.0
s__Salinicoccus_sp_YB14_2	0.0	0.0	0.0	0.12949	0.0	0.00096	0.0	0.0	0.0	0.0	0.0	0.0	0.0	0.0	0.0	0.0
s__Glutamicibacter_ardleyensis	0.0	0.0	0.0	0.12932	0.23883	0.26158	0.0	1.12148	0.0	0.0	0.0	0.0	0.0	0.52546	0.04205	0.49951
s__Vagococcus_fessus	0.0	0.0	0.0	0.10706	0.0	0.0	0.0	0.0	0.0	0.0	0.0	0.0	0.0	0.0	0.0	0.0
s__Pasteurella_dagmatis	0.0	0.0	0.0	0.0959	0.0	0.0	0.0	0.0	0.0	0.0	0.0	0.0	0.0	0.0	0.0	0.0
s__Psychrobacter_maritimus	0.0	0.0	0.0	0.08018	0.21906	0.29583	0.0	0.13128	0.0	0.0	0.0	0.0	0.0	0.0	0.0098	0.25895
s__Phocaeicola_faecicola	0.0	0.0	0.0	0.06128	0.0	0.0	0.0	0.0	0.3291	0.71217	0.0	0.0	0.0	0.0	0.0	0.0
s__GGB1379_SGB48439	0.0	0.0	0.0	0.0603	0.07511	0.0	0.0	0.56682	0.07639	0.14901	4.83773	2.62134	0.45858	0.03904	3.34807	0.0
s__GGB33657_SGB47663	0.0	0.0	0.0	0.05175	1.29339	0.0	0.13488	0.20964	1.55607	2.73996	0.13118	0.3124	0.42921	0.0	0.03366	0.04384
s__Brevibacterium_aurantiacum	0.0	0.0	0.0	0.04647	0.0	0.12152	0.13963	0.0	0.0	0.0	0.0	0.0	0.0	0.02457	0.0	0.0
s__Helicobacter_bilis	0.0	0.0	0.0	0.04568	0.11966	0.0	0.0	0.04743	0.01127	0.01309	0.0	0.0	0.0	0.0	0.25626	0.03224
s__Kurthia_sibirica	0.0	0.0	0.0	0.04354	0.06618	0.0	0.0	0.22162	0.0	0.0	0.0	0.0	0.0	0.24245	0.0	0.0
s__Moraxella_sp_VT_16_12	0.0	0.0	0.0	0.04273	0.00055	0.01225	0.0	0.0	0.0	0.0	0.0	0.0	0.0	0.0	0.0	0.0
s__Streptococcus_minor	0.0	0.0	0.0	0.04201	0.00677	0.0	0.0	0.0	0.0	0.0	0.0	0.01159	0.0	0.06779	0.0	0.00611
s__Frederiksenia_canicola	0.0	0.0	0.0	0.03734	0.00032	0.0	0.0	0.0	0.0	0.0	0.0	0.0	0.0	0.0	0.0	0.0
s__Parageobacillus_toebii	0.0	0.0	0.0	0.03494	0.0	0.0	0.0	0.15515	0.0	0.0	0.0	0.0	0.0	0.0	0.0	0.0
s__GGB36351_SGB46902	0.0	0.0	0.0	0.03356	0.00549	0.0	0.0	0.0	0.0	0.0	0.0	0.0	0.02372	0.0	0.0	0.04332
s__GGB81431_SGB115918	0.0	0.0	0.0	0.02868	0.00961	14.13371	0.0	3.36025	0.0	0.0	0.0	0.0	0.0	0.0	0.0	0.0
s__Schaalia_canis	0.0	0.0	0.0	0.02788	0.00387	0.0	0.0	0.0	0.0	0.0	0.0	0.0	0.0	0.0	0.0	0.0
s__Clostridium_paraputrificum	0.0	0.0	0.0	0.02604	0.0	0.13462	0.0	0.00709	0.0	0.0	0.0	0.0	0.0	0.0	0.0	0.0
s__Streptococcus_australis	0.0	0.0	0.0	0.02364	0.00864	0.0	0.0	0.04494	0.0	0.0	0.0	0.0	0.0	0.05628	0.0	0.01428
s__Streptococcus_suis	0.0	0.0	0.0	0.02206	0.0	0.0	0.0	0.0	0.06631	0.14929	0.0	0.117	0.0	0.02966	0.0	0.0033
s__GGB71766_SGB98730	0.0	0.0	0.0	0.01966	0.0186	0.0	0.0	0.0	0.0	0.0	0.0	0.0	0.0	0.0	0.0	0.06302
s__Neisseria_dumasiana	0.0	0.0	0.0	0.0184	0.0	0.03019	0.0	0.0	0.0	0.0	0.0	0.0	0.0	0.0	0.0	0.0
s__Streptobacillus_canis	0.0	0.0	0.0	0.00671	0.0	0.0	0.0	0.0	0.0	0.0	0.0	0.0	0.0	0.0	0.0	0.0
s__Amedibacterium_intestinale	0.0	0.0	0.0	0.00634	0.28795	0.95755	0.0	0.09613	0.03433	0.02839	1.18726	0.70472	0.4724	0.0	0.20235	1.14572
s__Providencia_alcalifaciens	0.0	0.0	0.0	0.00607	0.0	0.0	0.0	0.0	6.25728	7.34713	0.213	0.036	0.0	0.0	0.0	0.0
s__Nosocomiicoccus_ampullae	0.0	0.0	0.0	0.00554	0.0	0.0	0.0	0.0	0.0	0.0	0.0	0.0	0.0	0.0	0.0	0.0
s__Macrococcus_caseolyticus	0.0	0.0	0.0	0.00376	0.12605	0.0	0.0	0.07484	0.0	0.0	0.0	0.0	0.0	0.0	0.0	0.0
s__Gleimia_coleocanis	0.0	0.0	0.0	0.0025	0.0	0.0	0.0	0.0	0.0	0.0	0.0	0.0	0.0	0.0	0.0	0.00035
s__Pseudomonas_fragi	0.0	0.0	0.0	0.0	2.98252	0.05404	0.0	0.05334	0.0	0.0	0.0	0.0	0.0	0.23859	0.0	0.01411
s__GGB47148_SGB47368	0.0	0.0	0.0	0.0	1.37104	0.0	0.03541	0.0	0.01538	0.02005	0.02558	2.57069	0.0	0.00444	0.02257	14.15686
s__Alcaligenes_faecalis	0.0	0.0	0.0	0.0	1.29197	0.0	0.0	0.0	0.0419	0.0	0.0	0.0	0.0	0.0	0.0	0.0
s__Yersinia_frederiksenii	0.0	0.0	0.0	0.0	0.96137	0.0	0.02049	0.0	0.0	0.0	0.0	0.0	0.0	0.0	0.0	0.0
s__GGB3550_SGB4746	0.0	0.0	0.0	0.0	0.90189	0.0503	0.03446	0.01625	0.35042	0.34395	0.37564	0.78502	0.0	0.0	0.60398	0.35997
s__Weissella_soli	0.0	0.0	0.0	0.0	0.72578	0.0	0.0	0.0	0.0	0.0	0.0	0.0	0.0	0.0	0.0	0.0
s__Vagococcus_fluvialis	0.0	0.0	0.0	0.0	0.6965	0.0	0.0	0.0	0.00149	0.0	0.0	0.0	0.0	0.0	0.0	0.0
s__Proteus_vulgaris	0.0	0.0	0.0	0.0	0.65989	0.0	0.0	0.0	0.01248	0.0	0.0	0.0	0.0	0.0	0.0	0.0
s__Microterricola_pindariensis	0.0	0.0	0.0	0.0	0.65657	0.02042	0.0	0.0	0.0	0.0	0.0	0.0	0.0	0.0613	0.0	0.00455
s__Blautia_SGB4793	0.0	0.0	0.0	0.0	0.5614	0.20104	0.0	0.2281	0.1087	0.15999	0.21173	0.22653	0.0	0.0	0.01384	0.17519
s__GGB78706_SGB106379	0.0	0.0	0.0	0.0	0.50053	0.0	0.0	0.0	0.0	0.0	0.51259	0.0	0.0	0.0	0.66647	0.83479
s__Blautia_hansenii	0.0	0.0	0.0	0.0	0.45617	0.21045	0.0	0.56173	0.32319	0.38315	0.32648	0.16657	0.01669	0.0	0.04576	0.18142
s__Blautia_caecimuris	0.0	0.0	0.0	0.0	0.45494	0.09396	0.0	0.0	0.0223	0.04691	0.1001	0.99943	0.0	0.0321	0.28484	1.20652
s__Providencia_rustigianii	0.0	0.0	0.0	0.0	0.45483	0.23271	0.0	0.0	0.01112	0.01817	0.0	0.0	0.0	0.24762	0.06338	0.0
s__Acinetobacter_sp_ANC_3781	0.0	0.0	0.0	0.0	0.34103	0.03132	0.0	0.03847	0.0	0.0	0.0	0.0	0.0	3.27967	0.0	0.0
s__Algoriella_xinjiangensis	0.0	0.0	0.0	0.0	0.29562	0.10638	0.0	0.01938	0.0	0.0	0.0	0.0	0.0	0.02007	0.00852	0.0
s__Pseudoalteromonas_nigrifaciens	0.0	0.0	0.0	0.0	0.27259	0.0	0.0092	0.0	0.0	0.0	0.0	0.0	0.0	0.0	0.0	0.50287
s__Psychrobacter_aquimaris	0.0	0.0	0.0	0.0	0.25986	0.01281	0.0	0.0044	0.0	0.0	0.0	0.0	0.0	0.0	0.0	0.01072
s__Sphingobacterium_sp_ML3W	0.0	0.0	0.0	0.0	0.25357	0.0	0.0	0.0	0.0	0.0	0.0	0.0	0.0	0.00967	0.0	0.00876
s__Enterocloster_hominis	0.0	0.0	0.0	0.0	0.21236	0.0	0.00969	0.03167	0.23899	0.08766	0.0066	0.27689	0.0	0.0	0.9658	0.38839
s__Enterococcus_hirae	0.0	0.0	0.0	0.0	0.20312	0.36981	0.0	0.01755	0.0314	0.0	0.36391	0.5341	0.50115	0.0	0.08746	0.00097
s__Plesiomonas_shigelloides	0.0	0.0	0.0	0.0	0.20081	0.0	0.0	0.0	0.0	0.0	0.0	0.0	0.0	0.0	0.0	0.0
s__Psychrobacillus_psychrotolerans	0.0	0.0	0.0	0.0	0.20058	0.0	0.0	0.0	0.0	0.0	0.03378	0.0	0.04341	0.03995	0.0	0.10877
s__GGB41473_SGB58537	0.0	0.0	0.0	0.0	0.19553	0.0	0.0	0.05819	0.01666	0.01793	0.0	0.00442	0.0	0.0	0.11721	0.39253
s__Citrobacter_tructae	0.0	0.0	0.0	0.0	0.1934	0.0	0.0	0.0	0.0	0.0	0.0	0.0	0.0	0.0	0.0	0.0
s__Microbacterium_aerolatum	0.0	0.0	0.0	0.0	0.19256	0.0	0.0	0.0	0.0	0.0	0.32305	0.0	0.90585	0.03517	0.0	0.00926
s__Vagococcus_martis	0.0	0.0	0.0	0.0	0.18456	0.0	0.0	0.0	0.00394	0.02246	0.0	0.0	0.0	0.27957	0.0	0.0
s__Pseudomonas_helleri	0.0	0.0	0.0	0.0	0.17818	0.0	0.0	0.0	0.0	0.0	0.0	0.0	0.0	0.00923	0.0	0.01052
s__Enterobacter_ludwigii	0.0	0.0	0.0	0.0	0.17538	0.0	0.0	0.0	0.0	0.0	0.0	0.0	0.0	0.28695	0.0	0.0
s__Flavobacterium_macacae	0.0	0.0	0.0	0.0	0.16995	0.08956	0.0	0.01207	0.0	0.0	0.0	0.0	0.68871	0.88069	0.0	0.08283
s__Leucobacter_salsicius	0.0	0.0	0.0	0.0	0.15304	0.0	0.0	0.0	0.0	0.0	0.0	0.0	0.0359	0.03142	0.01264	0.16521
s__Firmicutes_bacterium	0.0	0.0	0.0	0.0	0.14896	0.02938	0.0	0.0	0.09025	0.2516	0.00177	0.61818	0.0	0.01641	0.24031	0.0598
s__GGB3680_SGB4994	0.0	0.0	0.0	0.0	0.14563	0.03464	0.17348	0.0706	0.03987	0.01863	0.00192	0.04697	0.0	0.0	1.85657	2.43953
s__Pseudomonas_saxonica	0.0	0.0	0.0	0.0	0.14107	0.0	0.0	0.01107	0.0	0.0	0.0	0.0	0.0	0.0	0.0	0.00653
s__GGB79299_SGB105707	0.0	0.0	0.0	0.0	0.13984	0.16711	0.04455	0.0	0.0	0.0	0.04457	0.0	0.0	0.0	0.07409	0.62065
s__Microbacterium_sp_Root61	0.0	0.0	0.0	0.0	0.13308	0.0	0.0	0.0	0.0	0.0	0.0	0.0	0.0	0.0	0.0	0.0
s__Shewanella_baltica	0.0	0.0	0.0	0.0	0.11712	0.0	0.0	0.0	0.0	0.0	0.0	0.0	0.0	0.9273	0.00427	0.00225
s__Mediterraneibacter_glycyrrhizinilyticus	0.0	0.0	0.0	0.0	0.11209	0.17803	0.0	0.0	0.01305	0.05699	0.11604	0.29856	0.0	0.0	0.10351	0.12157
s__GGB74511_SGB47635	0.0	0.0	0.0	0.0	0.1066	0.0	0.0	0.0	0.10524	0.13609	0.0	0.12025	0.0	0.0	0.13152	0.0762
s__Carnobacterium_maltaromaticum	0.0	0.0	0.0	0.0	0.09354	0.0	0.0	0.01274	0.0	0.0	0.0	0.0	0.0	0.0484	0.0	0.28852
s__Erysipelothrix_rhusiopathiae	0.0	0.0	0.0	0.0	0.08998	0.0	0.0	0.03025	0.0	0.0	0.0	0.0	0.0	0.0	0.0	0.0
s__GGB79384_SGB106011	0.0	0.0	0.0	0.0	0.08984	0.0	0.0	0.0	0.07751	0.08287	0.0	0.05923	0.00218	0.05291	0.01095	0.43043
s__Vagococcus_lutrae	0.0	0.0	0.0	0.0	0.08963	0.0	0.0	0.0	0.0	0.0	0.0	0.0	0.0	0.00949	0.0	0.0
s__Campylobacter_lari	0.0	0.0	0.0	0.0	0.06955	0.0	0.0	0.0	0.19821	0.28412	0.0	0.0	0.0	0.0	0.0	0.0
s__Coprococcus_SGB106014	0.0	0.0	0.0	0.0	0.06693	0.0	0.02611	0.0	0.07924	0.03358	0.24336	0.72926	0.0	0.0	0.63932	0.3693
s__Arcanobacterium_phocae	0.0	0.0	0.0	0.0	0.06543	0.0	0.0	0.0	0.0	0.0	0.0	0.0	0.75197	0.0	0.0	0.0
s__Slackia_SGB14780	0.0	0.0	0.0	0.0	0.06376	0.0	0.0	0.0	0.0	0.0	0.0	0.20011	0.0	0.0314	0.0	0.13157
s__Microbacterium_sp_Bi121	0.0	0.0	0.0	0.0	0.0585	0.0	0.0	0.0	0.0	0.0	0.0	0.0	0.0	0.0	0.0	0.0
s__Acinetobacter_pragensis	0.0	0.0	0.0	0.0	0.05452	0.11015	0.0	0.00654	0.02584	0.0	0.02961	0.0	0.06534	0.01601	0.04778	0.0
s__Clostridiaceae_unclassified_SGB66046	0.0	0.0	0.0	0.0	0.05445	0.05911	0.0	0.0	0.00707	0.0	0.00898	0.03273	0.0	0.0	0.02951	0.06235
s__Pseudomonas_weihenstephanensis	0.0	0.0	0.0	0.0	0.05217	0.13207	0.0	0.01264	0.0	0.0	0.0	0.0	0.0	0.6094	0.0	0.0026
s__Pseudomonas_lundensis	0.0	0.0	0.0	0.0	0.05099	0.0	0.0	0.04474	0.0	0.0	0.0	0.0	0.28184	0.38645	0.0	0.0
s__Acinetobacter_lwoffii	0.0	0.0	0.0	0.0	0.05098	0.0249	0.0	0.01273	0.0	0.0	0.00999	0.0	0.0	0.0671	0.0	0.0
s__Vagococcus_salmoninarum	0.0	0.0	0.0	0.0	0.05044	0.0	0.0	0.12375	0.0	0.0	0.0	0.0	0.0	0.03938	0.0045	0.04621
s__GGB25053_SGB106016	0.0	0.0	0.0	0.0	0.04973	0.03332	0.0	0.00504	0.04999	0.07492	0.03847	0.0565	0.0	0.0	0.07342	0.33177
s__Bacteroides_uniformis	0.0	0.0	0.0	0.0	0.04585	0.03547	0.00909	0.02849	0.0	0.01296	0.02413	0.33198	0.07452	0.00464	0.27616	0.07496
s__Microbacterium_murale	0.0	0.0	0.0	0.0	0.04468	0.0	0.0	0.0	0.0	0.0	0.0	0.0	0.0	0.0	0.0	0.00244
s__Clostridium_sp_AT4	0.0	0.0	0.0	0.0	0.04094	0.12684	0.0	0.0	0.0	0.0	0.0	0.07389	0.0	0.0	0.03962	0.01933
s__Rheinheimera_salexigens	0.0	0.0	0.0	0.0	0.03777	0.0	0.0	0.0	0.0	0.0	0.0	0.0	0.0	0.0	0.0	0.03183
s__GGB77482_SGB107008	0.0	0.0	0.0	0.0	0.03585	0.0	0.0	0.0	0.0	0.0	0.0	0.0	0.0	0.0	0.04329	0.0
s__Gordonia_sp_HY002	0.0	0.0	0.0	0.0	0.03566	0.0	0.0	0.0	0.0	0.0	0.0	0.0	0.0	0.0	0.0	0.0
s__Providencia_heimbachae	0.0	0.0	0.0	0.0	0.03432	0.0	0.0	0.02208	0.0	0.0	0.0	0.0	0.0	0.32844	0.0	0.0
s__Acinetobacter_pseudolwoffii	0.0	0.0	0.0	0.0	0.03403	0.04027	0.0	0.03582	0.0	0.0	0.0	0.0	0.08561	0.02312	0.0	0.0
s__Citrobacter_sp_Res13_Sevr_PEB04_36	0.0	0.0	0.0	0.0	0.03297	0.03143	0.0	0.0	0.0	0.0	0.03886	0.0	0.0	0.0	0.06853	0.0
s__Streptomyces_microflavus	0.0	0.0	0.0	0.0	0.03223	0.0	0.0	0.0	0.0	0.03048	0.0	0.0	0.0	0.0	0.03963	0.0
s__GGB49980_SGB69981	0.0	0.0	0.0	0.0	0.0322	0.0	0.0	0.13599	0.04164	0.12423	0.0	0.01159	0.04895	0.0	0.26321	0.0
s__Butyricicoccus_SGB14985	0.0	0.0	0.0	0.0	0.03202	0.0	0.0	0.0	0.01752	0.0	0.0	0.05038	0.0	0.0	0.03518	0.01562
s__GGB3819_SGB5184	0.0	0.0	0.0	0.0	0.02936	0.0	0.0	0.0	0.0	0.0	0.0	0.0	0.0	0.0	0.0	0.06055
s__GGB4379_SGB6025	0.0	0.0	0.0	0.0	0.0266	0.04534	0.0	0.01484	0.0	0.0	0.06277	0.0	0.0	0.0	0.03645	0.01179
s__Microterricola_viridarii	0.0	0.0	0.0	0.0	0.02557	0.0	0.0	0.0	0.0	0.0	0.0	0.0	0.0	0.0	0.0	0.0
s__Yersinia_alsatica	0.0	0.0	0.0	0.0	0.02314	0.0	0.0	0.0	0.0	0.0	0.0	0.0	0.0	0.0	0.0	0.0
s__Stenotrophomonas_daejeonensis	0.0	0.0	0.0	0.0	0.02263	0.0	0.0	0.0	0.02042	0.0	0.0	0.0	0.0	0.09523	0.0	0.0
s__Hydrogenoanaerobacterium_saccharovorans	0.0	0.0	0.0	0.0	0.02258	0.0	0.0	0.0	0.0	0.0	0.0	0.02557	0.0	0.0	0.0	0.00329
s__GGB1379_SGB1880	0.0	0.0	0.0	0.0	0.02228	0.0	0.0	0.14959	0.00284	0.0493	1.04527	0.77129	0.10544	0.0	0.94571	0.0
s__Psychrobacter_phenylpyruvicus	0.0	0.0	0.0	0.0	0.02109	0.0	0.0	0.0	0.0	0.0	0.0	0.0	0.0	0.0	0.0	0.0
s__GGB52165_SGB72910	0.0	0.0	0.0	0.0	0.01994	0.0	0.0	0.0	0.0	0.0	0.0	0.0	0.0	0.0	0.0	0.0
s__Psychrobacillus_sp_BL_248_WT_3	0.0	0.0	0.0	0.0	0.01984	0.00747	0.0	0.0	0.0	0.0	0.0	0.0	0.0	0.01088	0.0	0.0
s__GGB3576_SGB4784	0.0	0.0	0.0	0.0	0.01943	0.0	0.0	0.0	0.0	0.0	0.0	0.0	0.0	0.0	0.0073	0.02186
s__Psychrobacter_cryohalolentis	0.0	0.0	0.0	0.0	0.01903	0.0	0.0	0.0	0.0	0.0	0.0	0.0	0.0	0.0	0.0	0.0
s__Acinetobacter_albensis	0.0	0.0	0.0	0.0	0.01809	0.0	0.0	0.05283	0.0	0.0	0.0	0.0	0.0	0.35463	0.0	0.0
s__Streptomyces_halstedii	0.0	0.0	0.0	0.0	0.01787	0.0	0.0	0.0	0.00837	0.0	0.0	0.0	0.0	0.0	0.0	0.0
s__Arthrobacter_beigongshangensis	0.0	0.0	0.0	0.0	0.01749	0.0	0.0	0.0	0.0	0.0	0.0	0.0	0.0	0.0	0.0	0.0
s__GGB3550_SGB4747	0.0	0.0	0.0	0.0	0.01711	0.0	0.0	0.0	0.0	0.0	0.0	0.0	0.0	0.0	0.0	0.00669
s__Mammaliicoccus_fleurettii	0.0	0.0	0.0	0.0	0.01697	0.0	0.0	0.0138	0.0	0.0	0.00764	0.0	0.0	0.0	0.0	0.0
s__Psychrobacter_namhaensis	0.0	0.0	0.0	0.0	0.01642	0.0	0.0	0.0	0.0	0.0	0.0	0.0	0.0	0.0	0.0	0.00473
s__Phocea_massiliensis	0.0	0.0	0.0	0.0	0.01624	0.0	0.0	0.0	0.01178	0.00843	0.0	0.02467	0.0	0.0	0.03613	0.06936
s__Blautia_sp_Marseille_P3201T	0.0	0.0	0.0	0.0	0.01604	0.00239	0.0	0.02544	0.0	0.0	0.0	0.0	0.0	0.0	0.0	0.007
s__Psychrobacter_luti	0.0	0.0	0.0	0.0	0.01601	0.0	0.0	0.0	0.0	0.0	0.0	0.0	0.0	0.0	0.0	0.00198
s__Psychrobacter_sp_FME5	0.0	0.0	0.0	0.0	0.01582	0.0	0.0	0.0	0.0	0.0	0.0	0.0	0.0	0.0	0.0	0.00817
s__Parvimonas_sp_oral_taxon_110	0.0	0.0	0.0	0.0	0.01542	0.0	0.0	0.0	0.0	0.0	0.0	0.0	0.0	0.0	0.0	0.0
s__Slackia_faecicanis	0.0	0.0	0.0	0.0	0.01478	0.0	0.0	0.0	0.0	0.0	0.0	0.0	0.0	0.0	0.0	0.0
s__Paraprevotella_xylaniphila	0.0	0.0	0.0	0.0	0.01448	0.0	0.0	0.01655	0.0	0.0	0.0	0.07798	0.0	0.0	0.0115	0.0
s__Psychrobacter_sp_FME13	0.0	0.0	0.0	0.0	0.01446	0.0	0.0	0.0	0.0	0.0	0.0	0.0	0.0	0.0	0.0	0.0019
s__Acinetobacter_sp_ANC_3832	0.0	0.0	0.0	0.0	0.01356	0.01801	0.0	0.0	0.0	0.0	0.0	0.0	0.0	0.0	0.0	0.0
s__Psychrobacter_sp_DAB_AL32B	0.0	0.0	0.0	0.0	0.01354	0.0	0.0	0.0	0.0	0.0	0.0	0.0	0.0	0.0	0.0	0.00551
s__Peptacetobacter_SGB6132	0.0	0.0	0.0	0.0	0.01336	0.01274	0.0	0.01264	0.47308	0.63094	0.20024	0.12363	0.0	0.0	0.01009	0.02161
s__Psychrobacter_celer	0.0	0.0	0.0	0.0	0.01255	0.0	0.0	0.0	0.0	0.0	0.0	0.0	0.0	0.0	0.0	0.0
s__Rhodococcus_sp_ARC_M6	0.0	0.0	0.0	0.0	0.01239	0.0	0.0	0.0	0.0	0.0	0.0	0.0	0.0	0.0	0.0	0.0
s__GGB81431_SGB70925	0.0	0.0	0.0	0.0	0.01183	0.76992	0.0	0.20809	0.0	0.0	0.0	0.0	0.0	0.0	0.01327	0.00426
s__Microterricola_gilva	0.0	0.0	0.0	0.0	0.01151	0.0	0.0	0.0	0.0	0.0	0.0	0.0	0.0	0.0	0.0	0.0
s__Streptococcus_dysgalactiae	0.0	0.0	0.0	0.0	0.01148	0.0	0.0	0.0	0.0	0.0	0.0	0.0	0.0	0.0	0.0	0.0
s__Nitrosarchaeum_koreense	0.0	0.0	0.0	0.0	0.01105	0.0	0.38002	0.0	0.20164	0.0	0.0	0.0	0.0	0.0	0.0	0.0
s__Salinibacterium_hongtaonis	0.0	0.0	0.0	0.0	0.01021	0.0	0.0	0.0	0.0	0.0	0.0	0.0	0.0	0.0	0.0	0.0
s__Solobacterium_moorei	0.0	0.0	0.0	0.0	0.01	0.0	0.0	0.0	0.0	0.0	0.0	0.0	0.0	0.0	0.0	0.0
s__GGB3548_SGB4744	0.0	0.0	0.0	0.0	0.00955	0.0	0.0	0.0	0.00697	0.01799	0.0477	0.03342	0.0	0.0	0.05147	0.2165
s__Psychrobacillus_sp_INOP01	0.0	0.0	0.0	0.0	0.00927	0.0	0.0	0.0	0.0	0.0	0.0	0.0	0.0	0.0	0.0	0.0
s__Kaistella_flava_ex_Peng_et_al_2021	0.0	0.0	0.0	0.0	0.00885	0.0	0.0	0.0	0.0	0.0	0.0	0.0	0.0	0.0233	0.0	0.00631
s__Halopseudomonas_bauzanensis	0.0	0.0	0.0	0.0	0.00884	0.0	0.0	0.0	0.0	0.0	0.0	0.0	0.0	0.22967	0.0	0.0
s__Micromonospora_orduensis	0.0	0.0	0.0	0.0	0.00869	0.0	0.0	0.0	0.0	0.0	0.0	0.0	0.0	0.0	0.0	0.0
s__GGB48667_SGB72905	0.0	0.0	0.0	0.0	0.00861	0.0	0.0	0.0	0.0	0.0	0.0	0.0	0.0	0.0	0.0	0.00648
s__Paeniglutamicibacter_kerguelensis	0.0	0.0	0.0	0.0	0.00859	0.0	0.0	0.0	0.0	0.0	0.0	0.0	0.0	0.0	0.0	0.0
s__Paeniglutamicibacter_cryotolerans	0.0	0.0	0.0	0.0	0.00844	0.0	0.0	0.0	0.0	0.0	0.0	0.0	0.0	0.0	0.0	0.00148
s__GGB45559_SGB63246	0.0	0.0	0.0	0.0	0.00802	0.0	0.02845	0.0	0.0	0.0	0.0	0.11182	0.0	0.0	0.01179	0.05226
s__Alcaligenes_aquatilis	0.0	0.0	0.0	0.0	0.00777	0.0	0.0	0.0	0.0	0.0	0.0	0.0	0.0	0.0	0.0	0.0
s__Escherichia_fergusonii	0.0	0.0	0.0	0.0	0.00767	0.00956	0.0	0.0	0.0	0.0	0.08574	0.0	0.0	0.07782	0.0	0.0
s__Clostridium_sardiniense	0.0	0.0	0.0	0.0	0.00753	0.0	0.0	0.0	0.0	0.0	0.0	0.0045	0.0	0.0	0.0	0.00297
s__GGB3600_SGB4861	0.0	0.0	0.0	0.0	0.00739	0.0	0.0	0.0	0.0	0.0	0.0	0.0	0.0	0.0	0.03117	0.05511
s__GGB49922_SGB69917	0.0	0.0	0.0	0.0	0.00735	0.0	0.0	0.0	0.0	0.0	0.0	0.0	0.0	0.0	0.0	0.0
s__Sporosarcina_quadrami	0.0	0.0	0.0	0.0	0.00729	0.0	0.0	0.0	0.0	0.0	0.05804	0.0	0.0	0.0	0.0	0.0
s__Helicobacter_cinaedi	0.0	0.0	0.0	0.0	0.00719	0.0	1.51488	0.08156	0.0	0.0	0.0	0.57258	0.0	0.0	0.0	0.71761
s__Flavobacterium_sp_NKUCC04_CG	0.0	0.0	0.0	0.0	0.00708	0.09681	0.0	0.0	0.0	0.0	0.0	0.0	0.0	0.0	0.0	0.00379
s__Ruminococcus_gnavus	0.0	0.0	0.0	0.0	0.00705	0.0	0.0	0.0	0.0	0.0	0.0	0.0326	0.0	0.0	0.00947	0.12296
s__GGB50771_SGB70938	0.0	0.0	0.0	0.0	0.007	0.0	0.0	0.0	0.0	0.0	0.0	0.0	0.0	0.0	0.0	0.0
s__Pseudomonas_deceptionensis	0.0	0.0	0.0	0.0	0.007	0.0	0.0	0.0	0.0	0.0	0.0	0.0	0.0	0.0	0.0	0.0
s__GGB86908_SGB115908	0.0	0.0	0.0	0.0	0.00661	0.51002	0.04241	5.4308	0.0	0.0	0.0	0.0	0.0	0.0	0.0	0.00051
s__Bacteroides_eggerthii	0.0	0.0	0.0	0.0	0.00658	0.0	0.02076	0.00152	0.0	0.0	0.0	0.0	0.0	0.0	0.03871	0.02825
s__Streptococcus_gallinaceus	0.0	0.0	0.0	0.0	0.00657	0.0	0.0	0.0	0.0	0.0	0.0	0.38829	0.0	0.0	0.0	0.0
s__Pseudomonas_taetrolens	0.0	0.0	0.0	0.0	0.00644	0.0	0.0	0.04092	0.0	0.0	0.0	0.0	0.0	0.69112	0.0	0.00159
s__GGB55957_SGB77276	0.0	0.0	0.0	0.0	0.00631	0.00267	0.0	0.0	0.0	0.0	0.0	0.0	0.0	0.0	0.00921	0.00722
s__Microbacterium_sp_NC79	0.0	0.0	0.0	0.0	0.00628	0.0	0.0	0.0	0.0	0.0	0.0	0.0	0.0	0.01348	0.0	0.0
s__Leucobacter_sp_CX169	0.0	0.0	0.0	0.0	0.0058	0.0	0.0	0.0	0.0	0.0	0.0	0.0	0.0	0.0	0.0	0.03061
s__Stenotrophomonas_SGB57017	0.0	0.0	0.0	0.0	0.00578	0.0	0.0	0.0	0.01946	0.0	0.0	0.0	0.0	0.05587	0.0	0.0
s__Psychrobacter_glaciei	0.0	0.0	0.0	0.0	0.00575	0.0	0.0	0.0	0.0	0.0	0.0	0.0	0.0	0.0	0.0	0.00173
s__Paenibacillus_nasutitermitis	0.0	0.0	0.0	0.0	0.00564	0.0	0.0	0.0	0.0	0.0	0.0	0.0	0.0	0.0	0.0	0.0
s__Vagococcus_allomyrinae	0.0	0.0	0.0	0.0	0.00564	0.0	0.0	0.0	0.0	0.0	0.0	0.0	0.0	0.0	0.0	0.0
s__Psychrobacter_frigidicola	0.0	0.0	0.0	0.0	0.0055	0.0	0.0	0.0	0.0	0.0	0.0	0.0	0.0	0.0	0.0	0.0
s__Clostridium_chrysemydis	0.0	0.0	0.0	0.0	0.00547	0.0	0.0	0.0	0.0	0.0	0.0	0.0	0.0	0.0	0.0	0.00091
s__Homoserinimonas_aerilata	0.0	0.0	0.0	0.0	0.00536	0.0	0.0	0.0	0.0	0.0	0.0	0.0	0.0	0.09177	0.0	0.00457
s__Psychrobacillus_psychrodurans	0.0	0.0	0.0	0.0	0.00536	0.0	0.0	0.0	0.0	0.0	0.1056	0.0	0.0	0.08074	0.0	0.0
s__Fusobacterium_sp_DD14	0.0	0.0	0.0	0.0	0.00533	0.01169	0.0	0.0055	0.0	0.0	0.0	0.0	0.0	0.0	0.00928	0.00364
s__Psychrobacter_sp_NG254	0.0	0.0	0.0	0.0	0.00529	0.0	0.0	0.0	0.0	0.0	0.0	0.0	0.0	0.0	0.0	0.00035
s__Brucella_rhizosphaerae	0.0	0.0	0.0	0.0	0.00503	0.0	0.0	0.0	0.0	0.0	0.0	0.0	0.0	0.0	0.0	0.0
s__Glutamicibacter_arilaitensis	0.0	0.0	0.0	0.0	0.00498	0.11377	0.0	0.0181	0.0	0.0	0.0262	0.0	0.0	0.02127	0.0	0.0
s__Microbacterium_keratanolyticum	0.0	0.0	0.0	0.0	0.0049	0.0	0.0	0.0	0.01984	0.06887	0.0	0.06614	0.6334	0.0	0.0	0.0
s__GGB49462_SGB69384	0.0	0.0	0.0	0.0	0.00484	0.0	0.0	0.0	0.0	0.0	0.0	0.0	0.0	0.0	0.0	0.0
s__Blautia_SGB59878	0.0	0.0	0.0	0.0	0.00468	0.0	0.0	0.0	0.0	0.0	0.0	0.0	0.0	0.0	0.0	0.03555
s__Hafnia_paralvei	0.0	0.0	0.0	0.0	0.00438	0.0	0.0	0.0	0.0	0.0	0.0	0.0	0.0	0.0	0.0	0.0
s__Proteus_mirabilis	0.0	0.0	0.0	0.0	0.00433	0.76351	0.0	0.0	0.0	0.0	0.00196	0.0	0.0	0.0	0.0	0.0
s__Sanguibacter_suarezii	0.0	0.0	0.0	0.0	0.0043	0.0	0.0	0.0	0.0	0.0	0.0	0.0	0.0	0.0	0.0	0.0
s__Bacteroides_faecis	0.0	0.0	0.0	0.0	0.00429	0.0	0.0	0.0	0.0	0.0	0.0	0.0	0.0	0.0	0.00783	0.00956
s__Clostridium_mediterraneense	0.0	0.0	0.0	0.0	0.00428	0.0	0.0	0.0	0.0	0.0	0.0	0.0	0.0	0.0	0.0	0.00045
s__Acinetobacter_sp_TGL_Y2	0.0	0.0	0.0	0.0	0.00427	0.0	0.0	0.0	0.0	0.0	0.0	0.0	0.0	0.0	0.0	0.0
s__Psychrobacter_coccoides	0.0	0.0	0.0	0.0	0.00417	0.0	0.0	0.0	0.0	0.0	0.0	0.0	0.0	0.0	0.0	0.0
s__Stenotrophomonas_koreensis	0.0	0.0	0.0	0.0	0.00415	0.0	0.0	0.0	0.01856	0.0	0.0	0.0	0.0	0.05188	0.0	0.0
s__Bacteroides_sp_OF04_15BH	0.0	0.0	0.0	0.0	0.00407	0.0	0.0	0.0	0.44489	0.7237	0.0	0.65667	0.0	0.0	0.0	0.0
s__Solibacillus_cecembensis	0.0	0.0	0.0	0.0	0.00391	0.0	0.0	0.0	0.0	0.0	0.0	0.0	0.0	0.0	0.0	0.0
s__Mediterraneibacter_SGB71712	0.0	0.0	0.0	0.0	0.00387	0.0	0.0	0.0	0.0	0.0	0.0	0.0	0.0	0.0	0.0	0.00967
s__Sphingobacterium_nematocida	0.0	0.0	0.0	0.0	0.00363	0.0	0.0	0.0	0.0	0.0	0.0	0.00909	0.0	0.0	0.0	0.0
s__Psychrobacter_sp_NG25	0.0	0.0	0.0	0.0	0.00346	0.0	0.0	0.0	0.0	0.0	0.0	0.0	0.0	0.0	0.0	0.0
s__Peptostreptococcus_russellii	0.0	0.0	0.0	0.0	0.00338	0.00596	0.0	0.1581	0.0	0.0	0.0	0.0	0.03688	0.0	0.06892	0.0
s__Psychrobacter_sp_72_O_c	0.0	0.0	0.0	0.0	0.00337	0.0	0.0	0.0	0.0	0.0	0.0	0.0	0.0	0.0	0.0	0.0
s__Kaistella_antarctica	0.0	0.0	0.0	0.0	0.00333	0.0	0.0	0.0	0.0	0.0	0.0	0.0	0.0	0.0	0.0	0.00621
s__Psychrobacter_sp_P11G5	0.0	0.0	0.0	0.0	0.00333	0.0	0.0	0.0	0.0	0.0	0.0	0.0	0.0	0.0	0.0	0.0
s__Psychrobacter_sp_Cmf_22_2	0.0	0.0	0.0	0.0	0.00332	0.0	0.0	0.0	0.0	0.0	0.0	0.0	0.0	0.0	0.0	0.0
s__Alcaligenes_sp_SORT26	0.0	0.0	0.0	0.0	0.00326	0.0	0.0	0.0	0.07585	0.0	0.0	0.0	0.0	0.0	0.0	0.0
s__Psychrobacter_urativorans	0.0	0.0	0.0	0.0	0.00322	0.0	0.0	0.0	0.0	0.0	0.0	0.0	0.0	0.0	0.0	0.0
s__Tomitella_biformata	0.0	0.0	0.0	0.0	0.00322	0.0	0.0	0.0	0.0	0.0	0.0	0.0	0.0	0.0	0.0	0.00295
s__Nocardiopsis_ganjiahuensis	0.0	0.0	0.0	0.0	0.00314	0.0	0.0	0.0	0.0	0.0	0.0	0.0	0.0	0.0	0.0	0.0
s__Sanguibacter_gelidistatuariae	0.0	0.0	0.0	0.0	0.00312	0.0	0.0	0.0	0.0	0.0	0.0	0.0	0.0	0.0	0.0	0.0
s__Psychrobacter_pasteurii	0.0	0.0	0.0	0.0	0.0031	0.0	0.0	0.0	0.0	0.0	0.0	0.0	0.0	0.0	0.0	0.0
s__Yersinia_rohdei	0.0	0.0	0.0	0.0	0.00307	0.0	0.0	0.0	0.0	0.0	0.0	0.0	0.0	0.0	0.0	0.0
s__Fusobacterium_necrophorum	0.0	0.0	0.0	0.0	0.00306	0.0	0.0	0.0	0.0	0.0	0.0	0.0	0.0	0.0	0.0	0.0
s__Nocardiopsis_prasina	0.0	0.0	0.0	0.0	0.00299	0.0	0.0	0.0	0.0	0.0	0.0	0.0	0.0	0.0	0.0	0.0
s__Rhodococcus_sp_OK302	0.0	0.0	0.0	0.0	0.00288	0.0	0.0	0.0	0.0	0.0	0.0	0.0	0.0	0.0	0.0	0.0
s__GGB3603_SGB4866	0.0	0.0	0.0	0.0	0.00259	0.0	0.0	0.0	0.0	0.0	0.0	0.0	0.0	0.0	0.01528	0.06184
s__Sphingobacterium_faecium	0.0	0.0	0.0	0.0	0.00253	0.0	0.0	0.0	0.0	0.0	0.0	0.0	0.13671	0.13538	0.0	0.0
s__Mediterraneibacter_sp_DSM_111629	0.0	0.0	0.0	0.0	0.00244	0.0	0.0	0.0	0.0	0.0	0.0	0.0	0.0	0.0	0.0	0.00377
s__Flavobacterium_baculatum	0.0	0.0	0.0	0.0	0.00237	0.0	0.0	0.0	0.0	0.0	0.00738	0.0	0.0	0.9696	0.0	0.0
s__Staphylococcus_pseudintermedius	0.0	0.0	0.0	0.0	0.00237	0.0	0.0	0.0	0.0	0.0	0.0	0.0	0.05009	0.0	0.01221	0.00346
s__Flavobacterium_flabelliforme	0.0	0.0	0.0	0.0	0.00234	0.0	0.0	0.0	0.0	0.0	0.0	0.0	0.0	0.0	0.0	0.07026
s__Firmicutes_unclassified_SGB47659	0.0	0.0	0.0	0.0	0.00227	0.0	0.0	0.0	0.0	0.0	0.0	0.01228	0.0	0.0	0.08889	0.05958
s__Bacteroides_gallinarum	0.0	0.0	0.0	0.0	0.00221	0.0	0.0	0.0	0.0	0.0	0.0	0.0	0.0	0.0	0.01948	0.00577
s__Sporosarcina_sp_A4	0.0	0.0	0.0	0.0	0.00192	0.0	0.0	0.0	0.0	0.0	0.0	0.0	0.0	0.0	0.0	0.0
s__Streptosporangium_violaceochromogenes	0.0	0.0	0.0	0.0	0.00192	0.02819	0.07668	0.23055	0.13462	0.02623	0.23061	0.15686	0.0	0.03706	1.18773	0.0
s__Sanguibacter_inulinus	0.0	0.0	0.0	0.0	0.00183	0.0	0.0	0.0	0.0	0.0	0.0	0.0	0.0	0.1096	0.0	0.0
s__GGB14982_SGB22687	0.0	0.0	0.0	0.0	0.0018	0.0	0.0	0.0	0.02667	0.0104	0.0	0.0	0.0	0.02652	0.0	0.0
s__Capnocytophaga_canis	0.0	0.0	0.0	0.0	0.00179	0.00949	0.0	0.0	0.0	0.0	0.0	0.0	0.0	0.0	0.0	0.0
s__Microbacterium_commune	0.0	0.0	0.0	0.0	0.00176	0.00136	0.0	0.0	0.01192	0.01522	0.0	0.0	0.0	0.0	0.0	0.0
s__Filibacter_tadaridae	0.0	0.0	0.0	0.0	0.00174	0.0	0.0	0.0	0.0	0.0	0.0	0.0	0.0	0.0	0.0	0.0
s__GGB8177_SGB12496	0.0	0.0	0.0	0.0	0.00173	0.0	0.0	0.0	0.00828	0.0	0.0	0.0	0.0	0.02439	0.0	0.0
s__Psychrobacter_jeotgali	0.0	0.0	0.0	0.0	0.00172	0.0	0.0	0.0	0.0	0.0	0.0	0.0	0.0	0.0	0.0	0.0
s__Bacteroides_clarus	0.0	0.0	0.0	0.0	0.0017	0.08953	0.0	0.0	0.0	0.0	0.0	0.0	0.0	0.0	0.02775	0.00718
s__Psychrobacter_aquaticus	0.0	0.0	0.0	0.0	0.00162	0.0	0.0	0.0	0.0	0.0	0.0	0.0	0.0	0.0	0.0	0.0
s__Flavobacterium_sp_xlx_214	0.0	0.0	0.0	0.0	0.00156	0.0	0.0	0.0	0.0	0.0	0.0	0.0	0.0	0.00183	0.0	0.0
s__Fusobacterium_sp_IOR10	0.0	0.0	0.0	0.0	0.00155	0.0155	0.0	0.0015	0.0	0.0	0.0	0.0	0.0	0.0	0.00042	0.00026
s__Psychrobacter_fulvigenes	0.0	0.0	0.0	0.0	0.00143	0.0	0.0	0.0	0.0	0.0	0.0	0.0	0.0	0.0	0.0	0.0
s__Pseudomonas_paraversuta	0.0	0.0	0.0	0.0	0.00142	0.0	0.0	0.00964	0.0	0.0	0.0	0.0	0.0	0.01334	0.0	0.0
s__Kurthia_gibsonii	0.0	0.0	0.0	0.0	0.0014	0.0	0.0	0.0	0.0	0.0	0.0	0.0	0.0	0.0	0.0	0.0
s__Bacteroides_propionicigenes	0.0	0.0	0.0	0.0	0.00137	0.0	0.0	0.0	0.0	0.0	0.0	0.00225	0.0	0.0	0.01957	0.0062
s__Cetobacterium_ceti	0.0	0.0	0.0	0.0	0.00131	0.01029	0.0	0.00165	0.0	0.0	0.0	0.0	0.0	0.0	0.00224	0.00043
s__Sanguibacter_keddieii	0.0	0.0	0.0	0.0	0.00127	0.0	0.0	0.0	0.0	0.0	0.0	0.0	0.0	0.0	0.0	0.0
s__Sporosarcina_limicola	0.0	0.0	0.0	0.0	0.00115	0.0	0.0	0.0	0.0	0.0	0.0	0.0	0.0	0.0	0.0	0.0
s__Flavimobilis_soli	0.0	0.0	0.0	0.0	0.00109	0.0	0.0	0.0	0.13438	0.01796	0.0	0.0	0.0	0.0	0.0	0.0
s__Candidatus_Manganitrophus_noduliformans	0.0	0.0	0.0	0.0	0.00105	0.0	0.0	0.0	0.0	0.0	0.0	0.0	0.0	0.0	0.0	0.0
s__Peptostreptococcus_canis	0.0	0.0	0.0	0.0	0.00104	0.0	0.0	0.0	0.0	0.0	0.0	0.0	0.0	0.0	0.0	0.0
s__Lachnospiraceae_unclassified_SGB4550	0.0	0.0	0.0	0.0	0.00103	0.05292	0.0	0.0	0.0	0.0	0.0	0.0	0.0	0.0	0.0	0.00616
s__Stenotrophomonas_ginsengisoli	0.0	0.0	0.0	0.0	0.00096	0.0	0.0	0.0	0.02638	0.0	0.00675	0.0	0.0	0.02868	0.0	0.0
s__Helcococcus_sueciensis	0.0	0.0	0.0	0.0	0.00095	0.0	0.0	0.0	0.0	0.0	0.0	0.0	0.0	0.0	0.0	0.0
s__Actinomyces_weissii	0.0	0.0	0.0	0.0	0.0009	0.0	0.0	0.0	0.0	0.0	0.0	0.0	0.0	0.01022	0.0	0.0
s__GGB77896_SGB108027	0.0	0.0	0.0	0.0	0.00089	0.0	0.0	0.0	0.00989	0.0	0.0	0.0	0.0	0.00907	0.0	0.0
s__Rhizocola_hellebori	0.0	0.0	0.0	0.0	0.00089	0.0	0.0	0.0	0.0	0.0	0.0	0.0	0.0	0.0	0.0	0.0
s__Sediminihabitans_luteus	0.0	0.0	0.0	0.0	0.00089	0.0	0.0	0.0	0.0	0.0	0.0	0.0	0.0	0.0	0.0	0.0
s__Lysobacter_sp_CJ11	0.0	0.0	0.0	0.0	0.00087	0.0	0.0	0.0	0.0	0.0	0.0	0.0	0.0	0.00377	0.0	0.0
s__GGB4385_SGB6032	0.0	0.0	0.0	0.0	0.00085	0.02471	0.0	0.04768	0.0	0.0	0.0	0.0	0.0	0.0	0.0	0.00083
s__Pseudoxanthomonas_dokdonensis	0.0	0.0	0.0	0.0	0.00083	0.0	0.0	0.0	0.0	0.0	0.0	0.0	0.0	0.00685	0.0	0.0
s__Halopseudomonas_litoralis	0.0	0.0	0.0	0.0	0.00073	0.0	0.0	0.0	0.0	0.0	0.0	0.0	0.0	0.0	0.0	0.0
s__Psychrobacter_glacincola	0.0	0.0	0.0	0.0	0.00068	0.0	0.0	0.0	0.0	0.0	0.0	0.0	0.0	0.0	0.0	0.0
s__Myroides_sp_SCSIO_72103	0.0	0.0	0.0	0.0	0.00058	0.0	0.0	0.0	0.0	0.0	0.0	0.0	0.0	0.01825	0.0	0.0
s__Tyzzerella_SGB4454	0.0	0.0	0.0	0.0	0.00048	0.0	0.0	0.0	0.0	0.0	0.0	0.0	0.0	0.0	0.0	0.0
s__Lysobacter_oculi	0.0	0.0	0.0	0.0	0.00045	0.0	0.0	0.0	0.01938	0.0	0.0	0.0	0.0	0.0147	0.0	0.0
s__Pseudomonas_versuta	0.0	0.0	0.0	0.0	0.00038	0.0	0.0	0.0	0.0	0.0	0.0	0.0	0.0	0.0	0.0	0.0
s__GGB45559_SGB105792	0.0	0.0	0.0	0.0	0.00037	0.0	0.0	0.0	0.0	0.0	0.0	0.0095	0.0	0.0	0.0	0.02041
s__Arthrobacter_stackebrandtii	0.0	0.0	0.0	0.0	0.00034	0.0	0.0	0.0	0.0	0.0	0.0	0.0	0.0	0.0	0.0	0.0
s__Flavobacterium_viscosum	0.0	0.0	0.0	0.0	0.00032	0.0	0.0	0.0	0.0	0.0	0.0	0.0	0.0	0.0993	0.0	0.0
s__Acidovorax_sp_Be4	0.0	0.0	0.0	0.0	0.0002	0.0	0.0	0.0	0.0	0.0	0.0	0.0	0.0	0.0	0.0	0.0
s__Buttiauxella_sp_B2	0.0	0.0	0.0	0.0	0.0002	0.0	0.0	0.0	0.0	0.0	0.0	0.0	0.0	0.0	0.0	0.0
s__Proteus_myxofaciens	0.0	0.0	0.0	0.0	0.00017	0.0	0.0	0.0	0.0	0.0	0.0	0.0	0.0	0.0	0.0	0.0
s__Lelliottia_amnigena	0.0	0.0	0.0	0.0	0.0	0.28291	0.0	0.0	0.0	0.0	0.00479	0.0	0.0	0.12075	0.0	0.0
s__Clostridiaceae_bacterium	0.0	0.0	0.0	0.0	0.0	0.21756	0.0	0.11962	0.0	0.0	0.01732	0.0	0.0	0.0	0.0	0.0
s__Methanobrevibacter_smithii	0.0	0.0	0.0	0.0	0.0	0.12858	0.0	0.63903	0.0	0.0	0.0	0.0	3.18077	0.0	0.0	0.0
s__Anaerobiospirillum_thomasii	0.0	0.0	0.0	0.0	0.0	0.11215	0.0	0.01485	0.13269	0.21795	0.0	0.04838	0.0	0.0	0.10163	0.12967
s__Turicibacter_sanguinis	0.0	0.0	0.0	0.0	0.0	0.10156	0.0	0.03056	0.0	0.0	0.0	0.0	0.0	0.0	0.0	0.0
s__Clostridium_celatum	0.0	0.0	0.0	0.0	0.0	0.09602	0.0	0.25389	0.0	0.0	0.0	0.0	0.0	0.0	0.0	0.0
s__Peptostreptococcaceae_bacterium	0.0	0.0	0.0	0.0	0.0	0.08502	0.0	0.02813	0.0	0.0	0.0	0.0	0.0	0.0	0.0	0.0
s__GGB10111_SGB93302	0.0	0.0	0.0	0.0	0.0	0.08417	0.0	0.0	0.0	0.0	0.0	0.0	0.0	0.0	0.0	0.0
s__GGB35456_SGB66051	0.0	0.0	0.0	0.0	0.0	0.0558	0.1098	0.22551	0.0	0.0	0.0	0.0	0.0	0.0	0.0	0.03549
s__Agrococcus_casei	0.0	0.0	0.0	0.0	0.0	0.05542	0.0	0.0	0.0	0.0	0.0	0.0	0.0	0.0	0.0	0.0
s__Glutamicibacter_protophormiae	0.0	0.0	0.0	0.0	0.0	0.04713	0.0	0.0	0.1094	0.0	0.10439	0.0	0.0	0.02046	0.0	0.0
s__Clostridium_algidicarnis	0.0	0.0	0.0	0.0	0.0	0.04194	0.114	0.0	0.0	0.0	0.0	0.0	0.0	0.0	0.0	0.0
s__GGB53671_SGB122549	0.0	0.0	0.0	0.0	0.0	0.04034	0.0	0.0	0.0	0.0	0.0	0.10656	0.0	0.0	0.0	0.0
s__Psychrobacter_alimentarius	0.0	0.0	0.0	0.0	0.0	0.0382	0.0	0.07534	0.0	0.0	0.0	0.0	0.0	0.0	0.0	0.0
s__Clostridium_butyricum	0.0	0.0	0.0	0.0	0.0	0.03507	0.0	0.0	0.0	0.0	0.0	0.0	0.0	0.0	0.0	0.0
s__Halomonas_hydrothermalis	0.0	0.0	0.0	0.0	0.0	0.03114	0.0	0.0	0.0	0.0	0.0	0.0	0.0	0.0	0.0	0.0
s__Brachybacterium_massiliense	0.0	0.0	0.0	0.0	0.0	0.03054	0.0	0.0	0.0	0.0	0.0	0.0	0.0	0.0	0.0	0.0
s__Rheinheimera_sp_D18	0.0	0.0	0.0	0.0	0.0	0.02927	0.0	0.0	0.0	0.0	0.0	0.0	0.0	0.17376	0.01065	0.48618
s__Acinetobacter_johnsonii	0.0	0.0	0.0	0.0	0.0	0.02557	0.0	0.0	0.0	0.0	0.08873	0.0	0.0	0.05399	0.0	0.0
s__Corynebacterium_casei	0.0	0.0	0.0	0.0	0.0	0.02366	0.0	0.0	0.0	0.0	0.0	0.0	0.0	0.0	0.0	0.0
s__GGB42184_SGB59334	0.0	0.0	0.0	0.0	0.0	0.02189	0.0	0.02824	0.0	0.0	0.0	0.0	0.0	0.0	0.0	0.0
s__Aeromonas_bestiarum	0.0	0.0	0.0	0.0	0.0	0.02127	0.0	0.0	0.0	0.0	0.0	0.0	0.0	0.0	0.0	0.0
s__GGB9511_SGB14908	0.0	0.0	0.0	0.0	0.0	0.01939	0.0	0.4081	0.0	0.0	0.0	0.0	0.02908	0.0	0.19622	0.0
s__Phocaeicola_sartorii	0.0	0.0	0.0	0.0	0.0	0.01773	0.0	0.0	0.0	0.0	0.0	0.0	0.0	0.0	0.06651	0.01644
s__GGB61943_SGB84076	0.0	0.0	0.0	0.0	0.0	0.01651	0.05897	0.0	0.0	0.0	0.0	0.0	0.0	0.0	0.0	0.0
s__Parabacteroides_distasonis	0.0	0.0	0.0	0.0	0.0	0.01574	0.0	0.02531	0.0	0.0	0.0	0.0	0.13043	0.0	0.03961	0.05914
s__Psychrobacter_arenosus	0.0	0.0	0.0	0.0	0.0	0.01515	0.0	0.0	0.0	0.0	0.0	0.0	0.0	0.0	0.0	0.0
s__Kaistella_carnis	0.0	0.0	0.0	0.0	0.0	0.01512	0.0	0.0	0.0	0.0	0.0	0.0	0.0	0.0	0.0	0.00468
s__GGB30134_SGB43057	0.0	0.0	0.0	0.0	0.0	0.01478	0.0	0.0	0.0	0.0	0.0	0.0	0.0	0.0	0.0	0.0
s__GGB6572_SGB9284	0.0	0.0	0.0	0.0	0.0	0.01295	0.68201	0.0	0.29303	0.40198	0.0	0.07367	0.0	0.0	0.0	0.0
s__Paraclostridium_bifermentans	0.0	0.0	0.0	0.0	0.0	0.01266	0.0	0.0	0.0	0.0	0.0	0.0	0.00551	0.0	0.0	0.0
s__GGB1627_SGB2227	0.0	0.0	0.0	0.0	0.0	0.01151	0.0	0.05742	0.0	0.0	0.0	0.0	0.0	0.0	0.0	0.0
s__Capnocytophaga_cynodegmi	0.0	0.0	0.0	0.0	0.0	0.01043	0.0	0.0	0.0	0.0	0.0	0.0	0.0	0.0	0.0	0.0
s__Fusobacterium_mortiferum	0.0	0.0	0.0	0.0	0.0	0.00974	0.0	1.42217	0.0	0.0	0.0	0.0	0.01737	0.0	0.0	0.0
s__Methylotenera_versatilis	0.0	0.0	0.0	0.0	0.0	0.00938	0.0	0.0	0.0	0.0	0.0	0.0	0.0	0.0	0.0	0.00011
s__Comamonas_suwonensis	0.0	0.0	0.0	0.0	0.0	0.00848	0.0	0.0	0.00475	0.0	0.0	0.0	2.06054	0.0	0.0	0.0
s__GGB3743_SGB5086	0.0	0.0	0.0	0.0	0.0	0.0081	0.0	0.0206	0.0	0.0	0.03391	0.0	0.09119	0.0	0.07243	0.0
s__Planomicrobium_sp_REN8	0.0	0.0	0.0	0.0	0.0	0.00805	0.0	0.0	0.0	0.0	0.0	0.0	0.0	0.0	0.0	0.0
s__GGB42928_SGB123144	0.0	0.0	0.0	0.0	0.0	0.00776	0.0	0.0	0.0	0.0	0.0	0.0	0.0	0.0	0.0	0.04526
s__Holdemanella_porci	0.0	0.0	0.0	0.0	0.0	0.00646	0.0	0.33833	0.0	0.0	0.0	0.0	1.0136	0.0	0.03397	0.0
s__Phocaeicola_dorei	0.0	0.0	0.0	0.0	0.0	0.00643	0.0	0.0	0.0	0.0	0.0	0.0	0.0	0.0	0.0	0.00677
s__Flavobacterium_cerinum	0.0	0.0	0.0	0.0	0.0	0.0063	0.0	0.0	0.0	0.0	0.0	0.0	0.0	0.0	0.0	0.0
s__Peptacetobacter_hominis	0.0	0.0	0.0	0.0	0.0	0.00604	0.0	0.0	0.0	0.0	0.0	0.0	0.0	0.0	0.0	0.0043
s__GGB3600_SGB47662	0.0	0.0	0.0	0.0	0.0	0.006	0.0	0.0	0.0	0.0	0.0	0.0	0.0	0.0	0.0	0.01629
s__GGB3217_SGB4249	0.0	0.0	0.0	0.0	0.0	0.00472	0.0	0.0	0.0	0.0	0.0	0.0	0.0	0.0	0.0	0.0
s__GGB50802_SGB106454	0.0	0.0	0.0	0.0	0.0	0.00427	0.0	0.00285	0.96384	0.85314	2.23748	0.15253	0.0	0.0	0.01554	0.00051
s__GGB1380_SGB1883	0.0	0.0	0.0	0.0	0.0	0.00426	0.0	0.15227	0.0	0.0	0.0	0.0	0.0	0.0	0.0	0.0
s__Solibacillus_silvestris	0.0	0.0	0.0	0.0	0.0	0.0041	0.0	0.0	0.0	0.0	0.0433	0.12054	0.0	0.0	0.0	0.0
s__Fusobacterium_sp_FSA_380_WT_3A	0.0	0.0	0.0	0.0	0.0	0.00292	0.0	0.0	0.0	0.0	0.0	0.0	0.0	0.0	0.0	0.0
s__GGB1457_SGB2020	0.0	0.0	0.0	0.0	0.0	0.00253	0.0	0.78912	0.0	0.0	0.0	0.0	0.0	0.0	0.0021	0.0
s__GGB92565_SGB133354	0.0	0.0	0.0	0.0	0.0	0.0023	0.0	0.0	0.0	0.00267	0.0	0.0	0.0	0.0	0.0	0.0
s__Clostridium_saudiense	0.0	0.0	0.0	0.0	0.0	0.00164	0.0	0.02875	0.0	0.0	0.0	0.0	0.0	0.0	0.0	0.0
s__GGB10693_SGB17348	0.0	0.0	0.0	0.0	0.0	0.00087	0.0	0.14599	0.0	0.0	0.0	0.0	0.0	0.0	0.0	0.0
s__Carnobacterium_inhibens	0.0	0.0	0.0	0.0	0.0	0.00076	0.0	0.0	0.0	0.0	0.0	0.0	0.0	0.03523	0.0	0.03623
s__Cetobacterium_sp_2A	0.0	0.0	0.0	0.0	0.0	0.00073	0.0	0.00149	0.0	0.0	0.0	0.0	0.0	0.0	0.0	0.0
s__Paracoccus_everestensis	0.0	0.0	0.0	0.0	0.0	0.00062	0.0	0.0	0.0	0.0	0.0	0.0	0.0	0.0	0.0	0.0
s__Fusobacterium_necrogenes	0.0	0.0	0.0	0.0	0.0	0.00051	0.0	0.00864	0.0	0.0	0.0	0.0	0.0	0.0	0.0	0.0
s__GGB6601_SGB9333	0.0	0.0	0.0	0.0	0.0	0.0	7.28005	0.08425	0.0	0.0	0.0	0.0	0.0	0.0	0.0	0.0
s__GGB6614_SGB9349	0.0	0.0	0.0	0.0	0.0	0.0	4.96304	0.05282	0.0	0.0	0.0	0.0	0.0	0.0	0.0	0.01423
s__GGB6613_SGB9347	0.0	0.0	0.0	0.0	0.0	0.0	3.82195	0.0	0.0	0.0	0.0	0.0	0.0	0.0	0.0	0.00195
s__Barnesiella_intestinihominis	0.0	0.0	0.0	0.0	0.0	0.0	0.29065	0.02612	0.02743	0.05681	0.0	0.37022	0.0	0.0	0.02649	0.12234
s__Nonomuraea_glycinis	0.0	0.0	0.0	0.0	0.0	0.0	0.2365	0.01582	0.0	0.06406	0.42163	0.09519	0.06164	0.0	0.0	0.0
s__GGB6611_SGB9345	0.0	0.0	0.0	0.0	0.0	0.0	0.22255	0.0	0.0	0.0	0.0	0.0	0.0	0.0	0.0	0.0
s__Bacteroides_caccae	0.0	0.0	0.0	0.0	0.0	0.0	0.17867	0.0	0.0	0.0	0.0	0.0	0.0	0.0	0.0	0.0117
s__GGB6610_SGB9344	0.0	0.0	0.0	0.0	0.0	0.0	0.14395	0.0	0.0	0.0	0.0	0.0	0.0	0.0	0.0	0.0
s__GGB52002_SGB72669	0.0	0.0	0.0	0.0	0.0	0.0	0.12147	0.0	0.0	0.0	0.0	0.0	0.0	0.0	0.03297	0.00731
s__GGB46681_SGB64555	0.0	0.0	0.0	0.0	0.0	0.0	0.10726	0.0	0.0	0.0	0.0	0.0	0.0	0.0	0.0	0.0
s__Bacteroides_SGB63885	0.0	0.0	0.0	0.0	0.0	0.0	0.08129	0.0	0.0	0.0	0.0	0.0	0.02524	0.0	0.01306	0.05776
s__Agriterribacter_humi	0.0	0.0	0.0	0.0	0.0	0.0	0.07762	0.00202	0.0	0.03284	0.0	0.0	0.0	0.00526	0.0	0.0
s__Clostridia_bacterium	0.0	0.0	0.0	0.0	0.0	0.0	0.06567	0.02653	0.0	0.0	0.0	0.05113	0.0	0.0	0.0	0.08624
s__GGB95167_SGB128533	0.0	0.0	0.0	0.0	0.0	0.0	0.06073	0.0	0.0	0.02519	0.0	0.0	0.0	0.0	0.0	0.0
s__GGB35955_SGB107750	0.0	0.0	0.0	0.0	0.0	0.0	0.0587	0.0	0.0	0.01197	0.0	0.0	0.0	0.0	0.0	0.0
s__Glutamicibacter_mishrai	0.0	0.0	0.0	0.0	0.0	0.0	0.05208	0.0	0.06239	0.0	0.03266	0.0	0.0	0.0	0.0	0.0
s__Alistipes_shahii	0.0	0.0	0.0	0.0	0.0	0.0	0.04837	0.11393	0.0	0.0	0.0	0.0	0.00969	0.0	0.0138	0.18202
s__Rhodococcus_sp_SMB37	0.0	0.0	0.0	0.0	0.0	0.0	0.04686	0.0	0.02722	0.0	0.03197	0.0	0.0	0.0	0.0	0.0
s__GGB64273_SGB129139	0.0	0.0	0.0	0.0	0.0	0.0	0.03439	0.0	0.0	0.01583	0.0	0.0	0.0	0.0	0.0	0.0
s__GGB35955_SGB129072	0.0	0.0	0.0	0.0	0.0	0.0	0.03115	0.0	0.0	0.01599	0.0	0.0	0.0	0.0	0.0	0.0
s__GGB15004_SGB62020	0.0	0.0	0.0	0.0	0.0	0.0	0.03031	0.0	0.0	0.0	0.0	0.0	0.0	0.0	0.0	0.0
s__Pseudomonas_viridiflava	0.0	0.0	0.0	0.0	0.0	0.0	0.02815	0.0	0.0	0.0	0.0	0.0	0.0	0.0	0.0	0.0
s__GGB4571_SGB6317	0.0	0.0	0.0	0.0	0.0	0.0	0.02716	0.01689	0.0	0.0	0.0	0.0	0.0	0.0	0.0	0.03424
s__Butyricimonas_faecihominis	0.0	0.0	0.0	0.0	0.0	0.0	0.02565	0.0	0.0	0.0	0.0	0.0	0.0	0.0	0.0	0.0
s__Odoribacter_splanchnicus	0.0	0.0	0.0	0.0	0.0	0.0	0.02488	0.0	0.0	0.0	0.0	0.0	0.0	0.0	0.0	0.0
s__Streptococcus_mitis	0.0	0.0	0.0	0.0	0.0	0.0	0.02343	0.0	0.0	0.0	0.0	0.04437	0.0	0.00943	0.0092	0.01103
s__Hyphomicrobium_album	0.0	0.0	0.0	0.0	0.0	0.0	0.02315	0.0	0.0	0.06228	0.0	0.00323	0.0	0.0	0.0	0.0
s__Helicobacter_heilmannii	0.0	0.0	0.0	0.0	0.0	0.0	0.02005	0.0	0.0	0.0	0.0	0.00517	0.0	0.0	0.0	0.0
s__Chitinophaga_sp_SYP_B3965	0.0	0.0	0.0	0.0	0.0	0.0	0.01948	0.01719	0.0	0.0	0.0	0.00764	0.0	0.00527	0.00412	0.0
s__Helicobacter_sp_NHP19_0012	0.0	0.0	0.0	0.0	0.0	0.0	0.01928	0.0	0.0	0.0	0.0	0.00328	0.0	0.0	0.0	0.0
s__GGB64272_SGB86721	0.0	0.0	0.0	0.0	0.0	0.0	0.01439	0.0	0.0	0.00972	0.0	0.0	0.0	0.0	0.0	0.0
s__Candidatus_Nitrosarchaeum_limnium	0.0	0.0	0.0	0.0	0.0	0.0	0.01273	0.0	0.0	0.0	0.0	0.0	0.0	0.0	0.0	0.0
s__Phocaeicola_faecalis	0.0	0.0	0.0	0.0	0.0	0.0	0.00936	0.0	0.0	0.0	0.0	0.0	0.0	0.0	0.02261	0.03503
s__Rhodococcus_sp_F64268	0.0	0.0	0.0	0.0	0.0	0.0	0.00906	0.0	0.0	0.0	0.0	0.0	0.0	0.0	0.0	0.0
s__Chitinophaga_niabensis	0.0	0.0	0.0	0.0	0.0	0.0	0.00825	0.05485	0.0	0.0	0.0	0.0039	0.0	0.0	0.00322	0.0
s__GGB78212_SGB107748	0.0	0.0	0.0	0.0	0.0	0.0	0.00353	0.0	0.0	0.02084	0.0	0.0	0.0	0.0	0.0	0.0
s__Neorhizobium_xiangyangii	0.0	0.0	0.0	0.0	0.0	0.0	0.00292	0.0056	0.0	0.0	0.0	0.0	0.20047	0.06757	0.0	0.0
s__Candidatus_Nitrospira_nitrificans	0.0	0.0	0.0	0.0	0.0	0.0	0.00253	0.0	0.0	0.0	0.0	0.0	0.0	0.0	0.0	0.0
s__GGB75400_SGB103187	0.0	0.0	0.0	0.0	0.0	0.0	0.00192	0.0	0.0	0.00141	0.0	0.0	0.0	0.0	0.0	0.0
s__Rhodoplanes_sp_Z2_YC6860	0.0	0.0	0.0	0.0	0.0	0.0	0.0017	0.0	0.0	0.00128	0.0	0.0	0.0	0.0	0.0	0.0
s__Edwardsiella_tarda	0.0	0.0	0.0	0.0	0.0	0.0	0.0	2.09333	0.0	0.0	0.0	0.0	0.0	0.77788	0.0	0.0
s__Prevotella_sp_885	0.0	0.0	0.0	0.0	0.0	0.0	0.0	1.55011	0.0	0.0	0.0	0.0	0.0	0.0	0.0	0.0
s__GGB1147_SGB1474	0.0	0.0	0.0	0.0	0.0	0.0	0.0	1.46621	0.0	0.0	0.0	0.0	0.0	0.0	0.0	0.0
s__GGB4888_SGB6837	0.0	0.0	0.0	0.0	0.0	0.0	0.0	1.10252	0.0	0.0	0.0	0.0	0.21195	0.0	0.17425	0.0
s__GGB1405_SGB1928	0.0	0.0	0.0	0.0	0.0	0.0	0.0	0.6573	0.0	0.0	0.0	0.0	0.0	0.0	0.0	0.0
s__GGB4713_SGB6526	0.0	0.0	0.0	0.0	0.0	0.0	0.0	0.53504	0.0	0.0	0.0	0.0	0.0	0.0	0.0	0.0
s__Candidatus_Campylobacter_infans	0.0	0.0	0.0	0.0	0.0	0.0	0.0	0.52994	0.0	0.0	0.0	0.0	0.0	0.0	0.0	0.0
s__GGB1458_SGB2021	0.0	0.0	0.0	0.0	0.0	0.0	0.0	0.48175	0.0	0.0	0.0	0.0	0.0	0.0	0.00289	0.0
s__GGB1158_SGB1488	0.0	0.0	0.0	0.0	0.0	0.0	0.0	0.45313	0.0	0.0	0.0	0.0	0.0	0.0	0.0	0.0
s__GGB794_SGB1037	0.0	0.0	0.0	0.0	0.0	0.0	0.0	0.38881	0.0	0.0	0.0	0.0	0.0	0.0	0.0	0.0
s__Hallella_faecis	0.0	0.0	0.0	0.0	0.0	0.0	0.0	0.3496	0.0	0.0	0.0	0.0	0.0	0.0	0.0	0.0
s__GGB3862_SGB5239	0.0	0.0	0.0	0.0	0.0	0.0	0.0	0.33588	0.0	0.0	0.0	0.0	0.0	0.0	0.0	0.0
s__GGB9635_SGB15102	0.0	0.0	0.0	0.0	0.0	0.0	0.0	0.31505	0.0	0.0	0.0	0.0	0.0	0.0	0.0	0.0
s__GGB1145_SGB1471	0.0	0.0	0.0	0.0	0.0	0.0	0.0	0.29265	0.0	0.0	0.0	0.0	0.0	0.0	0.0	0.0
s__GGB1632_SGB2240	0.0	0.0	0.0	0.0	0.0	0.0	0.0	0.23441	0.0	0.0	0.0	0.0	0.0	0.0	0.0	0.0
s__GGB1630_SGB2238	0.0	0.0	0.0	0.0	0.0	0.0	0.0	0.23124	0.0	0.0	0.0	0.0	0.0	0.0	0.0	0.0
s__GGB9594_SGB15016	0.0	0.0	0.0	0.0	0.0	0.0	0.0	0.21116	0.0	0.0	0.0	0.0	0.0	0.0	0.0	0.0
s__Faecalibacillus_intestinalis	0.0	0.0	0.0	0.0	0.0	0.0	0.0	0.20829	0.0	0.0	0.0	0.0	0.0	0.0	0.0	0.0
s__Treponema_berlinense	0.0	0.0	0.0	0.0	0.0	0.0	0.0	0.19067	0.0	0.0	0.0	0.0	0.0	0.0	0.0	0.0
s__GGB1123_SGB1437	0.0	0.0	0.0	0.0	0.0	0.0	0.0	0.16447	0.0	0.0	0.0	0.0	0.0	0.0	0.0	0.0
s__Sgatella_sinensis	0.0	0.0	0.0	0.0	0.0	0.0	0.0	0.15943	0.0	0.0	0.0	0.0	0.0	0.0	0.0	0.0
s__Prevotella_SGB1672	0.0	0.0	0.0	0.0	0.0	0.0	0.0	0.15606	0.0	0.0	0.0	0.0	0.0	0.0	0.0	0.0
s__GGB38716_SGB14237	0.0	0.0	0.0	0.0	0.0	0.0	0.0	0.15492	0.0	0.0	0.0	0.0	0.0	0.0	0.0	0.0
s__GGB31460_SGB6499	0.0	0.0	0.0	0.0	0.0	0.0	0.0	0.14661	0.0	0.0	0.0	0.0	0.0	0.0	0.0	0.0
s__GGB4644_SGB6428	0.0	0.0	0.0	0.0	0.0	0.0	0.0	0.13588	0.0	0.0	0.0	0.0	0.0	0.0	0.0	0.0
s__Oscillibacter_valericigenes	0.0	0.0	0.0	0.0	0.0	0.0	0.0	0.13495	0.0	0.0	0.0	0.0	0.0	0.0	0.0	0.0
s__GGB9747_SGB15355	0.0	0.0	0.0	0.0	0.0	0.0	0.0	0.13347	0.0	0.0	0.0	0.0	0.0	0.0	0.0	0.0
s__GGB1266_SGB1699	0.0	0.0	0.0	0.0	0.0	0.0	0.0	0.13138	0.0	0.0	0.0	0.0	0.0	0.0	0.0	0.0
s__Ruminococcus_sp_AF13_28	0.0	0.0	0.0	0.0	0.0	0.0	0.0	0.13052	0.0	0.0	0.0	0.0	0.0	0.0	0.0	0.0
s__GGB4591_SGB6350	0.0	0.0	0.0	0.0	0.0	0.0	0.0	0.12434	0.0	0.0	0.0	0.0	0.0	0.0	0.0	0.0
s__GGB1495_SGB2071	0.0	0.0	0.0	0.0	0.0	0.0	0.0	0.11774	0.0	0.0	0.0	0.0	0.0	0.0	0.0	0.0
s__GGB3616_SGB4890	0.0	0.0	0.0	0.0	0.0	0.0	0.0	0.11384	0.0	0.0	0.0	0.0	0.0	0.0	0.0	0.0
s__Brochothrix_thermosphacta	0.0	0.0	0.0	0.0	0.0	0.0	0.0	0.11274	0.0	0.0	0.0	0.0	0.0	0.0	0.0	0.0
s__GGB1239_SGB1657	0.0	0.0	0.0	0.0	0.0	0.0	0.0	0.11146	0.0	0.0	0.0	0.0	0.0	0.0	0.0	0.0
s__Desulfovibrio_piger	0.0	0.0	0.0	0.0	0.0	0.0	0.0	0.1036	0.0	0.0	0.0	0.0	0.10061	0.0	0.02761	0.0
s__GGB13580_SGB20916	0.0	0.0	0.0	0.0	0.0	0.0	0.0	0.10272	0.0	0.0	0.0	0.0	0.0	0.0	0.0	0.0
s__GGB9158_SGB14095	0.0	0.0	0.0	0.0	0.0	0.0	0.0	0.10217	0.0	0.0	0.0	0.0	0.0	0.0	0.0	0.0
s__Anaerotignum_faecicola	0.0	0.0	0.0	0.0	0.0	0.0	0.0	0.10056	0.0	0.0	0.0	0.0	0.0	0.0	0.07722	0.0
s__Actinomadura_citrea	0.0	0.0	0.0	0.0	0.0	0.0	0.0	0.09773	0.72019	0.12522	0.03414	0.01551	0.0	0.0	0.0	0.0
s__Prevotella_sp_Marseille_P4119	0.0	0.0	0.0	0.0	0.0	0.0	0.0	0.09532	0.0	0.0	0.0	0.0	0.0	0.0	0.0	0.0
s__Ellagibacter_isourolithinifaciens	0.0	0.0	0.0	0.0	0.0	0.0	0.0	0.09247	0.0	0.0	0.0	0.0	0.07058	0.0	0.0	0.0
s__Phascolarctobacterium_succinatutens	0.0	0.0	0.0	0.0	0.0	0.0	0.0	0.09189	0.0	0.0	0.0	0.0	0.00339	0.0	0.00265	0.0
s__GGB1629_SGB2237	0.0	0.0	0.0	0.0	0.0	0.0	0.0	0.0905	0.0	0.0	0.0	0.0	0.0	0.0	0.0	0.0
s__Segatella_sinensis	0.0	0.0	0.0	0.0	0.0	0.0	0.0	0.08963	0.0	0.0	0.0	0.0	0.0	0.0	0.0	0.0
s__GGB1146_SGB1472	0.0	0.0	0.0	0.0	0.0	0.0	0.0	0.08405	0.0	0.0	0.0	0.0	0.0	0.0	0.0	0.0
s__GGB3623_SGB4900	0.0	0.0	0.0	0.0	0.0	0.0	0.0	0.07693	0.0	0.0	0.0	0.0	0.0	0.0	0.0	0.0
s__Phocaeicola_plebeius	0.0	0.0	0.0	0.0	0.0	0.0	0.0	0.07553	0.0	0.0	0.0	0.03452	0.05287	0.0	0.00134	0.0
s__GGB1497_SGB2076	0.0	0.0	0.0	0.0	0.0	0.0	0.0	0.07283	0.0	0.0	0.0	0.0	0.02678	0.0	0.0	0.0
s__Segatella_brasiliensis	0.0	0.0	0.0	0.0	0.0	0.0	0.0	0.07158	0.0	0.0	0.0	0.0	0.0	0.0	0.01835	0.0
s__GGB9342_SGB14306	0.0	0.0	0.0	0.0	0.0	0.0	0.0	0.07064	0.0	0.0	0.0	0.0	0.0	0.0	0.0	0.0
s__GGB1248_SGB1669	0.0	0.0	0.0	0.0	0.0	0.0	0.0	0.06894	0.0	0.0	0.0	0.0	0.0	0.0	0.0	0.0
s__GGB9081_SGB14005	0.0	0.0	0.0	0.0	0.0	0.0	0.0	0.06827	0.0	0.0	0.0	0.0	0.0	0.0	0.0	0.0
s__GGB6594_SGB9325	0.0	0.0	0.0	0.0	0.0	0.0	0.0	0.06576	0.0	0.0	0.0	0.0	0.0	0.0	0.0	0.0
s__Roseburia_inulinivorans	0.0	0.0	0.0	0.0	0.0	0.0	0.0	0.06463	0.0	0.0	0.0	0.0	0.0	0.0	0.0	0.0
s__GGB9383_SGB72489	0.0	0.0	0.0	0.0	0.0	0.0	0.0	0.06315	0.0	0.0	0.0	0.0	0.0	0.0	0.0	0.0
s__Anaerobutyricum_soehngenii	0.0	0.0	0.0	0.0	0.0	0.0	0.0	0.06135	0.0	0.0	0.0	0.0	0.22142	0.0	0.02043	0.0
s__GGB3528_SGB4713	0.0	0.0	0.0	0.0	0.0	0.0	0.0	0.06113	0.0	0.0	0.0	0.0	0.0	0.0	0.0	0.0
s__GGB9634_SGB15097	0.0	0.0	0.0	0.0	0.0	0.0	0.0	0.0578	0.0	0.0	0.0	0.0	0.0	0.0	0.0	0.0
s__Prevotella_SGB1675	0.0	0.0	0.0	0.0	0.0	0.0	0.0	0.05773	0.0	0.0	0.0	0.0	0.0	0.0	0.0	0.0
s__GGB3212_SGB4241	0.0	0.0	0.0	0.0	0.0	0.0	0.0	0.05566	0.0	0.0	0.0	0.0	0.0	0.0	0.0	0.0
s__GGB10708_SGB17364	0.0	0.0	0.0	0.0	0.0	0.0	0.0	0.05294	0.0	0.0	0.0	0.0	0.0	0.0	0.0	0.0
s__Nitrobacter_vulgaris	0.0	0.0	0.0	0.0	0.0	0.0	0.0	0.05186	0.0	0.0	0.0	0.0	0.0	0.0	0.0	0.0
s__GGB1631_SGB2239	0.0	0.0	0.0	0.0	0.0	0.0	0.0	0.05074	0.0	0.0	0.0	0.0	0.0	0.0	0.0	0.0
s__Pseudomonas_fluorescens	0.0	0.0	0.0	0.0	0.0	0.0	0.0	0.04997	0.0	0.0	0.0	0.0	0.0	1.15105	0.0	0.0
s__Prevotella_dentalis	0.0	0.0	0.0	0.0	0.0	0.0	0.0	0.04743	0.0	0.0	0.0	0.0	0.0	0.0	0.0	0.0
s__Sphingopyxis_sp_Root154	0.0	0.0	0.0	0.0	0.0	0.0	0.0	0.04698	0.0	0.0	0.0	0.0	0.0	0.0	0.0	0.0
s__Micromonospora_ureilytica	0.0	0.0	0.0	0.0	0.0	0.0	0.0	0.04659	0.0	0.0	0.0	0.0	0.0	0.0	0.0237	0.0
s__GGB4676_SGB6465	0.0	0.0	0.0	0.0	0.0	0.0	0.0	0.04644	0.0	0.0	0.0	0.0	0.0	0.0	0.0	0.0
s__Moellerella_wisconsensis	0.0	0.0	0.0	0.0	0.0	0.0	0.0	0.04623	0.0	0.0	0.0	0.0	0.0	0.02043	0.0	0.0
s__Oscillospiraceae_unclassified_SGB15252	0.0	0.0	0.0	0.0	0.0	0.0	0.0	0.04352	0.0	0.0	0.0	0.0	0.0	0.0	0.0	0.0
s__GGB3717_SGB5040	0.0	0.0	0.0	0.0	0.0	0.0	0.0	0.0395	0.0	0.0	0.0	0.0	0.0	0.0	0.0	0.0
s__Mammaliicoccus_vitulinus	0.0	0.0	0.0	0.0	0.0	0.0	0.0	0.03903	0.0	0.0	0.0	0.0	0.0	0.0	0.0	0.0142
s__GGB3102_SGB4110	0.0	0.0	0.0	0.0	0.0	0.0	0.0	0.03897	0.0	0.0	0.0	0.0	0.0	0.0	0.0	0.0
s__Nitrosomonas_ureae	0.0	0.0	0.0	0.0	0.0	0.0	0.0	0.03886	0.0	0.0	0.0	0.0	0.0	0.0	0.0	0.0
s__GGB3429_SGB71704	0.0	0.0	0.0	0.0	0.0	0.0	0.0	0.0379	0.0	0.0	0.0	0.0	0.0	0.0	0.0	0.0
s__GGB13463_SGB15285	0.0	0.0	0.0	0.0	0.0	0.0	0.0	0.03636	0.0	0.0	0.0	0.0	0.0	0.0	0.0	0.0
s__Eubacteriaceae_bacterium	0.0	0.0	0.0	0.0	0.0	0.0	0.0	0.03609	0.0	0.0	0.0	0.0	0.01081	0.0	0.0	0.0
s__Clostridium_disporicum	0.0	0.0	0.0	0.0	0.0	0.0	0.0	0.03602	0.0	0.0	0.0	0.0	0.0	0.0	0.0	0.0
s__GGB3722_SGB5050	0.0	0.0	0.0	0.0	0.0	0.0	0.0	0.03564	0.0	0.0	0.0	0.0	0.0	0.0	0.0	0.0
s__GGB9261_SGB14209	0.0	0.0	0.0	0.0	0.0	0.0	0.0	0.03371	0.0	0.0	0.0	0.0	0.0	0.0	0.0	0.0
s__GGB1243_SGB1663	0.0	0.0	0.0	0.0	0.0	0.0	0.0	0.03171	0.0	0.0	0.0	0.0	0.0	0.0	0.0	0.0
s__Clostridiaceae_unclassified_SGB15090	0.0	0.0	0.0	0.0	0.0	0.0	0.0	0.03155	0.0	0.0	0.0	0.0	0.0	0.0	0.0	0.0
s__Victivallis_vadensis	0.0	0.0	0.0	0.0	0.0	0.0	0.0	0.03118	0.0	0.0	0.0	0.0	0.0	0.0	0.0	0.0
s__GGB9420_SGB14786	0.0	0.0	0.0	0.0	0.0	0.0	0.0	0.03117	0.0	0.0	0.0	0.0	0.0	0.0	0.0	0.0
s__GGB4669_SGB6458	0.0	0.0	0.0	0.0	0.0	0.0	0.0	0.03032	0.0	0.0	0.0	0.0	0.0	0.0	0.0	0.0
s__Blautia_glucerasea	0.0	0.0	0.0	0.0	0.0	0.0	0.0	0.03027	0.0	0.0	0.0	0.0	0.0	0.0	0.0	0.0009
s__GGB6011_SGB8639	0.0	0.0	0.0	0.0	0.0	0.0	0.0	0.02854	0.0	0.0	0.0	0.0	0.0	0.0	0.0	0.0
s__Micromonospora_noduli	0.0	0.0	0.0	0.0	0.0	0.0	0.0	0.02848	0.0	0.0	0.0	0.0	0.0	0.0	0.0	0.0
s__GGB6592_SGB9320	0.0	0.0	0.0	0.0	0.0	0.0	0.0	0.02739	0.0	0.0	0.0	0.0	0.0	0.0	0.0	0.0
s__Eubacterium_siraeum	0.0	0.0	0.0	0.0	0.0	0.0	0.0	0.02483	0.0	0.0	0.0	0.0	0.0	0.0	0.0	0.0
s__GGB2998_SGB3989	0.0	0.0	0.0	0.0	0.0	0.0	0.0	0.02352	0.0	0.0	0.0	0.0	0.0	0.0	0.0	0.0
s__GGB35456_SGB71664	0.0	0.0	0.0	0.0	0.0	0.0	0.0	0.02248	0.0	0.0	0.0	0.0	0.0	0.0	0.0	0.0
s__GGB9710_SGB15239	0.0	0.0	0.0	0.0	0.0	0.0	0.0	0.0212	0.0	0.0	0.0	0.0	0.0	0.0	0.0	0.0
s__Micromonospora_rubida	0.0	0.0	0.0	0.0	0.0	0.0	0.0	0.01997	0.0	0.0	0.0	0.0	0.0	0.0	0.0	0.0
s__Intestinibacter_bartlettii	0.0	0.0	0.0	0.0	0.0	0.0	0.0	0.01951	0.0	0.0	0.0	0.0	0.0	0.0	0.0	0.0
s__Micromonospora_jinlongensis	0.0	0.0	0.0	0.0	0.0	0.0	0.0	0.0192	0.07704	0.03611	0.0	0.06074	0.0	0.0	0.0	0.0
s__GGB77497_SGB107062	0.0	0.0	0.0	0.0	0.0	0.0	0.0	0.01908	0.0	0.0	0.0	0.0	0.0	0.0	0.03214	0.0
s__GGB1243_SGB1664	0.0	0.0	0.0	0.0	0.0	0.0	0.0	0.01865	0.0	0.0	0.0	0.0	0.0	0.0	0.0	0.0
s__Senegalimassilia_anaerobia	0.0	0.0	0.0	0.0	0.0	0.0	0.0	0.01789	0.0	0.0	0.0	0.0	0.0	0.0	0.0	0.0
s__GGB9361_SGB14336	0.0	0.0	0.0	0.0	0.0	0.0	0.0	0.01787	0.0	0.0	0.0	0.0	0.0	0.0	0.0	0.0
s__GGB2983_SGB3965	0.0	0.0	0.0	0.0	0.0	0.0	0.0	0.0171	0.0	0.0	0.0	0.0	0.0	0.0	0.0	0.0
s__GGB4602_SGB6365	0.0	0.0	0.0	0.0	0.0	0.0	0.0	0.01691	0.0	0.0	0.0	0.0	0.0	0.0	0.0	0.0
s__GGB3304_SGB4365	0.0	0.0	0.0	0.0	0.0	0.0	0.0	0.01686	0.0	0.0	0.0	0.0	0.03167	0.0	0.0	0.0
s__Coprococcus_comes	0.0	0.0	0.0	0.0	0.0	0.0	0.0	0.01645	0.0	0.0	0.0	0.0	0.0	0.0	0.0	0.0
s__GGB9593_SGB15015	0.0	0.0	0.0	0.0	0.0	0.0	0.0	0.01595	0.0	0.0	0.0	0.0	0.0	0.0	0.0	0.0
s__Eubacterium_maltosivorans	0.0	0.0	0.0	0.0	0.0	0.0	0.0	0.0158	0.0	0.0	0.0	0.0	0.02937	0.0	0.0	0.0
s__GGB9787_SGB15410	0.0	0.0	0.0	0.0	0.0	0.0	0.0	0.01565	0.0	0.0	0.0	0.0	0.0	0.0	0.0	0.0
s__GGB9288_SGB14243	0.0	0.0	0.0	0.0	0.0	0.0	0.0	0.01495	0.0	0.0	0.0	0.0	0.0	0.0	0.0	0.0
s__GGB9059_SGB13976	0.0	0.0	0.0	0.0	0.0	0.0	0.0	0.01459	0.0	0.0	0.0	0.0	0.0	0.0	0.0	0.0
s__Coprococcus_catus	0.0	0.0	0.0	0.0	0.0	0.0	0.0	0.01372	0.0	0.0	0.0	0.0	0.0	0.0	0.0	0.0
s__GGB34228_SGB72916	0.0	0.0	0.0	0.0	0.0	0.0	0.0	0.01351	0.0	0.0	0.0	0.0	0.0	0.0	0.0	0.0
s__Bacteroides_cellulosilyticus	0.0	0.0	0.0	0.0	0.0	0.0	0.0	0.01308	0.0	0.0	0.0	0.0	0.0	0.0	0.0	0.0
s__GGB2998_SGB3988	0.0	0.0	0.0	0.0	0.0	0.0	0.0	0.01193	0.0	0.0	0.0	0.0	0.0	0.0	0.0	0.0
s__Latilactobacillus_sakei	0.0	0.0	0.0	0.0	0.0	0.0	0.0	0.01174	0.0	0.0	0.0	0.0	0.0	0.0	0.0	0.0
s__Catenibacterium_mitsuokai	0.0	0.0	0.0	0.0	0.0	0.0	0.0	0.01106	0.0	0.0	0.0	0.0	0.29749	0.0	0.00254	0.0
s__GGB1249_SGB1670	0.0	0.0	0.0	0.0	0.0	0.0	0.0	0.0109	0.0	0.0	0.0	0.0	0.0	0.0	0.0	0.0
s__GGB9508_SGB14905	0.0	0.0	0.0	0.0	0.0	0.0	0.0	0.01025	0.0	0.0	0.0	0.0	0.0	0.0	0.0	0.0
s__Acinetobacter_sp_ANC_4779	0.0	0.0	0.0	0.0	0.0	0.0	0.0	0.00982	0.0	0.0	0.0	0.0	0.0	0.11144	0.0	0.0
s__GGB9080_SGB14004	0.0	0.0	0.0	0.0	0.0	0.0	0.0	0.00973	0.0	0.0	0.0	0.0	0.0	0.0	0.0	0.0
s__Streptosporangium_pseudovulgare	0.0	0.0	0.0	0.0	0.0	0.0	0.0	0.00933	0.00155	0.0	0.01035	0.00923	0.0	0.0	0.06944	0.0
s__Streptosporangium_roseum	0.0	0.0	0.0	0.0	0.0	0.0	0.0	0.00895	0.09068	0.15356	0.03584	0.1394	0.0	0.0	0.01964	0.0
s__Parabacteroides_bouchesdurhonensis	0.0	0.0	0.0	0.0	0.0	0.0	0.0	0.00866	0.0	0.0	0.0	0.0	0.0	0.0	0.0	0.0
s__Pseudomonas_putida	0.0	0.0	0.0	0.0	0.0	0.0	0.0	0.00853	0.0	0.0	0.0	0.0	0.0	0.0	0.0	0.0
s__GGB4780_SGB6615	0.0	0.0	0.0	0.0	0.0	0.0	0.0	0.00829	0.0	0.0	0.0	0.0	0.0	0.0	0.0	0.0
s__Alistipes_provencensis	0.0	0.0	0.0	0.0	0.0	0.0	0.0	0.00814	0.0	0.0	0.0	0.0	0.0	0.0	0.0	0.0
s__Streptosporangium_saharense	0.0	0.0	0.0	0.0	0.0	0.0	0.0	0.00774	0.00067	0.0	0.00628	0.00575	0.0	0.0	0.02515	0.0
s__Leucobacter_sp_G161	0.0	0.0	0.0	0.0	0.0	0.0	0.0	0.00752	0.0	0.0	0.0	0.0	0.0	0.0	0.0	0.0
s__Lachnospiraceae_bacterium_OM04_12BH	0.0	0.0	0.0	0.0	0.0	0.0	0.0	0.00707	0.0	0.0	0.0	0.0	0.0	0.0	0.0	0.0
s__Blautia_massiliensis	0.0	0.0	0.0	0.0	0.0	0.0	0.0	0.00684	0.0	0.0	0.0	0.0	0.01222	0.0	0.0	0.0
s__Micromonospora_polyrhachis	0.0	0.0	0.0	0.0	0.0	0.0	0.0	0.00634	0.0	0.0	0.0	0.0	0.0	0.0	0.0	0.0
s__Acetivibrio_ethanolgignens	0.0	0.0	0.0	0.0	0.0	0.0	0.0	0.00624	0.0	0.0	0.0	0.0	0.0	0.0	0.0	0.0
s__Luteimonas_sp_SX5	0.0	0.0	0.0	0.0	0.0	0.0	0.0	0.00607	0.0	0.0	0.0	0.0	0.0	0.0	0.0	0.0
s__Bacteroides_thetaiotaomicron	0.0	0.0	0.0	0.0	0.0	0.0	0.0	0.00589	0.0	0.0	0.0	0.02616	0.0	0.0	0.0	0.0
s__Pedobacter_frigoris	0.0	0.0	0.0	0.0	0.0	0.0	0.0	0.00556	0.0	0.0	0.0	0.0	0.0	0.0	0.0	0.0
s__Butyricimonas_virosa	0.0	0.0	0.0	0.0	0.0	0.0	0.0	0.00548	0.0	0.0	0.0	0.0	0.0	0.0	0.0	0.0
s__GGB3755_SGB5104	0.0	0.0	0.0	0.0	0.0	0.0	0.0	0.00437	0.0	0.0	0.0	0.0	0.0	0.0	0.0	0.0
s__Schaalia_SGB17157	0.0	0.0	0.0	0.0	0.0	0.0	0.0	0.00423	0.0	0.0	0.0	0.0	0.0	0.0	0.0	0.0
s__GGB34797_SGB14321	0.0	0.0	0.0	0.0	0.0	0.0	0.0	0.004	0.0	0.0	0.0	0.0	0.0	0.0	0.0	0.0
s__TM7_phylum_sp_oral_taxon_348	0.0	0.0	0.0	0.0	0.0	0.0	0.0	0.00381	0.0	0.0	0.0	0.0	0.0	0.0	0.0	0.0
s__Edwardsiella_hoshinae	0.0	0.0	0.0	0.0	0.0	0.0	0.0	0.00372	0.25344	0.22405	0.0	0.0	0.0	0.0	0.0	0.0
s__GGB3216_SGB4248	0.0	0.0	0.0	0.0	0.0	0.0	0.0	0.00358	0.0	0.0	0.0	0.0	0.0	0.0	0.0	0.0
s__GGB9729_SGB15288	0.0	0.0	0.0	0.0	0.0	0.0	0.0	0.00311	0.0	0.0	0.0	0.0	0.0	0.0	0.0	0.0
s__Oscillibacter_sp_ER4	0.0	0.0	0.0	0.0	0.0	0.0	0.0	0.00306	0.0	0.0	0.0	0.0	0.0	0.0	0.0	0.0
s__Luteimonas_gilva	0.0	0.0	0.0	0.0	0.0	0.0	0.0	0.00296	0.0	0.0	0.0	0.0	0.0	0.0	0.0	0.0
s__Bacteroides_ndongoniae	0.0	0.0	0.0	0.0	0.0	0.0	0.0	0.00293	0.0	0.0	0.0	0.0	0.0	0.0	0.00242	0.0
s__Pyxidicoccus_trucidator	0.0	0.0	0.0	0.0	0.0	0.0	0.0	0.00279	0.0	0.0	0.0	0.0	0.0	0.0	0.0	0.0
s__Neobittarella_massiliensis	0.0	0.0	0.0	0.0	0.0	0.0	0.0	0.00246	0.0	0.0	0.0	0.0	0.0	0.0	0.0	0.0
s__Parabacteroides_chinchillae	0.0	0.0	0.0	0.0	0.0	0.0	0.0	0.00244	0.0	0.0	0.0	0.0	0.0	0.0	0.0	0.0
s__Dorea_sp_AF36_15AT	0.0	0.0	0.0	0.0	0.0	0.0	0.0	0.00176	0.0	0.0	0.0	0.0	0.0	0.0	0.0	0.0
s__Clostridium_sp_D53t1_180928_C8	0.0	0.0	0.0	0.0	0.0	0.0	0.0	0.00162	0.0	0.0	0.0	0.0	0.0	0.0	0.0	0.0
s__GGB3118_SGB4130	0.0	0.0	0.0	0.0	0.0	0.0	0.0	0.00162	0.0	0.0	0.0	0.0	0.0	0.0	0.0	0.0
s__GGB1246_SGB1667	0.0	0.0	0.0	0.0	0.0	0.0	0.0	0.00093	0.0	0.0	0.0	0.0	0.0	0.0	0.0	0.0
s__Rhodococcus_gordoniae	0.0	0.0	0.0	0.0	0.0	0.0	0.0	0.0	7.05528	3.60411	0.0	0.1401	0.0	0.0	0.0	0.0
s__Pseudomonas_nitrititolerans	0.0	0.0	0.0	0.0	0.0	0.0	0.0	0.0	6.69733	3.3473	0.0	0.0	0.0	0.0057	0.0	0.0
s__Timonella_senegalensis	0.0	0.0	0.0	0.0	0.0	0.0	0.0	0.0	2.75103	1.40709	0.00284	0.0	0.106	0.0	0.0	0.0
s__GGB32910_SGB54460	0.0	0.0	0.0	0.0	0.0	0.0	0.0	0.0	1.16604	0.86887	0.89579	0.50859	0.0	0.0	0.0	0.0
s__Comamonas_avium	0.0	0.0	0.0	0.0	0.0	0.0	0.0	0.0	1.02554	0.13256	0.01319	0.08309	1.0556	0.46626	0.0	0.0
s__Pseudomonas_mangrovi	0.0	0.0	0.0	0.0	0.0	0.0	0.0	0.0	0.87822	0.0	0.0	0.0	0.0	0.0	0.0	0.0
s__Flavimobilis_rhizosphaerae	0.0	0.0	0.0	0.0	0.0	0.0	0.0	0.0	0.82533	0.3265	0.0	0.0	0.0	0.0	0.0	0.0
s__Cellulosimicrobium_cellulans	0.0	0.0	0.0	0.0	0.0	0.0	0.0	0.0	0.76137	0.23026	0.0	0.15206	0.0	0.0	0.0	0.0
s__Nonomuraea_cavernae	0.0	0.0	0.0	0.0	0.0	0.0	0.0	0.0	0.45392	0.0	0.0	0.0	0.0	0.0	0.0	0.0
s__Streptomyces_albidoflavus	0.0	0.0	0.0	0.0	0.0	0.0	0.0	0.0	0.3487	0.01325	0.23645	1.47151	0.02691	0.0	0.0	0.0
s__Lysobacter_sp_HDW10	0.0	0.0	0.0	0.0	0.0	0.0	0.0	0.0	0.30778	0.49218	0.0	0.0	0.0	0.00144	0.0	0.0
s__Sphingobacterium_mizutaii	0.0	0.0	0.0	0.0	0.0	0.0	0.0	0.0	0.23122	0.15289	0.02153	0.0	0.0	0.0	0.0	0.0
s__Prescottella_defluvii	0.0	0.0	0.0	0.0	0.0	0.0	0.0	0.0	0.19274	0.0	0.0	0.0	0.0	0.0	0.0	0.0
s__Luteimonas_sp_MC1750	0.0	0.0	0.0	0.0	0.0	0.0	0.0	0.0	0.14088	0.78364	0.0	0.0	0.0	0.0	0.0	0.0
s__Comamonas_aquatica	0.0	0.0	0.0	0.0	0.0	0.0	0.0	0.0	0.12957	0.0	0.03071	0.0	0.02591	0.0	0.0	0.0
s__Pseudomonas_saudiphocaensis	0.0	0.0	0.0	0.0	0.0	0.0	0.0	0.0	0.12486	0.0	0.0	0.0	0.0	0.0	0.0	0.0
s__Erysipelothrix_inopinata	0.0	0.0	0.0	0.0	0.0	0.0	0.0	0.0	0.09805	0.0	0.0	0.0	0.0	0.0	0.0	0.0
s__Enterococcus_durans	0.0	0.0	0.0	0.0	0.0	0.0	0.0	0.0	0.09722	0.0	0.0	0.0	0.02842	0.0	0.0	0.00186
s__Luteimonas_lumbrici	0.0	0.0	0.0	0.0	0.0	0.0	0.0	0.0	0.0843	0.05043	0.0	0.0	0.0	0.00938	0.0	0.0
s__Chryseobacterium_lacus	0.0	0.0	0.0	0.0	0.0	0.0	0.0	0.0	0.07917	0.05676	0.0	0.0	0.0	0.0	0.0	0.0
s__Rhodococcus_pyridinivorans	0.0	0.0	0.0	0.0	0.0	0.0	0.0	0.0	0.07709	0.04722	0.0	0.0	0.0	0.0	0.0	0.0
s__Thermomonas_fusca	0.0	0.0	0.0	0.0	0.0	0.0	0.0	0.0	0.06901	0.0	0.0	0.0	0.0	0.0	0.0	0.0
s__Streptomyces_hirsutus	0.0	0.0	0.0	0.0	0.0	0.0	0.0	0.0	0.06723	0.0	0.0	0.0	0.0	0.0	0.0	0.0
s__Sphingobacterium_bovisgrunnientis	0.0	0.0	0.0	0.0	0.0	0.0	0.0	0.0	0.05467	0.01545	0.1234	0.00563	0.0	0.0	0.0	0.0
s__Cellulomonas_sp_zg_Y338	0.0	0.0	0.0	0.0	0.0	0.0	0.0	0.0	0.0534	0.02894	0.0	0.0	0.0	0.0	0.0	0.0
s__Luteimonas_colneyensis	0.0	0.0	0.0	0.0	0.0	0.0	0.0	0.0	0.05096	0.07477	0.0	0.0	0.0	0.0	0.0	0.0
s__Luteimonas_sp_MC1572	0.0	0.0	0.0	0.0	0.0	0.0	0.0	0.0	0.05013	0.0061	0.0	0.0	0.0	0.0	0.0	0.0
s__Enterococcus_casseliflavus	0.0	0.0	0.0	0.0	0.0	0.0	0.0	0.0	0.04497	0.0	0.39784	0.0	0.0	0.0	0.0	0.0
s__Streptosporangium_amethystogenes	0.0	0.0	0.0	0.0	0.0	0.0	0.0	0.0	0.04214	0.01536	0.0	0.01113	0.0	0.0	0.00319	0.0
s__Pseudochrobactrum_algeriensis	0.0	0.0	0.0	0.0	0.0	0.0	0.0	0.0	0.04025	0.0	0.0	0.0	0.0	0.0	0.0	0.0
s__Usitatibacter_rugosus	0.0	0.0	0.0	0.0	0.0	0.0	0.0	0.0	0.03862	0.03852	0.0	0.00204	0.0	0.0	0.00547	0.0
s__Thermomonas_sp_XSG	0.0	0.0	0.0	0.0	0.0	0.0	0.0	0.0	0.038	0.0	0.0	0.0	0.0	0.0	0.0	0.0
s__Providencia_rettgeri	0.0	0.0	0.0	0.0	0.0	0.0	0.0	0.0	0.03615	0.0	0.0	0.0	0.0	0.0	0.0	0.0
s__Negativibacillus_massiliensis	0.0	0.0	0.0	0.0	0.0	0.0	0.0	0.0	0.0339	0.0089	0.0	0.03285	0.0	0.0	0.00534	0.01608
s__Rhodococcus_sp_CH91	0.0	0.0	0.0	0.0	0.0	0.0	0.0	0.0	0.02534	0.00207	0.0	0.0	0.0	0.0	0.0	0.0
s__Pseudoxanthomonas_indica	0.0	0.0	0.0	0.0	0.0	0.0	0.0	0.0	0.02292	0.0	0.0	0.0	0.0	0.0	0.0	0.0
s__Thermomonas_SGB62036	0.0	0.0	0.0	0.0	0.0	0.0	0.0	0.0	0.02077	0.0	0.0	0.0	0.0	0.0	0.0	0.0
s__Kaistella_pullorum	0.0	0.0	0.0	0.0	0.0	0.0	0.0	0.0	0.02025	0.04382	0.0	0.0	0.0	0.0	0.0	0.0
s__Betaproteobacteria_bacterium_GR16_43	0.0	0.0	0.0	0.0	0.0	0.0	0.0	0.0	0.01957	0.01389	0.0	0.0	0.0	0.0	0.0	0.0
s__Actinocorallia_populi	0.0	0.0	0.0	0.0	0.0	0.0	0.0	0.0	0.01814	0.0	0.0	0.0	0.0	0.0	0.0	0.0
s__Metalysinibacillus_saudimassiliensis	0.0	0.0	0.0	0.0	0.0	0.0	0.0	0.0	0.01763	0.01735	0.0	0.0	0.0	0.0	0.0	0.0
s__Luteimonas_sp_MC1782	0.0	0.0	0.0	0.0	0.0	0.0	0.0	0.0	0.01597	0.0	0.0	0.0	0.0	0.0	0.0	0.0
s__Brevibacterium_iodinum	0.0	0.0	0.0	0.0	0.0	0.0	0.0	0.0	0.01585	0.02993	0.0	0.0	0.0	0.0	0.0	0.0
s__Thermomonas_sp_IMCC34681	0.0	0.0	0.0	0.0	0.0	0.0	0.0	0.0	0.01446	0.0	0.0	0.0	0.0	0.0	0.0	0.0
s__Luteimonas_mephitis	0.0	0.0	0.0	0.0	0.0	0.0	0.0	0.0	0.01355	0.0	0.0	0.0	0.0	0.00836	0.0	0.0
s__Lysobacter_SGB73374	0.0	0.0	0.0	0.0	0.0	0.0	0.0	0.0	0.01281	0.0	0.0	0.0	0.0	0.00107	0.0	0.0
s__Erysipelothrix_sp_HDW6C	0.0	0.0	0.0	0.0	0.0	0.0	0.0	0.0	0.01266	0.0	0.0	0.0	0.0	0.0	0.0	0.0
s__Sphingobacterium_faecale	0.0	0.0	0.0	0.0	0.0	0.0	0.0	0.0	0.01185	0.0	0.0	0.0	0.0	0.0	0.0	0.0
s__GGB77898_SGB108035	0.0	0.0	0.0	0.0	0.0	0.0	0.0	0.0	0.01175	0.0	0.0	0.0	0.0	0.01297	0.0	0.0
s__Sphingobacterium_yanglingense	0.0	0.0	0.0	0.0	0.0	0.0	0.0	0.0	0.00942	0.0	0.0	0.0	0.0	0.0	0.0	0.0
s__Rhodococcus_yananensis	0.0	0.0	0.0	0.0	0.0	0.0	0.0	0.0	0.00894	0.0	0.0	0.0	0.0	0.0	0.0	0.0
s__Sphingobacterium_sp_DK4209	0.0	0.0	0.0	0.0	0.0	0.0	0.0	0.0	0.00858	0.0	0.0148	0.0	0.01962	0.0	0.0	0.0
s__Sanguibacter_sp_HDW7	0.0	0.0	0.0	0.0	0.0	0.0	0.0	0.0	0.00829	0.0	0.0	0.0	0.0	0.0	0.0	0.0
s__Bacteroides_caecigallinarum	0.0	0.0	0.0	0.0	0.0	0.0	0.0	0.0	0.00822	0.00566	0.0	0.2312	0.17235	0.0	0.0	0.00082
s__Lysobacter_sp_50	0.0	0.0	0.0	0.0	0.0	0.0	0.0	0.0	0.00787	0.0	0.0	0.0	0.0	0.0	0.0	0.0
s__Lysobacter_profundi	0.0	0.0	0.0	0.0	0.0	0.0	0.0	0.0	0.00706	0.0	0.0	0.0	0.0	0.0	0.0	0.0
s__Pseudomonas_SGB89046	0.0	0.0	0.0	0.0	0.0	0.0	0.0	0.0	0.0069	0.0	0.0	0.0	0.0	0.0	0.0	0.0
s__GGB91591_SGB134380	0.0	0.0	0.0	0.0	0.0	0.0	0.0	0.0	0.00591	0.0	0.0	0.0	0.0	0.0	0.0	0.0
s__Nonomuraea_harbinensis	0.0	0.0	0.0	0.0	0.0	0.0	0.0	0.0	0.00539	0.0	0.01264	0.0	0.0	0.0	0.0	0.0
s__Thermomonas_flagellata	0.0	0.0	0.0	0.0	0.0	0.0	0.0	0.0	0.00486	0.0	0.0	0.0	0.0	0.0	0.0	0.0
s__Arthrobacter_koreensis	0.0	0.0	0.0	0.0	0.0	0.0	0.0	0.0	0.00329	0.00866	0.00118	0.05525	0.00437	0.0	0.0	0.0
s__GGB75534_SGB103331	0.0	0.0	0.0	0.0	0.0	0.0	0.0	0.0	0.0028	0.0	0.0	0.0	0.0	0.0	0.00202	0.0
s__Thermomonas_hydrothermalis	0.0	0.0	0.0	0.0	0.0	0.0	0.0	0.0	0.00226	0.0	0.0	0.0	0.0	0.00472	0.0	0.0
s__Lysobacter_defluvii	0.0	0.0	0.0	0.0	0.0	0.0	0.0	0.0	0.00215	0.0	0.0	0.0	0.0	0.00062	0.0	0.0
s__Luteimonas_arsenica	0.0	0.0	0.0	0.0	0.0	0.0	0.0	0.0	0.00186	0.0	0.0	0.0	0.0	0.0	0.0	0.0
s__Rhodococcus_sp_SGAir0479	0.0	0.0	0.0	0.0	0.0	0.0	0.0	0.0	0.0017	0.00473	0.0	0.0	0.0	0.0	0.0	0.0
s__Silanimonas_lenta	0.0	0.0	0.0	0.0	0.0	0.0	0.0	0.0	0.00125	0.0	0.0	0.0	0.0	0.00071	0.0	0.0
s__Mizugakiibacter_sediminis	0.0	0.0	0.0	0.0	0.0	0.0	0.0	0.0	0.00072	0.0	0.0	0.0	0.0	0.0	0.0	0.0
s__GGB53673_SGB74810	0.0	0.0	0.0	0.0	0.0	0.0	0.0	0.0	0.0	1.2425	0.04061	0.0	0.0	0.0	0.0	0.0
s__GGB44132_SGB129180	0.0	0.0	0.0	0.0	0.0	0.0	0.0	0.0	0.0	0.10491	0.0	0.0	0.0	0.0	0.0	0.0
s__GGB15791_SGB24034	0.0	0.0	0.0	0.0	0.0	0.0	0.0	0.0	0.0	0.06974	0.0	0.0	0.0	0.0	0.0	0.0
s__GGB94865_SGB129202	0.0	0.0	0.0	0.0	0.0	0.0	0.0	0.0	0.0	0.06219	0.0	0.0	0.0	0.0	0.0	0.0
s__Actinobacteria_bacterium	0.0	0.0	0.0	0.0	0.0	0.0	0.0	0.0	0.0	0.05832	0.0	0.0	0.0	0.0	0.0	0.0
s__GGB35532_SGB55446	0.0	0.0	0.0	0.0	0.0	0.0	0.0	0.0	0.0	0.05807	0.0	0.00288	0.0	0.0	0.0	0.0
s__Tenggerimyces_flavus	0.0	0.0	0.0	0.0	0.0	0.0	0.0	0.0	0.0	0.04997	0.0	0.0	0.0	0.0	0.0	0.0
s__GGB78197_SGB107723	0.0	0.0	0.0	0.0	0.0	0.0	0.0	0.0	0.0	0.04986	0.0	0.0	0.0	0.0	0.0	0.0
s__GGB94514_SGB128778	0.0	0.0	0.0	0.0	0.0	0.0	0.0	0.0	0.0	0.03942	0.00292	0.0	0.0	0.0	0.0	0.0
s__GGB32066_SGB24035	0.0	0.0	0.0	0.0	0.0	0.0	0.0	0.0	0.0	0.03913	0.0	0.0	0.0	0.0	0.0	0.0
s__GGB3600_SGB4860	0.0	0.0	0.0	0.0	0.0	0.0	0.0	0.0	0.0	0.0358	0.0	0.0	0.0	0.0	0.0	0.0
s__GGB64317_SGB86773	0.0	0.0	0.0	0.0	0.0	0.0	0.0	0.0	0.0	0.02775	0.0	0.0	0.0	0.0	0.0	0.0
s__Thermoleophilia_bacterium_SCSIO_60948	0.0	0.0	0.0	0.0	0.0	0.0	0.0	0.0	0.0	0.02536	0.0	0.0	0.0	0.0	0.0	0.0
s__GGB34977_SGB55943	0.0	0.0	0.0	0.0	0.0	0.0	0.0	0.0	0.0	0.02504	0.0	0.0	0.0	0.0	0.0	0.0
s__GGB95275_SGB130650	0.0	0.0	0.0	0.0	0.0	0.0	0.0	0.0	0.0	0.02464	0.0	0.0	0.0	0.0	0.0	0.0
s__GGB40004_SGB55222	0.0	0.0	0.0	0.0	0.0	0.0	0.0	0.0	0.0	0.02401	0.0	0.0	0.0	0.0	0.0	0.0
s__GGB64208_SGB86622	0.0	0.0	0.0	0.0	0.0	0.0	0.0	0.0	0.0	0.02209	0.0	0.0	0.0	0.0	0.0	0.0
s__GGB33657_SGB66068	0.0	0.0	0.0	0.0	0.0	0.0	0.0	0.0	0.0	0.0217	0.0	0.0	0.0	0.0	0.0	0.0
s__Streptomyces_sp_ISL_1	0.0	0.0	0.0	0.0	0.0	0.0	0.0	0.0	0.0	0.02141	0.0	0.0	0.0	0.0	0.0	0.0
s__GGB95110_SGB128512	0.0	0.0	0.0	0.0	0.0	0.0	0.0	0.0	0.0	0.02062	0.0	0.0	0.0	0.0	0.0	0.0
s__GGB69372_SGB93527	0.0	0.0	0.0	0.0	0.0	0.0	0.0	0.0	0.0	0.01986	0.0	0.0	0.0	0.0	0.0	0.0
s__GGB52695_SGB73593	0.0	0.0	0.0	0.0	0.0	0.0	0.0	0.0	0.0	0.01886	0.0	0.0	0.0	0.0	0.0	0.0
s__Gaiella_occulta	0.0	0.0	0.0	0.0	0.0	0.0	0.0	0.0	0.0	0.01802	0.0	0.0	0.0	0.0	0.0	0.0
s__Sphingobacterium_alimentarium	0.0	0.0	0.0	0.0	0.0	0.0	0.0	0.0	0.0	0.01627	0.0	0.0	0.0	0.0	0.0	0.0
s__Rhabdothermincola_sediminis	0.0	0.0	0.0	0.0	0.0	0.0	0.0	0.0	0.0	0.01602	0.0	0.0	0.0	0.0	0.0	0.0
s__GGB8530_SGB13265	0.0	0.0	0.0	0.0	0.0	0.0	0.0	0.0	0.0	0.01565	0.0	0.0	0.0	0.0	0.0	0.0
s__GGB94400_SGB128248	0.0	0.0	0.0	0.0	0.0	0.0	0.0	0.0	0.0	0.01515	0.0	0.0	0.0	0.0	0.0	0.0
s__GGB52678_SGB73566	0.0	0.0	0.0	0.0	0.0	0.0	0.0	0.0	0.0	0.01433	0.0	0.0	0.0	0.0	0.0	0.0
s__Actinomarinicola_tropica	0.0	0.0	0.0	0.0	0.0	0.0	0.0	0.0	0.0	0.01423	0.0	0.0	0.0	0.0	0.0	0.0
s__GGB52740_SGB73645	0.0	0.0	0.0	0.0	0.0	0.0	0.0	0.0	0.0	0.01337	0.0	0.0	0.0	0.0	0.0	0.0
s__GGB52743_SGB73649	0.0	0.0	0.0	0.0	0.0	0.0	0.0	0.0	0.0	0.01123	0.0	0.0	0.0	0.0	0.0	0.0
s__Phocaeicola_coprophilus	0.0	0.0	0.0	0.0	0.0	0.0	0.0	0.0	0.0	0.00978	0.0	1.96894	0.0	0.0	0.0	0.0
s__GGB64123_SGB86533	0.0	0.0	0.0	0.0	0.0	0.0	0.0	0.0	0.0	0.00977	0.0	0.0	0.0	0.0	0.0	0.0
s__GGB93019_SGB131346	0.0	0.0	0.0	0.0	0.0	0.0	0.0	0.0	0.0	0.00962	0.0	0.0	0.0	0.0	0.0	0.0
s__GGB94644_SGB128987	0.0	0.0	0.0	0.0	0.0	0.0	0.0	0.0	0.0	0.00865	0.0	0.0	0.0	0.0	0.0	0.0
s__GGB94471_SGB128739	0.0	0.0	0.0	0.0	0.0	0.0	0.0	0.0	0.0	0.00863	0.0	0.0	0.0	0.0	0.0	0.0
s__GGB78248_SGB131375	0.0	0.0	0.0	0.0	0.0	0.0	0.0	0.0	0.0	0.00803	0.0	0.0	0.0	0.0	0.0	0.0
s__GGB64869_SGB87702	0.0	0.0	0.0	0.0	0.0	0.0	0.0	0.0	0.0	0.00745	0.0	0.0	0.0	0.0	0.0	0.0
s__GGB90945_SGB128005	0.0	0.0	0.0	0.0	0.0	0.0	0.0	0.0	0.0	0.00739	0.0	0.0	0.0	0.0	0.0	0.0
s__Aquihabitans_sp_Kera_3	0.0	0.0	0.0	0.0	0.0	0.0	0.0	0.0	0.0	0.00646	0.0	0.0	0.0	0.0	0.0	0.0
s__GGB95251_SGB130640	0.0	0.0	0.0	0.0	0.0	0.0	0.0	0.0	0.0	0.00633	0.0	0.0	0.0	0.0	0.0	0.0
s__GGB52834_SGB73753	0.0	0.0	0.0	0.0	0.0	0.0	0.0	0.0	0.0	0.00493	0.0	0.0	0.0	0.0	0.0	0.0
s__GGB92400_SGB132999	0.0	0.0	0.0	0.0	0.0	0.0	0.0	0.0	0.0	0.00401	0.0	0.0	0.0	0.0	0.0	0.0
s__GGB44129_SGB61523	0.0	0.0	0.0	0.0	0.0	0.0	0.0	0.0	0.0	0.00397	0.0	0.0	0.0	0.0	0.0	0.0
s__GGB64168_SGB86580	0.0	0.0	0.0	0.0	0.0	0.0	0.0	0.0	0.0	0.00342	0.0	0.0	0.0	0.0	0.0	0.0
s__GGB92597_SGB133367	0.0	0.0	0.0	0.0	0.0	0.0	0.0	0.0	0.0	0.00283	0.0	0.0	0.0	0.0	0.0	0.0
s__GGB94212_SGB130135	0.0	0.0	0.0	0.0	0.0	0.0	0.0	0.0	0.0	0.00249	0.0	0.0	0.0	0.0	0.0	0.0
s__GGB94223_SGB129947	0.0	0.0	0.0	0.0	0.0	0.0	0.0	0.0	0.0	0.00233	0.0	0.0	0.0	0.0	0.0	0.0
s__GGB36005_SGB55867	0.0	0.0	0.0	0.0	0.0	0.0	0.0	0.0	0.0	0.00195	0.0	0.0	0.0	0.0	0.0	0.0
s__Gemmatirosa_kalamazoonensis	0.0	0.0	0.0	0.0	0.0	0.0	0.0	0.0	0.0	0.00191	0.0	0.0	0.0	0.0	0.0	0.0
s__GGB64188_SGB86601	0.0	0.0	0.0	0.0	0.0	0.0	0.0	0.0	0.0	0.00189	0.0	0.0	0.0	0.0	0.0	0.0
s__Opitutus_sp_GAS368	0.0	0.0	0.0	0.0	0.0	0.0	0.0	0.0	0.0	0.00189	0.0	0.0	0.0	0.0	0.0	0.0
s__GGB34274_SGB55238	0.0	0.0	0.0	0.0	0.0	0.0	0.0	0.0	0.0	0.00159	0.0	0.0	0.0	0.0	0.0	0.0
s__Betaproteobacteria_bacterium	0.0	0.0	0.0	0.0	0.0	0.0	0.0	0.0	0.0	0.00147	0.0	0.0	0.0	0.0	0.0	0.0
s__Aciditerrimonas_ferrireducens	0.0	0.0	0.0	0.0	0.0	0.0	0.0	0.0	0.0	0.00074	0.0	0.0	0.0	0.0	0.0	0.0
s__Fusobacterium_varium	0.0	0.0	0.0	0.0	0.0	0.0	0.0	0.0	0.0	0.0	1.34864	0.0	0.0	0.0	0.0	0.0
s__GGB3602_SGB66069	0.0	0.0	0.0	0.0	0.0	0.0	0.0	0.0	0.0	0.0	0.15608	0.0	0.0	0.0	0.99808	2.04763
s__Streptomyces_silvae	0.0	0.0	0.0	0.0	0.0	0.0	0.0	0.0	0.0	0.0	0.12872	0.0	0.25045	0.0	0.0	0.0
s__Acinetobacter_amyesii	0.0	0.0	0.0	0.0	0.0	0.0	0.0	0.0	0.0	0.0	0.12232	0.06209	0.0	0.0	0.0	0.0
s__Microbacterium_sp_H1_D42	0.0	0.0	0.0	0.0	0.0	0.0	0.0	0.0	0.0	0.0	0.06333	0.0	0.0	0.0	0.0	0.0
s__Actinomadura_catellatispora	0.0	0.0	0.0	0.0	0.0	0.0	0.0	0.0	0.0	0.0	0.05821	0.0	0.0	0.0	0.0	0.0
s__Glutamicibacter_soli	0.0	0.0	0.0	0.0	0.0	0.0	0.0	0.0	0.0	0.0	0.05378	0.0	0.0	0.0	0.0	0.0
s__Nocardiopsis_listeri	0.0	0.0	0.0	0.0	0.0	0.0	0.0	0.0	0.0	0.0	0.04474	0.0	0.0	0.07883	0.0	0.0
s__Pseudomonas_knackmussii	0.0	0.0	0.0	0.0	0.0	0.0	0.0	0.0	0.0	0.0	0.04393	0.0	0.0	0.0	0.0	0.0
s__Sporosarcina_koreensis	0.0	0.0	0.0	0.0	0.0	0.0	0.0	0.0	0.0	0.0	0.03953	0.0	0.0	0.0	0.0	0.0
s__Nocardiopsis_sp_JB363	0.0	0.0	0.0	0.0	0.0	0.0	0.0	0.0	0.0	0.0	0.03773	0.0	0.0	0.3938	0.0	0.0
s__Clostridium_polynesiense	0.0	0.0	0.0	0.0	0.0	0.0	0.0	0.0	0.0	0.0	0.03531	0.00537	0.0	0.0	0.0	0.0
s__Streptomyces_cyaneofuscatus	0.0	0.0	0.0	0.0	0.0	0.0	0.0	0.0	0.0	0.0	0.03113	0.0	0.0	0.0	0.0	0.0
s__Rhodococcus_sp_Q	0.0	0.0	0.0	0.0	0.0	0.0	0.0	0.0	0.0	0.0	0.01777	0.0	0.0	0.0	0.0	0.0
s__Mycolicibacterium_lutetiense	0.0	0.0	0.0	0.0	0.0	0.0	0.0	0.0	0.0	0.0	0.01443	0.0	0.0	0.0	0.0	0.0
s__Sporosarcina_newyorkensis	0.0	0.0	0.0	0.0	0.0	0.0	0.0	0.0	0.0	0.0	0.01325	0.0	0.0	0.0	0.0	0.0
s__Pseudomonas_seleniipraecipitans	0.0	0.0	0.0	0.0	0.0	0.0	0.0	0.0	0.0	0.0	0.0096	0.0	0.0	1.50144	0.0	0.0
s__Vibrio_diabolicus	0.0	0.0	0.0	0.0	0.0	0.0	0.0	0.0	0.0	0.0	0.00695	0.0	0.0	0.0	0.0	0.0
s__Nocardia_speluncae	0.0	0.0	0.0	0.0	0.0	0.0	0.0	0.0	0.0	0.0	0.00658	0.0	0.0	0.0	0.0	0.0
s__Virgibacillus_sp_SK37	0.0	0.0	0.0	0.0	0.0	0.0	0.0	0.0	0.0	0.0	0.00573	0.0	0.0	0.0	0.0	0.0
s__Streptomyces_prasinopilosus	0.0	0.0	0.0	0.0	0.0	0.0	0.0	0.0	0.0	0.0	0.003	0.0	0.0	0.0	0.0	0.0
s__Citrobacter_portucalensis	0.0	0.0	0.0	0.0	0.0	0.0	0.0	0.0	0.0	0.0	0.0	0.65664	0.0	0.0	0.0	0.0
s__Photobacterium_damselae	0.0	0.0	0.0	0.0	0.0	0.0	0.0	0.0	0.0	0.0	0.0	0.33557	0.0	0.0	0.0	0.0
s__GGB9724_SGB15278	0.0	0.0	0.0	0.0	0.0	0.0	0.0	0.0	0.0	0.0	0.0	0.204	0.0	0.0	0.0	0.05667
s__Campylobacter_jejuni	0.0	0.0	0.0	0.0	0.0	0.0	0.0	0.0	0.0	0.0	0.0	0.15311	0.0	0.0	0.0	0.0
s__Streptomyces_thermocarboxydus	0.0	0.0	0.0	0.0	0.0	0.0	0.0	0.0	0.0	0.0	0.0	0.144	0.0	0.0	0.0	0.0
s__Streptococcus_salivarius	0.0	0.0	0.0	0.0	0.0	0.0	0.0	0.0	0.0	0.0	0.0	0.11777	0.0	0.05227	0.0	0.13626
s__Streptomyces_nigra	0.0	0.0	0.0	0.0	0.0	0.0	0.0	0.0	0.0	0.0	0.0	0.09731	0.0	0.0	0.0	0.0
s__Erysipelatoclostridium_ramosum	0.0	0.0	0.0	0.0	0.0	0.0	0.0	0.0	0.0	0.0	0.0	0.09411	0.0	0.0	0.00818	0.0879
s__Micromonospora_aurantiaca	0.0	0.0	0.0	0.0	0.0	0.0	0.0	0.0	0.0	0.0	0.0	0.082	0.0	0.0	0.0	0.0
s__Phenylobacterium_sp_Root1277	0.0	0.0	0.0	0.0	0.0	0.0	0.0	0.0	0.0	0.0	0.0	0.0814	0.0	0.0	0.0	0.0
s__Cellvibrio_sp_PSBB006	0.0	0.0	0.0	0.0	0.0	0.0	0.0	0.0	0.0	0.0	0.0	0.04939	0.0	0.0	0.0	0.0
s__Streptococcus_thermophilus	0.0	0.0	0.0	0.0	0.0	0.0	0.0	0.0	0.0	0.0	0.0	0.03843	0.0	0.0	0.0	0.04445
s__Clostridiales_bacterium	0.0	0.0	0.0	0.0	0.0	0.0	0.0	0.0	0.0	0.0	0.0	0.03816	0.0	0.0	0.01839	0.14373
s__Streptococcus_oralis	0.0	0.0	0.0	0.0	0.0	0.0	0.0	0.0	0.0	0.0	0.0	0.03599	0.0	0.0	0.0	0.0
s__Stenotrophomonas_maltophilia	0.0	0.0	0.0	0.0	0.0	0.0	0.0	0.0	0.0	0.0	0.0	0.03462	0.0	0.0	0.0	0.0
s__Achromobacter_kerstersii	0.0	0.0	0.0	0.0	0.0	0.0	0.0	0.0	0.0	0.0	0.0	0.03416	0.05053	0.0	0.0	0.0
s__Corynebacterium_deserti	0.0	0.0	0.0	0.0	0.0	0.0	0.0	0.0	0.0	0.0	0.0	0.03175	0.0	0.0	0.0	0.0
s__Streptococcus_vestibularis	0.0	0.0	0.0	0.0	0.0	0.0	0.0	0.0	0.0	0.0	0.0	0.0293	0.0	0.0	0.0	0.0
s__Achromobacter_pestifer	0.0	0.0	0.0	0.0	0.0	0.0	0.0	0.0	0.0	0.0	0.0	0.02588	0.0	0.0	0.0	0.0
s__Hydrogenophaga_intermedia	0.0	0.0	0.0	0.0	0.0	0.0	0.0	0.0	0.0	0.0	0.0	0.01913	0.0	0.0	0.0	0.0
s__GGB3511_SGB4688	0.0	0.0	0.0	0.0	0.0	0.0	0.0	0.0	0.0	0.0	0.0	0.01883	0.0	0.0	0.0	0.00864
s__GGB79395_SGB105947	0.0	0.0	0.0	0.0	0.0	0.0	0.0	0.0	0.0	0.0	0.0	0.01753	0.0	0.0	0.0	0.00318
s__Sphingobacteriaceae_bacterium_DW12	0.0	0.0	0.0	0.0	0.0	0.0	0.0	0.0	0.0	0.0	0.0	0.01511	0.00519	0.0	0.0	0.0
s__Ramlibacter_sp_HM2	0.0	0.0	0.0	0.0	0.0	0.0	0.0	0.0	0.0	0.0	0.0	0.01095	0.0	0.0	0.0	0.0
s__Iamia_sp_SCSIO_61187	0.0	0.0	0.0	0.0	0.0	0.0	0.0	0.0	0.0	0.0	0.0	0.00907	0.0	0.0	0.0	0.0
s__Ramlibacter_humi	0.0	0.0	0.0	0.0	0.0	0.0	0.0	0.0	0.0	0.0	0.0	0.00876	0.0	0.0	0.0	0.0
s__Acinetobacter_sp_ANC_3813	0.0	0.0	0.0	0.0	0.0	0.0	0.0	0.0	0.0	0.0	0.0	0.0085	0.0	0.0	0.0	0.0
s__Anaerofustis_stercorihominis	0.0	0.0	0.0	0.0	0.0	0.0	0.0	0.0	0.0	0.0	0.0	0.00766	0.0	0.0	0.0	0.0
s__Streptococcus_cristatus	0.0	0.0	0.0	0.0	0.0	0.0	0.0	0.0	0.0	0.0	0.0	0.00145	0.0	0.0	0.0	0.00438
s__Ramlibacter_sp_B156	0.0	0.0	0.0	0.0	0.0	0.0	0.0	0.0	0.0	0.0	0.0	0.00099	0.0	0.0	0.0	0.0
s__Flavobacterium_endophyticum	0.0	0.0	0.0	0.0	0.0	0.0	0.0	0.0	0.0	0.0	0.0	0.0	3.07615	0.0	0.0	0.0
s__Arcanobacterium_haemolyticum	0.0	0.0	0.0	0.0	0.0	0.0	0.0	0.0	0.0	0.0	0.0	0.0	0.25722	0.0	0.0	0.0
s__Variovorax_paradoxus	0.0	0.0	0.0	0.0	0.0	0.0	0.0	0.0	0.0	0.0	0.0	0.0	0.22029	0.0	0.0	0.0
s__Parabacteroides_sp_AGMB00274	0.0	0.0	0.0	0.0	0.0	0.0	0.0	0.0	0.0	0.0	0.0	0.0	0.20976	0.0	0.05885	0.00174
s__Dorea_formicigenerans	0.0	0.0	0.0	0.0	0.0	0.0	0.0	0.0	0.0	0.0	0.0	0.0	0.16599	0.0	0.0	0.0
s__Ruthenibacterium_lactatiformans	0.0	0.0	0.0	0.0	0.0	0.0	0.0	0.0	0.0	0.0	0.0	0.0	0.15177	0.0	0.0	0.03685
s__Anaerostipes_hadrus	0.0	0.0	0.0	0.0	0.0	0.0	0.0	0.0	0.0	0.0	0.0	0.0	0.13884	0.0	0.0	0.0
s__GGB63971_SGB86357	0.0	0.0	0.0	0.0	0.0	0.0	0.0	0.0	0.0	0.0	0.0	0.0	0.0562	0.0	0.0	0.0
s__Sarcina_ventriculi	0.0	0.0	0.0	0.0	0.0	0.0	0.0	0.0	0.0	0.0	0.0	0.0	0.05363	0.0	0.0	0.0
s__GGB3859_SGB5234	0.0	0.0	0.0	0.0	0.0	0.0	0.0	0.0	0.0	0.0	0.0	0.0	0.0414	0.0	0.0	0.0
s__Anaerofilum_sp_An201	0.0	0.0	0.0	0.0	0.0	0.0	0.0	0.0	0.0	0.0	0.0	0.0	0.04041	0.0	0.00055	0.07457
s__Wansuia_hejianensis	0.0	0.0	0.0	0.0	0.0	0.0	0.0	0.0	0.0	0.0	0.0	0.0	0.03675	0.0	0.0	0.0
s__Anaerobutyricum_hallii	0.0	0.0	0.0	0.0	0.0	0.0	0.0	0.0	0.0	0.0	0.0	0.0	0.02524	0.0	0.0	0.0
s__Acidovorax_sp_Leaf191	0.0	0.0	0.0	0.0	0.0	0.0	0.0	0.0	0.0	0.0	0.0	0.0	0.01802	0.0	0.0	0.0
s__Pseudomonas_zeae	0.0	0.0	0.0	0.0	0.0	0.0	0.0	0.0	0.0	0.0	0.0	0.0	0.01496	0.0	0.0	0.0
s__GGB57427_SGB104533	0.0	0.0	0.0	0.0	0.0	0.0	0.0	0.0	0.0	0.0	0.0	0.0	0.00854	0.00279	0.0	0.0
s__GGB4684_SGB6478	0.0	0.0	0.0	0.0	0.0	0.0	0.0	0.0	0.0	0.0	0.0	0.0	0.006	0.0	0.0	0.0
s__Arcticibacter_pallidicorallinus	0.0	0.0	0.0	0.0	0.0	0.0	0.0	0.0	0.0	0.0	0.0	0.0	0.00447	0.0	0.0	0.0
s__Herminiimonas_fonticola	0.0	0.0	0.0	0.0	0.0	0.0	0.0	0.0	0.0	0.0	0.0	0.0	0.00431	0.0	0.0	0.0
s__Flavobacterium_hydrophilum	0.0	0.0	0.0	0.0	0.0	0.0	0.0	0.0	0.0	0.0	0.0	0.0	0.00311	0.0	0.0	0.0
s__Achromobacter_sp_Root83	0.0	0.0	0.0	0.0	0.0	0.0	0.0	0.0	0.0	0.0	0.0	0.0	0.00204	0.0	0.0	0.0
s__Pseudomonas_qingdaonensis	0.0	0.0	0.0	0.0	0.0	0.0	0.0	0.0	0.0	0.0	0.0	0.0	0.0	0.71364	0.0	0.0
s__Comamonas_SGB99309	0.0	0.0	0.0	0.0	0.0	0.0	0.0	0.0	0.0	0.0	0.0	0.0	0.0	0.64355	0.0	0.0
s__Chryseobacterium_piscium	0.0	0.0	0.0	0.0	0.0	0.0	0.0	0.0	0.0	0.0	0.0	0.0	0.0	0.48795	0.0	0.0
s__Stutzerimonas_stutzeri	0.0	0.0	0.0	0.0	0.0	0.0	0.0	0.0	0.0	0.0	0.0	0.0	0.0	0.37106	0.0	0.0
s__Listeria_monocytogenes	0.0	0.0	0.0	0.0	0.0	0.0	0.0	0.0	0.0	0.0	0.0	0.0	0.0	0.17373	0.0	0.0
s__Streptococcus_intermedius	0.0	0.0	0.0	0.0	0.0	0.0	0.0	0.0	0.0	0.0	0.0	0.0	0.0	0.12373	0.0	0.00613
s__Leucobacter_sp_L43	0.0	0.0	0.0	0.0	0.0	0.0	0.0	0.0	0.0	0.0	0.0	0.0	0.0	0.11002	0.0	0.0
s__Acidovorax_sp_CCYZU_2555	0.0	0.0	0.0	0.0	0.0	0.0	0.0	0.0	0.0	0.0	0.0	0.0	0.0	0.07733	0.0	0.0
s__Bacillus_subtilis	0.0	0.0	0.0	0.0	0.0	0.0	0.0	0.0	0.0	0.0	0.0	0.0	0.0	0.07524	0.0	0.0
s__Acinetobacter_sp_ANC_4862	0.0	0.0	0.0	0.0	0.0	0.0	0.0	0.0	0.0	0.0	0.0	0.0	0.0	0.07155	0.0	0.0
s__Stenotrophomonas_tumulicola	0.0	0.0	0.0	0.0	0.0	0.0	0.0	0.0	0.0	0.0	0.0	0.0	0.0	0.06208	0.0	0.0
s__Achromobacter_sp_JUb104	0.0	0.0	0.0	0.0	0.0	0.0	0.0	0.0	0.0	0.0	0.0	0.0	0.0	0.05438	0.0	0.0
s__Clostridium_tertium	0.0	0.0	0.0	0.0	0.0	0.0	0.0	0.0	0.0	0.0	0.0	0.0	0.0	0.04899	0.0	0.0
s__Pseudomonas_prosekii	0.0	0.0	0.0	0.0	0.0	0.0	0.0	0.0	0.0	0.0	0.0	0.0	0.0	0.04825	0.0	0.0
s__Pseudomonas_atacamensis	0.0	0.0	0.0	0.0	0.0	0.0	0.0	0.0	0.0	0.0	0.0	0.0	0.0	0.04705	0.0	0.0
s__Flavobacterium_ummariense	0.0	0.0	0.0	0.0	0.0	0.0	0.0	0.0	0.0	0.0	0.0	0.0	0.0	0.04599	0.0	0.0
s__Nocardiopsis_kunsanensis	0.0	0.0	0.0	0.0	0.0	0.0	0.0	0.0	0.0	0.0	0.0	0.0	0.0	0.04512	0.0	0.0
s__Pedobacter_antarcticus	0.0	0.0	0.0	0.0	0.0	0.0	0.0	0.0	0.0	0.0	0.0	0.0	0.0	0.04214	0.0	0.0
s__Rhodococcus_sp_BP22	0.0	0.0	0.0	0.0	0.0	0.0	0.0	0.0	0.0	0.0	0.0	0.0	0.0	0.04094	0.0	0.0
s__Janthinobacterium_sp_AD80	0.0	0.0	0.0	0.0	0.0	0.0	0.0	0.0	0.0	0.0	0.0	0.0	0.0	0.04037	0.0	0.0
s__Flavobacterium_piscis	0.0	0.0	0.0	0.0	0.0	0.0	0.0	0.0	0.0	0.0	0.0	0.0	0.0	0.03792	0.0	0.0
s__Acinetobacter_terrestris	0.0	0.0	0.0	0.0	0.0	0.0	0.0	0.0	0.0	0.0	0.0	0.0	0.0	0.03626	0.0	0.0
s__Pedobacter_quisquiliarum	0.0	0.0	0.0	0.0	0.0	0.0	0.0	0.0	0.0	0.0	0.0	0.0	0.0	0.03304	0.0	0.0
s__Myroides_aquimaris	0.0	0.0	0.0	0.0	0.0	0.0	0.0	0.0	0.0	0.0	0.0	0.0	0.0	0.03037	0.0	0.0
s__Acidovorax_SGB100155	0.0	0.0	0.0	0.0	0.0	0.0	0.0	0.0	0.0	0.0	0.0	0.0	0.0	0.0278	0.0	0.0
s__Microbacterium_liquefaciens	0.0	0.0	0.0	0.0	0.0	0.0	0.0	0.0	0.0	0.0	0.0	0.0	0.0	0.02402	0.0	0.0
s__Arthrobacter_ulcerisalmonis	0.0	0.0	0.0	0.0	0.0	0.0	0.0	0.0	0.0	0.0	0.0	0.0	0.0	0.02372	0.0	0.0
s__Photobacterium_toruni	0.0	0.0	0.0	0.0	0.0	0.0	0.0	0.0	0.0	0.0	0.0	0.0	0.0	0.02336	0.04489	0.01535
s__Pseudoxanthomonas_taiwanensis	0.0	0.0	0.0	0.0	0.0	0.0	0.0	0.0	0.0	0.0	0.0	0.0	0.0	0.01916	0.0	0.0
s__Achromobacter_aestuarii	0.0	0.0	0.0	0.0	0.0	0.0	0.0	0.0	0.0	0.0	0.0	0.0	0.0	0.01417	0.0	0.0
s__Pseudomonas_carnis	0.0	0.0	0.0	0.0	0.0	0.0	0.0	0.0	0.0	0.0	0.0	0.0	0.0	0.01196	0.0	0.0
s__Plantibacter_flavus	0.0	0.0	0.0	0.0	0.0	0.0	0.0	0.0	0.0	0.0	0.0	0.0	0.0	0.01171	0.0	0.0
s__GGB77136_SGB104513	0.0	0.0	0.0	0.0	0.0	0.0	0.0	0.0	0.0	0.0	0.0	0.0	0.0	0.01109	0.0	0.0
s__Paenibacillus_anaericanus	0.0	0.0	0.0	0.0	0.0	0.0	0.0	0.0	0.0	0.0	0.0	0.0	0.0	0.01108	0.0	0.0
s__GGB71800_SGB98783	0.0	0.0	0.0	0.0	0.0	0.0	0.0	0.0	0.0	0.0	0.0	0.0	0.0	0.01096	0.0	0.0
s__Lysobacter_sp_M15	0.0	0.0	0.0	0.0	0.0	0.0	0.0	0.0	0.0	0.0	0.0	0.0	0.0	0.00943	0.0	0.0
s__Pseudoxanthomonas_composti	0.0	0.0	0.0	0.0	0.0	0.0	0.0	0.0	0.0	0.0	0.0	0.0	0.0	0.00924	0.0	0.0
s__Stenotrophomonas_panacihumi	0.0	0.0	0.0	0.0	0.0	0.0	0.0	0.0	0.0	0.0	0.0	0.0	0.0	0.00852	0.0	0.0
s__Acinetobacter_bouvetii	0.0	0.0	0.0	0.0	0.0	0.0	0.0	0.0	0.0	0.0	0.0	0.0	0.0	0.00783	0.0	0.0
s__Pseudomonas_boreopolis	0.0	0.0	0.0	0.0	0.0	0.0	0.0	0.0	0.0	0.0	0.0	0.0	0.0	0.00754	0.0	0.0
s__Venatorbacter_cucullus	0.0	0.0	0.0	0.0	0.0	0.0	0.0	0.0	0.0	0.0	0.0	0.0	0.0	0.00715	0.0	0.0
s__Flavobacterium_hercynium	0.0	0.0	0.0	0.0	0.0	0.0	0.0	0.0	0.0	0.0	0.0	0.0	0.0	0.00706	0.0	0.0
s__Acidovorax_sp_SRB_14	0.0	0.0	0.0	0.0	0.0	0.0	0.0	0.0	0.0	0.0	0.0	0.0	0.0	0.00693	0.0	0.005
s__Lysobacter_silvestris	0.0	0.0	0.0	0.0	0.0	0.0	0.0	0.0	0.0	0.0	0.0	0.0	0.0	0.00636	0.0	0.0
s__Xanthomonas_sp_XNM01	0.0	0.0	0.0	0.0	0.0	0.0	0.0	0.0	0.0	0.0	0.0	0.0	0.0	0.0063	0.0	0.0
s__Lysobacter_spongiicola	0.0	0.0	0.0	0.0	0.0	0.0	0.0	0.0	0.0	0.0	0.0	0.0	0.0	0.00575	0.0	0.0
s__Lysobacter_concretionis	0.0	0.0	0.0	0.0	0.0	0.0	0.0	0.0	0.0	0.0	0.0	0.0	0.0	0.0053	0.0	0.0
s__Pseudoxanthomonas_spadix	0.0	0.0	0.0	0.0	0.0	0.0	0.0	0.0	0.0	0.0	0.0	0.0	0.0	0.00505	0.0	0.0
s__Flavobacterium_dauae	0.0	0.0	0.0	0.0	0.0	0.0	0.0	0.0	0.0	0.0	0.0	0.0	0.0	0.00492	0.0	0.0
s__Lysobacter_tolerans	0.0	0.0	0.0	0.0	0.0	0.0	0.0	0.0	0.0	0.0	0.0	0.0	0.0	0.00417	0.0	0.0
s__Vulcaniibacterium_thermophilum	0.0	0.0	0.0	0.0	0.0	0.0	0.0	0.0	0.0	0.0	0.0	0.0	0.0	0.00405	0.0	0.0
s__Pseudoxanthomonas_kalamensis	0.0	0.0	0.0	0.0	0.0	0.0	0.0	0.0	0.0	0.0	0.0	0.0	0.0	0.00396	0.0	0.0
s__Pseudoxanthomonas_beigongshangi	0.0	0.0	0.0	0.0	0.0	0.0	0.0	0.0	0.0	0.0	0.0	0.0	0.0	0.00362	0.0	0.0
s__Xanthomonas_massiliensis	0.0	0.0	0.0	0.0	0.0	0.0	0.0	0.0	0.0	0.0	0.0	0.0	0.0	0.00341	0.0	0.0
s__Kaistella_sp_97_N_M2	0.0	0.0	0.0	0.0	0.0	0.0	0.0	0.0	0.0	0.0	0.0	0.0	0.0	0.00318	0.0	0.0
s__Arenimonas_oryziterrae	0.0	0.0	0.0	0.0	0.0	0.0	0.0	0.0	0.0	0.0	0.0	0.0	0.0	0.00273	0.0	0.0
s__Flavobacterium_sp_ACN6	0.0	0.0	0.0	0.0	0.0	0.0	0.0	0.0	0.0	0.0	0.0	0.0	0.0	0.00238	0.0	0.0
s__Microbacterium_sp_MYb66	0.0	0.0	0.0	0.0	0.0	0.0	0.0	0.0	0.0	0.0	0.0	0.0	0.0	0.00223	0.0	0.0
s__Flavobacterium_sp_CF136	0.0	0.0	0.0	0.0	0.0	0.0	0.0	0.0	0.0	0.0	0.0	0.0	0.0	0.00216	0.0	0.0
s__Coralloluteibacterium_stylophorae	0.0	0.0	0.0	0.0	0.0	0.0	0.0	0.0	0.0	0.0	0.0	0.0	0.0	0.00203	0.0	0.0
s__Xanthomonadaceae_bacterium_CU05_9	0.0	0.0	0.0	0.0	0.0	0.0	0.0	0.0	0.0	0.0	0.0	0.0	0.0	0.00201	0.0	0.0
s__Actinomyces_bowdenii	0.0	0.0	0.0	0.0	0.0	0.0	0.0	0.0	0.0	0.0	0.0	0.0	0.0	0.00188	0.0	0.0
s__Brevundimonas_pondensis	0.0	0.0	0.0	0.0	0.0	0.0	0.0	0.0	0.0	0.0	0.0	0.0	0.0	0.0009	0.0	0.0
s__Lysobacter_pythonis	0.0	0.0	0.0	0.0	0.0	0.0	0.0	0.0	0.0	0.0	0.0	0.0	0.0	0.00078	0.0	0.0
s__GGB65631_SGB88778	0.0	0.0	0.0	0.0	0.0	0.0	0.0	0.0	0.0	0.0	0.0	0.0	0.0	0.00076	0.0	0.0
s__Peribacillus_psychrosaccharolyticus	0.0	0.0	0.0	0.0	0.0	0.0	0.0	0.0	0.0	0.0	0.0	0.0	0.0	0.00076	0.0	0.0
s__Pseudoxanthomonas_wuyuanensis	0.0	0.0	0.0	0.0	0.0	0.0	0.0	0.0	0.0	0.0	0.0	0.0	0.0	0.00073	0.0	0.0
s__Flavonifractor_SGB105860	0.0	0.0	0.0	0.0	0.0	0.0	0.0	0.0	0.0	0.0	0.0	0.0	0.0	0.0	0.13935	0.1056
s__GGB2726_SGB3668	0.0	0.0	0.0	0.0	0.0	0.0	0.0	0.0	0.0	0.0	0.0	0.0	0.0	0.0	0.12381	0.0
s__Photobacterium_piscicola	0.0	0.0	0.0	0.0	0.0	0.0	0.0	0.0	0.0	0.0	0.0	0.0	0.0	0.0	0.09727	0.0
s__Parvimonas_parva	0.0	0.0	0.0	0.0	0.0	0.0	0.0	0.0	0.0	0.0	0.0	0.0	0.0	0.0	0.08663	0.0
s__GGB6553_SGB9254	0.0	0.0	0.0	0.0	0.0	0.0	0.0	0.0	0.0	0.0	0.0	0.0	0.0	0.0	0.07215	0.0
s__GGB2734_SGB3677	0.0	0.0	0.0	0.0	0.0	0.0	0.0	0.0	0.0	0.0	0.0	0.0	0.0	0.0	0.06269	0.0
s__GGB4571_SGB6321	0.0	0.0	0.0	0.0	0.0	0.0	0.0	0.0	0.0	0.0	0.0	0.0	0.0	0.0	0.03941	0.26255
s__Streptomyces_niveus	0.0	0.0	0.0	0.0	0.0	0.0	0.0	0.0	0.0	0.0	0.0	0.0	0.0	0.0	0.03198	0.0
s__Acinetobacter_kyonggiensis	0.0	0.0	0.0	0.0	0.0	0.0	0.0	0.0	0.0	0.0	0.0	0.0	0.0	0.0	0.03129	0.0
s__Ruminococcus_torques	0.0	0.0	0.0	0.0	0.0	0.0	0.0	0.0	0.0	0.0	0.0	0.0	0.0	0.0	0.02993	0.0
s__Dorea_phocaeensis	0.0	0.0	0.0	0.0	0.0	0.0	0.0	0.0	0.0	0.0	0.0	0.0	0.0	0.0	0.02435	0.04172
s__Pseudoflavonifractor_gallinarum	0.0	0.0	0.0	0.0	0.0	0.0	0.0	0.0	0.0	0.0	0.0	0.0	0.0	0.0	0.01993	0.01926
s__Thermobispora_bispora	0.0	0.0	0.0	0.0	0.0	0.0	0.0	0.0	0.0	0.0	0.0	0.0	0.0	0.0	0.01986	0.0
s__Tyzzerella_nexilis	0.0	0.0	0.0	0.0	0.0	0.0	0.0	0.0	0.0	0.0	0.0	0.0	0.0	0.0	0.01617	0.00361
s__Pseudomonas_guineae	0.0	0.0	0.0	0.0	0.0	0.0	0.0	0.0	0.0	0.0	0.0	0.0	0.0	0.0	0.01413	0.0
s__Micromonospora_sp_AMSO12t	0.0	0.0	0.0	0.0	0.0	0.0	0.0	0.0	0.0	0.0	0.0	0.0	0.0	0.0	0.01273	0.0
s__Pseudomonas_leptonychotis	0.0	0.0	0.0	0.0	0.0	0.0	0.0	0.0	0.0	0.0	0.0	0.0	0.0	0.0	0.01116	0.0
s__Streptomyces_albidus_ex_Kaewkla_and_Franco_2021	0.0	0.0	0.0	0.0	0.0	0.0	0.0	0.0	0.0	0.0	0.0	0.0	0.0	0.0	0.01094	0.0
s__GGB65401_SGB88423	0.0	0.0	0.0	0.0	0.0	0.0	0.0	0.0	0.0	0.0	0.0	0.0	0.0	0.0	0.00729	0.0
s__Lysobacter_antibioticus	0.0	0.0	0.0	0.0	0.0	0.0	0.0	0.0	0.0	0.0	0.0	0.0	0.0	0.0	0.00701	0.0
s__Streptosporangium_subroseum	0.0	0.0	0.0	0.0	0.0	0.0	0.0	0.0	0.0	0.0	0.0	0.0	0.0	0.0	0.00653	0.0
s__GGB28262_SGB40814	0.0	0.0	0.0	0.0	0.0	0.0	0.0	0.0	0.0	0.0	0.0	0.0	0.0	0.0	0.00617	0.00207
s__Acidovorax_radicis	0.0	0.0	0.0	0.0	0.0	0.0	0.0	0.0	0.0	0.0	0.0	0.0	0.0	0.0	0.00615	0.0
s__Photobacterium_sanguinicancri	0.0	0.0	0.0	0.0	0.0	0.0	0.0	0.0	0.0	0.0	0.0	0.0	0.0	0.0	0.00497	0.0
s__Bacteroides_cutis	0.0	0.0	0.0	0.0	0.0	0.0	0.0	0.0	0.0	0.0	0.0	0.0	0.0	0.0	0.00381	0.00095
s__Thermostaphylospora_chromogena	0.0	0.0	0.0	0.0	0.0	0.0	0.0	0.0	0.0	0.0	0.0	0.0	0.0	0.0	0.00379	0.0
s__Acinetobacter_celticus	0.0	0.0	0.0	0.0	0.0	0.0	0.0	0.0	0.0	0.0	0.0	0.0	0.0	0.0	0.00353	0.0
s__Enterococcus_aquimarinus	0.0	0.0	0.0	0.0	0.0	0.0	0.0	0.0	0.0	0.0	0.0	0.0	0.0	0.0	0.00291	0.00182
s__Acinetobacter_pullicarnis	0.0	0.0	0.0	0.0	0.0	0.0	0.0	0.0	0.0	0.0	0.0	0.0	0.0	0.0	0.00268	0.00054
s__Aminobacter_sp_MSH1	0.0	0.0	0.0	0.0	0.0	0.0	0.0	0.0	0.0	0.0	0.0	0.0	0.0	0.0	0.00229	0.0
s__Aliivibrio_sifiae	0.0	0.0	0.0	0.0	0.0	0.0	0.0	0.0	0.0	0.0	0.0	0.0	0.0	0.0	0.00193	0.0
s__Clostridium_spiroforme	0.0	0.0	0.0	0.0	0.0	0.0	0.0	0.0	0.0	0.0	0.0	0.0	0.0	0.0	0.0	0.19579
s__GGB79118_SGB105839	0.0	0.0	0.0	0.0	0.0	0.0	0.0	0.0	0.0	0.0	0.0	0.0	0.0	0.0	0.0	0.10582
s__Oceanisphaera_profunda	0.0	0.0	0.0	0.0	0.0	0.0	0.0	0.0	0.0	0.0	0.0	0.0	0.0	0.0	0.0	0.05533
s__GGB3109_SGB4121	0.0	0.0	0.0	0.0	0.0	0.0	0.0	0.0	0.0	0.0	0.0	0.0	0.0	0.0	0.0	0.05087
s__GGB4729_SGB6551	0.0	0.0	0.0	0.0	0.0	0.0	0.0	0.0	0.0	0.0	0.0	0.0	0.0	0.0	0.0	0.04763
s__GGB4729_SGB6550	0.0	0.0	0.0	0.0	0.0	0.0	0.0	0.0	0.0	0.0	0.0	0.0	0.0	0.0	0.0	0.04246
s__GGB96189_SGB123146	0.0	0.0	0.0	0.0	0.0	0.0	0.0	0.0	0.0	0.0	0.0	0.0	0.0	0.0	0.0	0.03794
s__GGB15589_SGB98507	0.0	0.0	0.0	0.0	0.0	0.0	0.0	0.0	0.0	0.0	0.0	0.0	0.0	0.0	0.0	0.03777
s__GGB42932_SGB60155	0.0	0.0	0.0	0.0	0.0	0.0	0.0	0.0	0.0	0.0	0.0	0.0	0.0	0.0	0.0	0.03477
s__Pseudomonas_sp_C27_2019	0.0	0.0	0.0	0.0	0.0	0.0	0.0	0.0	0.0	0.0	0.0	0.0	0.0	0.0	0.0	0.03472
s__Carnobacterium_jeotgali	0.0	0.0	0.0	0.0	0.0	0.0	0.0	0.0	0.0	0.0	0.0	0.0	0.0	0.0	0.0	0.03119
s__GGB4248_SGB5746	0.0	0.0	0.0	0.0	0.0	0.0	0.0	0.0	0.0	0.0	0.0	0.0	0.0	0.0	0.0	0.02973
s__Agathobaculum_desmolans	0.0	0.0	0.0	0.0	0.0	0.0	0.0	0.0	0.0	0.0	0.0	0.0	0.0	0.0	0.0	0.02904
s__Lawsonibacter_asaccharolyticus	0.0	0.0	0.0	0.0	0.0	0.0	0.0	0.0	0.0	0.0	0.0	0.0	0.0	0.0	0.0	0.02527
s__GGB9491_SGB14888	0.0	0.0	0.0	0.0	0.0	0.0	0.0	0.0	0.0	0.0	0.0	0.0	0.0	0.0	0.0	0.02502
s__GGB72037_SGB99102	0.0	0.0	0.0	0.0	0.0	0.0	0.0	0.0	0.0	0.0	0.0	0.0	0.0	0.0	0.0	0.02501
s__GGB4571_SGB6320	0.0	0.0	0.0	0.0	0.0	0.0	0.0	0.0	0.0	0.0	0.0	0.0	0.0	0.0	0.0	0.02444
s__GGB9469_SGB14862	0.0	0.0	0.0	0.0	0.0	0.0	0.0	0.0	0.0	0.0	0.0	0.0	0.0	0.0	0.0	0.0236
s__GGB59563_SGB123143	0.0	0.0	0.0	0.0	0.0	0.0	0.0	0.0	0.0	0.0	0.0	0.0	0.0	0.0	0.0	0.02352
s__Vibrio_sp_S17_S38	0.0	0.0	0.0	0.0	0.0	0.0	0.0	0.0	0.0	0.0	0.0	0.0	0.0	0.0	0.0	0.02257
s__Psychromonas_sp_SA13A	0.0	0.0	0.0	0.0	0.0	0.0	0.0	0.0	0.0	0.0	0.0	0.0	0.0	0.0	0.0	0.02018
s__Lactococcus_carnosus	0.0	0.0	0.0	0.0	0.0	0.0	0.0	0.0	0.0	0.0	0.0	0.0	0.0	0.0	0.0	0.01408
s__Microbacterium_foliorum	0.0	0.0	0.0	0.0	0.0	0.0	0.0	0.0	0.0	0.0	0.0	0.0	0.0	0.0	0.0	0.01394
s__Lachnospiraceae_unclassified_SGB47637	0.0	0.0	0.0	0.0	0.0	0.0	0.0	0.0	0.0	0.0	0.0	0.0	0.0	0.0	0.0	0.01358
s__Flavobacterium_tegetincola	0.0	0.0	0.0	0.0	0.0	0.0	0.0	0.0	0.0	0.0	0.0	0.0	0.0	0.0	0.0	0.01284
s__Photobacterium_phosphoreum	0.0	0.0	0.0	0.0	0.0	0.0	0.0	0.0	0.0	0.0	0.0	0.0	0.0	0.0	0.0	0.01084
s__Streptococcus_sanguinis	0.0	0.0	0.0	0.0	0.0	0.0	0.0	0.0	0.0	0.0	0.0	0.0	0.0	0.0	0.0	0.01043
s__Streptococcus_parasanguinis	0.0	0.0	0.0	0.0	0.0	0.0	0.0	0.0	0.0	0.0	0.0	0.0	0.0	0.0	0.0	0.00978
s__GGB75959_SGB102469	0.0	0.0	0.0	0.0	0.0	0.0	0.0	0.0	0.0	0.0	0.0	0.0	0.0	0.0	0.0	0.008
s__GGB3680_SGB4995	0.0	0.0	0.0	0.0	0.0	0.0	0.0	0.0	0.0	0.0	0.0	0.0	0.0	0.0	0.0	0.00796
s__Simplicispira_metamorpha	0.0	0.0	0.0	0.0	0.0	0.0	0.0	0.0	0.0	0.0	0.0	0.0	0.0	0.0	0.0	0.00782
s__Arthrobacter_sp_MYb227	0.0	0.0	0.0	0.0	0.0	0.0	0.0	0.0	0.0	0.0	0.0	0.0	0.0	0.0	0.0	0.00761
s__Mediterraneibacter_massiliensis	0.0	0.0	0.0	0.0	0.0	0.0	0.0	0.0	0.0	0.0	0.0	0.0	0.0	0.0	0.0	0.00669
s__Lachnospiraceae_unclassified_SGB106020	0.0	0.0	0.0	0.0	0.0	0.0	0.0	0.0	0.0	0.0	0.0	0.0	0.0	0.0	0.0	0.00647
s__GGB42674_SGB66070	0.0	0.0	0.0	0.0	0.0	0.0	0.0	0.0	0.0	0.0	0.0	0.0	0.0	0.0	0.0	0.00618
s__GGB25053_SGB36975	0.0	0.0	0.0	0.0	0.0	0.0	0.0	0.0	0.0	0.0	0.0	0.0	0.0	0.0	0.0	0.00576
s__Sporosarcina_psychrophila	0.0	0.0	0.0	0.0	0.0	0.0	0.0	0.0	0.0	0.0	0.0	0.0	0.0	0.0	0.0	0.00576
s__Flavonifractor_plautii	0.0	0.0	0.0	0.0	0.0	0.0	0.0	0.0	0.0	0.0	0.0	0.0	0.0	0.0	0.0	0.00574
s__GGB97059_SGB137017	0.0	0.0	0.0	0.0	0.0	0.0	0.0	0.0	0.0	0.0	0.0	0.0	0.0	0.0	0.0	0.00566
s__Phocea_SGB105437	0.0	0.0	0.0	0.0	0.0	0.0	0.0	0.0	0.0	0.0	0.0	0.0	0.0	0.0	0.0	0.00563
s__Mediterraneibacter_SGB4586	0.0	0.0	0.0	0.0	0.0	0.0	0.0	0.0	0.0	0.0	0.0	0.0	0.0	0.0	0.0	0.00484
s__Flavobacterium_sp_TAB_87	0.0	0.0	0.0	0.0	0.0	0.0	0.0	0.0	0.0	0.0	0.0	0.0	0.0	0.0	0.0	0.00464
s__Flavobacterium_sp_HXWNR29	0.0	0.0	0.0	0.0	0.0	0.0	0.0	0.0	0.0	0.0	0.0	0.0	0.0	0.0	0.0	0.00461
s__GGB46797_SGB64687	0.0	0.0	0.0	0.0	0.0	0.0	0.0	0.0	0.0	0.0	0.0	0.0	0.0	0.0	0.0	0.00367
s__Aerococcus_urinaeequi	0.0	0.0	0.0	0.0	0.0	0.0	0.0	0.0	0.0	0.0	0.0	0.0	0.0	0.0	0.0	0.00356
s__Salinibacterium_amurskyense	0.0	0.0	0.0	0.0	0.0	0.0	0.0	0.0	0.0	0.0	0.0	0.0	0.0	0.0	0.0	0.0035
s__GGB51454_SGB71784	0.0	0.0	0.0	0.0	0.0	0.0	0.0	0.0	0.0	0.0	0.0	0.0	0.0	0.0	0.0	0.00329
s__Lachnospiraceae_bacterium_EP_SM_12S_S03	0.0	0.0	0.0	0.0	0.0	0.0	0.0	0.0	0.0	0.0	0.0	0.0	0.0	0.0	0.0	0.00306
s__Buchananella_hordeovulneris	0.0	0.0	0.0	0.0	0.0	0.0	0.0	0.0	0.0	0.0	0.0	0.0	0.0	0.0	0.0	0.00262
s__Agreia_sp_Leaf244	0.0	0.0	0.0	0.0	0.0	0.0	0.0	0.0	0.0	0.0	0.0	0.0	0.0	0.0	0.0	0.00259
s__Gelidibacter_mesophilus	0.0	0.0	0.0	0.0	0.0	0.0	0.0	0.0	0.0	0.0	0.0	0.0	0.0	0.0	0.0	0.00246
s__Thiopseudomonas_alkaliphila	0.0	0.0	0.0	0.0	0.0	0.0	0.0	0.0	0.0	0.0	0.0	0.0	0.0	0.0	0.0	0.00243
s__Salinibacterium_SGB93062	0.0	0.0	0.0	0.0	0.0	0.0	0.0	0.0	0.0	0.0	0.0	0.0	0.0	0.0	0.0	0.00235
s__Collinsella_SGB62963	0.0	0.0	0.0	0.0	0.0	0.0	0.0	0.0	0.0	0.0	0.0	0.0	0.0	0.0	0.0	0.00217
s__Streptococcus_sp_F0442	0.0	0.0	0.0	0.0	0.0	0.0	0.0	0.0	0.0	0.0	0.0	0.0	0.0	0.0	0.0	0.00195
s__GGB65321_SGB88309	0.0	0.0	0.0	0.0	0.0	0.0	0.0	0.0	0.0	0.0	0.0	0.0	0.0	0.0	0.0	0.00188
s__GGB40344_SGB47664	0.0	0.0	0.0	0.0	0.0	0.0	0.0	0.0	0.0	0.0	0.0	0.0	0.0	0.0	0.0	0.00182
s__Leucobacter_denitrificans	0.0	0.0	0.0	0.0	0.0	0.0	0.0	0.0	0.0	0.0	0.0	0.0	0.0	0.0	0.0	0.0018
s__GGB39570_SGB47641	0.0	0.0	0.0	0.0	0.0	0.0	0.0	0.0	0.0	0.0	0.0	0.0	0.0	0.0	0.0	0.00176
s__Massiliimalia_timonensis	0.0	0.0	0.0	0.0	0.0	0.0	0.0	0.0	0.0	0.0	0.0	0.0	0.0	0.0	0.0	0.00151
s__Comamonas_denitrificans	0.0	0.0	0.0	0.0	0.0	0.0	0.0	0.0	0.0	0.0	0.0	0.0	0.0	0.0	0.0	0.0015
s__Collinsella_SGB53890	0.0	0.0	0.0	0.0	0.0	0.0	0.0	0.0	0.0	0.0	0.0	0.0	0.0	0.0	0.0	0.00143
s__Aquabacterium_terrae	0.0	0.0	0.0	0.0	0.0	0.0	0.0	0.0	0.0	0.0	0.0	0.0	0.0	0.0	0.0	0.00141
s__Faecalicatena_contorta	0.0	0.0	0.0	0.0	0.0	0.0	0.0	0.0	0.0	0.0	0.0	0.0	0.0	0.0	0.0	0.00139
s__Flavobacterium_sp_F_340	0.0	0.0	0.0	0.0	0.0	0.0	0.0	0.0	0.0	0.0	0.0	0.0	0.0	0.0	0.0	0.00136
s__Mariniflexile_maritimum	0.0	0.0	0.0	0.0	0.0	0.0	0.0	0.0	0.0	0.0	0.0	0.0	0.0	0.0	0.0	0.00133
s__GGB78011_SGB108234	0.0	0.0	0.0	0.0	0.0	0.0	0.0	0.0	0.0	0.0	0.0	0.0	0.0	0.0	0.0	0.00132
s__GGB47969_SGB106013	0.0	0.0	0.0	0.0	0.0	0.0	0.0	0.0	0.0	0.0	0.0	0.0	0.0	0.0	0.0	0.00126
s__Chryseobacterium_salivictor	0.0	0.0	0.0	0.0	0.0	0.0	0.0	0.0	0.0	0.0	0.0	0.0	0.0	0.0	0.0	0.00112
s__GGB3588_SGB4808	0.0	0.0	0.0	0.0	0.0	0.0	0.0	0.0	0.0	0.0	0.0	0.0	0.0	0.0	0.0	0.00112
s__Massilimicrobiota_timonensis	0.0	0.0	0.0	0.0	0.0	0.0	0.0	0.0	0.0	0.0	0.0	0.0	0.0	0.0	0.0	0.00101
s__Hydrogenophaga_sp_PAMC20947	0.0	0.0	0.0	0.0	0.0	0.0	0.0	0.0	0.0	0.0	0.0	0.0	0.0	0.0	0.0	0.00088
s__Polaromonas_sp_OV174	0.0	0.0	0.0	0.0	0.0	0.0	0.0	0.0	0.0	0.0	0.0	0.0	0.0	0.0	0.0	0.00082
s__Flavobacterium_tibetense	0.0	0.0	0.0	0.0	0.0	0.0	0.0	0.0	0.0	0.0	0.0	0.0	0.0	0.0	0.0	0.00077
s__Polaromonas_vacuolata	0.0	0.0	0.0	0.0	0.0	0.0	0.0	0.0	0.0	0.0	0.0	0.0	0.0	0.0	0.0	0.00074
s__Gelidibacter_gilvus	0.0	0.0	0.0	0.0	0.0	0.0	0.0	0.0	0.0	0.0	0.0	0.0	0.0	0.0	0.0	0.00071
s__GGB47969_SGB65959	0.0	0.0	0.0	0.0	0.0	0.0	0.0	0.0	0.0	0.0	0.0	0.0	0.0	0.0	0.0	0.00069
s__GGB85166_SGB119529	0.0	0.0	0.0	0.0	0.0	0.0	0.0	0.0	0.0	0.0	0.0	0.0	0.0	0.0	0.0	0.00068
s__GGB82120_SGB113575	0.0	0.0	0.0	0.0	0.0	0.0	0.0	0.0	0.0	0.0	0.0	0.0	0.0	0.0	0.0	0.00061
s__Leucobacter_exalbidus	0.0	0.0	0.0	0.0	0.0	0.0	0.0	0.0	0.0	0.0	0.0	0.0	0.0	0.0	0.0	0.00057
s__Algoriphagus_terrigena	0.0	0.0	0.0	0.0	0.0	0.0	0.0	0.0	0.0	0.0	0.0	0.0	0.0	0.0	0.0	0.00033
s__Flavobacterium_sp_LMO9	0.0	0.0	0.0	0.0	0.0	0.0	0.0	0.0	0.0	0.0	0.0	0.0	0.0	0.0	0.0	0.00032
s__GGB47144_SGB65073	0.0	0.0	0.0	0.0	0.0	0.0	0.0	0.0	0.0	0.0	0.0	0.0	0.0	0.0	0.0	0.0003
s__Aliivibrio_sp_EL58	0.0	0.0	0.0	0.0	0.0	0.0	0.0	0.0	0.0	0.0	0.0	0.0	0.0	0.0	0.0	0.00028
s__Collinsella_provencensis	0.0	0.0	0.0	0.0	0.0	0.0	0.0	0.0	0.0	0.0	0.0	0.0	0.0	0.0	0.0	0.00018
s__Chryseobacterium_sp_SNU_WT5	0.0	0.0	0.0	0.0	0.0	0.0	0.0	0.0	0.0	0.0	0.0	0.0	0.0	0.0	0.0	0.00011
